The system is: Linux - 5.10.0-35-amd64 - x86_64
Compiling the C compiler identification source file "CMakeCCompilerId.c" succeeded.
Compiler: /usr/bin/cc 
Build flags: 
Id flags:  

The output was:
0


Compilation of the C compiler identification source "CMakeCCompilerId.c" produced "a.out"

The C compiler identification is GNU, found in "/home/ion/src/cuems/xjadeo/build/CMakeFiles/3.18.4/CompilerIdC/a.out"

Compiling the CXX compiler identification source file "CMakeCXXCompilerId.cpp" succeeded.
Compiler: /usr/bin/c++ 
Build flags: 
Id flags:  

The output was:
0


Compilation of the CXX compiler identification source "CMakeCXXCompilerId.cpp" produced "a.out"

The CXX compiler identification is GNU, found in "/home/ion/src/cuems/xjadeo/build/CMakeFiles/3.18.4/CompilerIdCXX/a.out"

Detecting C compiler ABI info compiled with the following output:
Change Dir: /home/ion/src/cuems/xjadeo/build/CMakeFiles/CMakeTmp

Run Build Command(s):/usr/bin/gmake cmTC_cc91f/fast && /usr/bin/gmake  -f CMakeFiles/cmTC_cc91f.dir/build.make CMakeFiles/cmTC_cc91f.dir/build
gmake[1]: Entering directory '/home/ion/src/cuems/xjadeo/build/CMakeFiles/CMakeTmp'
Building C object CMakeFiles/cmTC_cc91f.dir/CMakeCCompilerABI.c.o
/usr/bin/cc   -v -o CMakeFiles/cmTC_cc91f.dir/CMakeCCompilerABI.c.o -c /usr/share/cmake-3.18/Modules/CMakeCCompilerABI.c
Using built-in specs.
COLLECT_GCC=/usr/bin/cc
OFFLOAD_TARGET_NAMES=nvptx-none:amdgcn-amdhsa:hsa
OFFLOAD_TARGET_DEFAULT=1
Target: x86_64-linux-gnu
Configured with: ../src/configure -v --with-pkgversion='Debian 10.2.1-6' --with-bugurl=file:///usr/share/doc/gcc-10/README.Bugs --enable-languages=c,ada,c++,go,brig,d,fortran,objc,obj-c++,m2 --prefix=/usr --with-gcc-major-version-only --program-suffix=-10 --program-prefix=x86_64-linux-gnu- --enable-shared --enable-linker-build-id --libexecdir=/usr/lib --without-included-gettext --enable-threads=posix --libdir=/usr/lib --enable-nls --enable-bootstrap --enable-clocale=gnu --enable-libstdcxx-debug --enable-libstdcxx-time=yes --with-default-libstdcxx-abi=new --enable-gnu-unique-object --disable-vtable-verify --enable-plugin --enable-default-pie --with-system-zlib --enable-libphobos-checking=release --with-target-system-zlib=auto --enable-objc-gc=auto --enable-multiarch --disable-werror --with-arch-32=i686 --with-abi=m64 --with-multilib-list=m32,m64,mx32 --enable-multilib --with-tune=generic --enable-offload-targets=nvptx-none=/build/gcc-10-Km9U7s/gcc-10-10.2.1/debian/tmp-nvptx/usr,amdgcn-amdhsa=/build/gcc-10-Km9U7s/gcc-10-10.2.1/debian/tmp-gcn/usr,hsa --without-cuda-driver --enable-checking=release --build=x86_64-linux-gnu --host=x86_64-linux-gnu --target=x86_64-linux-gnu --with-build-config=bootstrap-lto-lean --enable-link-mutex
Thread model: posix
Supported LTO compression algorithms: zlib zstd
gcc version 10.2.1 20210110 (Debian 10.2.1-6) 
COLLECT_GCC_OPTIONS='-v' '-o' 'CMakeFiles/cmTC_cc91f.dir/CMakeCCompilerABI.c.o' '-c' '-mtune=generic' '-march=x86-64'
 /usr/lib/gcc/x86_64-linux-gnu/10/cc1 -quiet -v -imultiarch x86_64-linux-gnu /usr/share/cmake-3.18/Modules/CMakeCCompilerABI.c -quiet -dumpbase CMakeCCompilerABI.c -mtune=generic -march=x86-64 -auxbase-strip CMakeFiles/cmTC_cc91f.dir/CMakeCCompilerABI.c.o -version -fasynchronous-unwind-tables -o /tmp/cc0Bpe9t.s
GNU C17 (Debian 10.2.1-6) version 10.2.1 20210110 (x86_64-linux-gnu)
	compiled by GNU C version 10.2.1 20210110, GMP version 6.2.1, MPFR version 4.1.0, MPC version 1.2.0, isl version isl-0.23-GMP

GGC heuristics: --param ggc-min-expand=100 --param ggc-min-heapsize=131072
ignoring nonexistent directory "/usr/local/include/x86_64-linux-gnu"
ignoring nonexistent directory "/usr/lib/gcc/x86_64-linux-gnu/10/include-fixed"
ignoring nonexistent directory "/usr/lib/gcc/x86_64-linux-gnu/10/../../../../x86_64-linux-gnu/include"
#include "..." search starts here:
#include <...> search starts here:
 /usr/lib/gcc/x86_64-linux-gnu/10/include
 /usr/local/include
 /usr/include/x86_64-linux-gnu
 /usr/include
End of search list.
GNU C17 (Debian 10.2.1-6) version 10.2.1 20210110 (x86_64-linux-gnu)
	compiled by GNU C version 10.2.1 20210110, GMP version 6.2.1, MPFR version 4.1.0, MPC version 1.2.0, isl version isl-0.23-GMP

GGC heuristics: --param ggc-min-expand=100 --param ggc-min-heapsize=131072
Compiler executable checksum: 1f803793fa2e3418c492b25e7d3eac2f
COLLECT_GCC_OPTIONS='-v' '-o' 'CMakeFiles/cmTC_cc91f.dir/CMakeCCompilerABI.c.o' '-c' '-mtune=generic' '-march=x86-64'
 as -v --64 -o CMakeFiles/cmTC_cc91f.dir/CMakeCCompilerABI.c.o /tmp/cc0Bpe9t.s
GNU assembler version 2.35.2 (x86_64-linux-gnu) using BFD version (GNU Binutils for Debian) 2.35.2
COMPILER_PATH=/usr/lib/gcc/x86_64-linux-gnu/10/:/usr/lib/gcc/x86_64-linux-gnu/10/:/usr/lib/gcc/x86_64-linux-gnu/:/usr/lib/gcc/x86_64-linux-gnu/10/:/usr/lib/gcc/x86_64-linux-gnu/
LIBRARY_PATH=/usr/lib/gcc/x86_64-linux-gnu/10/:/usr/lib/gcc/x86_64-linux-gnu/10/../../../x86_64-linux-gnu/:/usr/lib/gcc/x86_64-linux-gnu/10/../../../../lib/:/lib/x86_64-linux-gnu/:/lib/../lib/:/usr/lib/x86_64-linux-gnu/:/usr/lib/../lib/:/usr/lib/gcc/x86_64-linux-gnu/10/../../../:/lib/:/usr/lib/
COLLECT_GCC_OPTIONS='-v' '-o' 'CMakeFiles/cmTC_cc91f.dir/CMakeCCompilerABI.c.o' '-c' '-mtune=generic' '-march=x86-64'
Linking C executable cmTC_cc91f
/usr/bin/cmake -E cmake_link_script CMakeFiles/cmTC_cc91f.dir/link.txt --verbose=1
/usr/bin/cc  -v CMakeFiles/cmTC_cc91f.dir/CMakeCCompilerABI.c.o -o cmTC_cc91f 
Using built-in specs.
COLLECT_GCC=/usr/bin/cc
COLLECT_LTO_WRAPPER=/usr/lib/gcc/x86_64-linux-gnu/10/lto-wrapper
OFFLOAD_TARGET_NAMES=nvptx-none:amdgcn-amdhsa:hsa
OFFLOAD_TARGET_DEFAULT=1
Target: x86_64-linux-gnu
Configured with: ../src/configure -v --with-pkgversion='Debian 10.2.1-6' --with-bugurl=file:///usr/share/doc/gcc-10/README.Bugs --enable-languages=c,ada,c++,go,brig,d,fortran,objc,obj-c++,m2 --prefix=/usr --with-gcc-major-version-only --program-suffix=-10 --program-prefix=x86_64-linux-gnu- --enable-shared --enable-linker-build-id --libexecdir=/usr/lib --without-included-gettext --enable-threads=posix --libdir=/usr/lib --enable-nls --enable-bootstrap --enable-clocale=gnu --enable-libstdcxx-debug --enable-libstdcxx-time=yes --with-default-libstdcxx-abi=new --enable-gnu-unique-object --disable-vtable-verify --enable-plugin --enable-default-pie --with-system-zlib --enable-libphobos-checking=release --with-target-system-zlib=auto --enable-objc-gc=auto --enable-multiarch --disable-werror --with-arch-32=i686 --with-abi=m64 --with-multilib-list=m32,m64,mx32 --enable-multilib --with-tune=generic --enable-offload-targets=nvptx-none=/build/gcc-10-Km9U7s/gcc-10-10.2.1/debian/tmp-nvptx/usr,amdgcn-amdhsa=/build/gcc-10-Km9U7s/gcc-10-10.2.1/debian/tmp-gcn/usr,hsa --without-cuda-driver --enable-checking=release --build=x86_64-linux-gnu --host=x86_64-linux-gnu --target=x86_64-linux-gnu --with-build-config=bootstrap-lto-lean --enable-link-mutex
Thread model: posix
Supported LTO compression algorithms: zlib zstd
gcc version 10.2.1 20210110 (Debian 10.2.1-6) 
COMPILER_PATH=/usr/lib/gcc/x86_64-linux-gnu/10/:/usr/lib/gcc/x86_64-linux-gnu/10/:/usr/lib/gcc/x86_64-linux-gnu/:/usr/lib/gcc/x86_64-linux-gnu/10/:/usr/lib/gcc/x86_64-linux-gnu/
LIBRARY_PATH=/usr/lib/gcc/x86_64-linux-gnu/10/:/usr/lib/gcc/x86_64-linux-gnu/10/../../../x86_64-linux-gnu/:/usr/lib/gcc/x86_64-linux-gnu/10/../../../../lib/:/lib/x86_64-linux-gnu/:/lib/../lib/:/usr/lib/x86_64-linux-gnu/:/usr/lib/../lib/:/usr/lib/gcc/x86_64-linux-gnu/10/../../../:/lib/:/usr/lib/
COLLECT_GCC_OPTIONS='-v' '-o' 'cmTC_cc91f' '-mtune=generic' '-march=x86-64'
 /usr/lib/gcc/x86_64-linux-gnu/10/collect2 -plugin /usr/lib/gcc/x86_64-linux-gnu/10/liblto_plugin.so -plugin-opt=/usr/lib/gcc/x86_64-linux-gnu/10/lto-wrapper -plugin-opt=-fresolution=/tmp/ccTw861Y.res -plugin-opt=-pass-through=-lgcc -plugin-opt=-pass-through=-lgcc_s -plugin-opt=-pass-through=-lc -plugin-opt=-pass-through=-lgcc -plugin-opt=-pass-through=-lgcc_s --build-id --eh-frame-hdr -m elf_x86_64 --hash-style=gnu --as-needed -dynamic-linker /lib64/ld-linux-x86-64.so.2 -pie -o cmTC_cc91f /usr/lib/gcc/x86_64-linux-gnu/10/../../../x86_64-linux-gnu/Scrt1.o /usr/lib/gcc/x86_64-linux-gnu/10/../../../x86_64-linux-gnu/crti.o /usr/lib/gcc/x86_64-linux-gnu/10/crtbeginS.o -L/usr/lib/gcc/x86_64-linux-gnu/10 -L/usr/lib/gcc/x86_64-linux-gnu/10/../../../x86_64-linux-gnu -L/usr/lib/gcc/x86_64-linux-gnu/10/../../../../lib -L/lib/x86_64-linux-gnu -L/lib/../lib -L/usr/lib/x86_64-linux-gnu -L/usr/lib/../lib -L/usr/lib/gcc/x86_64-linux-gnu/10/../../.. CMakeFiles/cmTC_cc91f.dir/CMakeCCompilerABI.c.o -lgcc --push-state --as-needed -lgcc_s --pop-state -lc -lgcc --push-state --as-needed -lgcc_s --pop-state /usr/lib/gcc/x86_64-linux-gnu/10/crtendS.o /usr/lib/gcc/x86_64-linux-gnu/10/../../../x86_64-linux-gnu/crtn.o
COLLECT_GCC_OPTIONS='-v' '-o' 'cmTC_cc91f' '-mtune=generic' '-march=x86-64'
gmake[1]: Leaving directory '/home/ion/src/cuems/xjadeo/build/CMakeFiles/CMakeTmp'



Parsed C implicit include dir info from above output: rv=done
  found start of include info
  found start of implicit include info
    add: [/usr/lib/gcc/x86_64-linux-gnu/10/include]
    add: [/usr/local/include]
    add: [/usr/include/x86_64-linux-gnu]
    add: [/usr/include]
  end of search list found
  collapse include dir [/usr/lib/gcc/x86_64-linux-gnu/10/include] ==> [/usr/lib/gcc/x86_64-linux-gnu/10/include]
  collapse include dir [/usr/local/include] ==> [/usr/local/include]
  collapse include dir [/usr/include/x86_64-linux-gnu] ==> [/usr/include/x86_64-linux-gnu]
  collapse include dir [/usr/include] ==> [/usr/include]
  implicit include dirs: [/usr/lib/gcc/x86_64-linux-gnu/10/include;/usr/local/include;/usr/include/x86_64-linux-gnu;/usr/include]


Parsed C implicit link information from above output:
  link line regex: [^( *|.*[/\])(ld|CMAKE_LINK_STARTFILE-NOTFOUND|([^/\]+-)?ld|collect2)[^/\]*( |$)]
  ignore line: [Change Dir: /home/ion/src/cuems/xjadeo/build/CMakeFiles/CMakeTmp]
  ignore line: []
  ignore line: [Run Build Command(s):/usr/bin/gmake cmTC_cc91f/fast && /usr/bin/gmake  -f CMakeFiles/cmTC_cc91f.dir/build.make CMakeFiles/cmTC_cc91f.dir/build]
  ignore line: [gmake[1]: Entering directory '/home/ion/src/cuems/xjadeo/build/CMakeFiles/CMakeTmp']
  ignore line: [Building C object CMakeFiles/cmTC_cc91f.dir/CMakeCCompilerABI.c.o]
  ignore line: [/usr/bin/cc   -v -o CMakeFiles/cmTC_cc91f.dir/CMakeCCompilerABI.c.o -c /usr/share/cmake-3.18/Modules/CMakeCCompilerABI.c]
  ignore line: [Using built-in specs.]
  ignore line: [COLLECT_GCC=/usr/bin/cc]
  ignore line: [OFFLOAD_TARGET_NAMES=nvptx-none:amdgcn-amdhsa:hsa]
  ignore line: [OFFLOAD_TARGET_DEFAULT=1]
  ignore line: [Target: x86_64-linux-gnu]
  ignore line: [Configured with: ../src/configure -v --with-pkgversion='Debian 10.2.1-6' --with-bugurl=file:///usr/share/doc/gcc-10/README.Bugs --enable-languages=c ada c++ go brig d fortran objc obj-c++ m2 --prefix=/usr --with-gcc-major-version-only --program-suffix=-10 --program-prefix=x86_64-linux-gnu- --enable-shared --enable-linker-build-id --libexecdir=/usr/lib --without-included-gettext --enable-threads=posix --libdir=/usr/lib --enable-nls --enable-bootstrap --enable-clocale=gnu --enable-libstdcxx-debug --enable-libstdcxx-time=yes --with-default-libstdcxx-abi=new --enable-gnu-unique-object --disable-vtable-verify --enable-plugin --enable-default-pie --with-system-zlib --enable-libphobos-checking=release --with-target-system-zlib=auto --enable-objc-gc=auto --enable-multiarch --disable-werror --with-arch-32=i686 --with-abi=m64 --with-multilib-list=m32 m64 mx32 --enable-multilib --with-tune=generic --enable-offload-targets=nvptx-none=/build/gcc-10-Km9U7s/gcc-10-10.2.1/debian/tmp-nvptx/usr amdgcn-amdhsa=/build/gcc-10-Km9U7s/gcc-10-10.2.1/debian/tmp-gcn/usr hsa --without-cuda-driver --enable-checking=release --build=x86_64-linux-gnu --host=x86_64-linux-gnu --target=x86_64-linux-gnu --with-build-config=bootstrap-lto-lean --enable-link-mutex]
  ignore line: [Thread model: posix]
  ignore line: [Supported LTO compression algorithms: zlib zstd]
  ignore line: [gcc version 10.2.1 20210110 (Debian 10.2.1-6) ]
  ignore line: [COLLECT_GCC_OPTIONS='-v' '-o' 'CMakeFiles/cmTC_cc91f.dir/CMakeCCompilerABI.c.o' '-c' '-mtune=generic' '-march=x86-64']
  ignore line: [ /usr/lib/gcc/x86_64-linux-gnu/10/cc1 -quiet -v -imultiarch x86_64-linux-gnu /usr/share/cmake-3.18/Modules/CMakeCCompilerABI.c -quiet -dumpbase CMakeCCompilerABI.c -mtune=generic -march=x86-64 -auxbase-strip CMakeFiles/cmTC_cc91f.dir/CMakeCCompilerABI.c.o -version -fasynchronous-unwind-tables -o /tmp/cc0Bpe9t.s]
  ignore line: [GNU C17 (Debian 10.2.1-6) version 10.2.1 20210110 (x86_64-linux-gnu)]
  ignore line: [	compiled by GNU C version 10.2.1 20210110  GMP version 6.2.1  MPFR version 4.1.0  MPC version 1.2.0  isl version isl-0.23-GMP]
  ignore line: []
  ignore line: [GGC heuristics: --param ggc-min-expand=100 --param ggc-min-heapsize=131072]
  ignore line: [ignoring nonexistent directory "/usr/local/include/x86_64-linux-gnu"]
  ignore line: [ignoring nonexistent directory "/usr/lib/gcc/x86_64-linux-gnu/10/include-fixed"]
  ignore line: [ignoring nonexistent directory "/usr/lib/gcc/x86_64-linux-gnu/10/../../../../x86_64-linux-gnu/include"]
  ignore line: [#include "..." search starts here:]
  ignore line: [#include <...> search starts here:]
  ignore line: [ /usr/lib/gcc/x86_64-linux-gnu/10/include]
  ignore line: [ /usr/local/include]
  ignore line: [ /usr/include/x86_64-linux-gnu]
  ignore line: [ /usr/include]
  ignore line: [End of search list.]
  ignore line: [GNU C17 (Debian 10.2.1-6) version 10.2.1 20210110 (x86_64-linux-gnu)]
  ignore line: [	compiled by GNU C version 10.2.1 20210110  GMP version 6.2.1  MPFR version 4.1.0  MPC version 1.2.0  isl version isl-0.23-GMP]
  ignore line: []
  ignore line: [GGC heuristics: --param ggc-min-expand=100 --param ggc-min-heapsize=131072]
  ignore line: [Compiler executable checksum: 1f803793fa2e3418c492b25e7d3eac2f]
  ignore line: [COLLECT_GCC_OPTIONS='-v' '-o' 'CMakeFiles/cmTC_cc91f.dir/CMakeCCompilerABI.c.o' '-c' '-mtune=generic' '-march=x86-64']
  ignore line: [ as -v --64 -o CMakeFiles/cmTC_cc91f.dir/CMakeCCompilerABI.c.o /tmp/cc0Bpe9t.s]
  ignore line: [GNU assembler version 2.35.2 (x86_64-linux-gnu) using BFD version (GNU Binutils for Debian) 2.35.2]
  ignore line: [COMPILER_PATH=/usr/lib/gcc/x86_64-linux-gnu/10/:/usr/lib/gcc/x86_64-linux-gnu/10/:/usr/lib/gcc/x86_64-linux-gnu/:/usr/lib/gcc/x86_64-linux-gnu/10/:/usr/lib/gcc/x86_64-linux-gnu/]
  ignore line: [LIBRARY_PATH=/usr/lib/gcc/x86_64-linux-gnu/10/:/usr/lib/gcc/x86_64-linux-gnu/10/../../../x86_64-linux-gnu/:/usr/lib/gcc/x86_64-linux-gnu/10/../../../../lib/:/lib/x86_64-linux-gnu/:/lib/../lib/:/usr/lib/x86_64-linux-gnu/:/usr/lib/../lib/:/usr/lib/gcc/x86_64-linux-gnu/10/../../../:/lib/:/usr/lib/]
  ignore line: [COLLECT_GCC_OPTIONS='-v' '-o' 'CMakeFiles/cmTC_cc91f.dir/CMakeCCompilerABI.c.o' '-c' '-mtune=generic' '-march=x86-64']
  ignore line: [Linking C executable cmTC_cc91f]
  ignore line: [/usr/bin/cmake -E cmake_link_script CMakeFiles/cmTC_cc91f.dir/link.txt --verbose=1]
  ignore line: [/usr/bin/cc  -v CMakeFiles/cmTC_cc91f.dir/CMakeCCompilerABI.c.o -o cmTC_cc91f ]
  ignore line: [Using built-in specs.]
  ignore line: [COLLECT_GCC=/usr/bin/cc]
  ignore line: [COLLECT_LTO_WRAPPER=/usr/lib/gcc/x86_64-linux-gnu/10/lto-wrapper]
  ignore line: [OFFLOAD_TARGET_NAMES=nvptx-none:amdgcn-amdhsa:hsa]
  ignore line: [OFFLOAD_TARGET_DEFAULT=1]
  ignore line: [Target: x86_64-linux-gnu]
  ignore line: [Configured with: ../src/configure -v --with-pkgversion='Debian 10.2.1-6' --with-bugurl=file:///usr/share/doc/gcc-10/README.Bugs --enable-languages=c ada c++ go brig d fortran objc obj-c++ m2 --prefix=/usr --with-gcc-major-version-only --program-suffix=-10 --program-prefix=x86_64-linux-gnu- --enable-shared --enable-linker-build-id --libexecdir=/usr/lib --without-included-gettext --enable-threads=posix --libdir=/usr/lib --enable-nls --enable-bootstrap --enable-clocale=gnu --enable-libstdcxx-debug --enable-libstdcxx-time=yes --with-default-libstdcxx-abi=new --enable-gnu-unique-object --disable-vtable-verify --enable-plugin --enable-default-pie --with-system-zlib --enable-libphobos-checking=release --with-target-system-zlib=auto --enable-objc-gc=auto --enable-multiarch --disable-werror --with-arch-32=i686 --with-abi=m64 --with-multilib-list=m32 m64 mx32 --enable-multilib --with-tune=generic --enable-offload-targets=nvptx-none=/build/gcc-10-Km9U7s/gcc-10-10.2.1/debian/tmp-nvptx/usr amdgcn-amdhsa=/build/gcc-10-Km9U7s/gcc-10-10.2.1/debian/tmp-gcn/usr hsa --without-cuda-driver --enable-checking=release --build=x86_64-linux-gnu --host=x86_64-linux-gnu --target=x86_64-linux-gnu --with-build-config=bootstrap-lto-lean --enable-link-mutex]
  ignore line: [Thread model: posix]
  ignore line: [Supported LTO compression algorithms: zlib zstd]
  ignore line: [gcc version 10.2.1 20210110 (Debian 10.2.1-6) ]
  ignore line: [COMPILER_PATH=/usr/lib/gcc/x86_64-linux-gnu/10/:/usr/lib/gcc/x86_64-linux-gnu/10/:/usr/lib/gcc/x86_64-linux-gnu/:/usr/lib/gcc/x86_64-linux-gnu/10/:/usr/lib/gcc/x86_64-linux-gnu/]
  ignore line: [LIBRARY_PATH=/usr/lib/gcc/x86_64-linux-gnu/10/:/usr/lib/gcc/x86_64-linux-gnu/10/../../../x86_64-linux-gnu/:/usr/lib/gcc/x86_64-linux-gnu/10/../../../../lib/:/lib/x86_64-linux-gnu/:/lib/../lib/:/usr/lib/x86_64-linux-gnu/:/usr/lib/../lib/:/usr/lib/gcc/x86_64-linux-gnu/10/../../../:/lib/:/usr/lib/]
  ignore line: [COLLECT_GCC_OPTIONS='-v' '-o' 'cmTC_cc91f' '-mtune=generic' '-march=x86-64']
  link line: [ /usr/lib/gcc/x86_64-linux-gnu/10/collect2 -plugin /usr/lib/gcc/x86_64-linux-gnu/10/liblto_plugin.so -plugin-opt=/usr/lib/gcc/x86_64-linux-gnu/10/lto-wrapper -plugin-opt=-fresolution=/tmp/ccTw861Y.res -plugin-opt=-pass-through=-lgcc -plugin-opt=-pass-through=-lgcc_s -plugin-opt=-pass-through=-lc -plugin-opt=-pass-through=-lgcc -plugin-opt=-pass-through=-lgcc_s --build-id --eh-frame-hdr -m elf_x86_64 --hash-style=gnu --as-needed -dynamic-linker /lib64/ld-linux-x86-64.so.2 -pie -o cmTC_cc91f /usr/lib/gcc/x86_64-linux-gnu/10/../../../x86_64-linux-gnu/Scrt1.o /usr/lib/gcc/x86_64-linux-gnu/10/../../../x86_64-linux-gnu/crti.o /usr/lib/gcc/x86_64-linux-gnu/10/crtbeginS.o -L/usr/lib/gcc/x86_64-linux-gnu/10 -L/usr/lib/gcc/x86_64-linux-gnu/10/../../../x86_64-linux-gnu -L/usr/lib/gcc/x86_64-linux-gnu/10/../../../../lib -L/lib/x86_64-linux-gnu -L/lib/../lib -L/usr/lib/x86_64-linux-gnu -L/usr/lib/../lib -L/usr/lib/gcc/x86_64-linux-gnu/10/../../.. CMakeFiles/cmTC_cc91f.dir/CMakeCCompilerABI.c.o -lgcc --push-state --as-needed -lgcc_s --pop-state -lc -lgcc --push-state --as-needed -lgcc_s --pop-state /usr/lib/gcc/x86_64-linux-gnu/10/crtendS.o /usr/lib/gcc/x86_64-linux-gnu/10/../../../x86_64-linux-gnu/crtn.o]
    arg [/usr/lib/gcc/x86_64-linux-gnu/10/collect2] ==> ignore
    arg [-plugin] ==> ignore
    arg [/usr/lib/gcc/x86_64-linux-gnu/10/liblto_plugin.so] ==> ignore
    arg [-plugin-opt=/usr/lib/gcc/x86_64-linux-gnu/10/lto-wrapper] ==> ignore
    arg [-plugin-opt=-fresolution=/tmp/ccTw861Y.res] ==> ignore
    arg [-plugin-opt=-pass-through=-lgcc] ==> ignore
    arg [-plugin-opt=-pass-through=-lgcc_s] ==> ignore
    arg [-plugin-opt=-pass-through=-lc] ==> ignore
    arg [-plugin-opt=-pass-through=-lgcc] ==> ignore
    arg [-plugin-opt=-pass-through=-lgcc_s] ==> ignore
    arg [--build-id] ==> ignore
    arg [--eh-frame-hdr] ==> ignore
    arg [-m] ==> ignore
    arg [elf_x86_64] ==> ignore
    arg [--hash-style=gnu] ==> ignore
    arg [--as-needed] ==> ignore
    arg [-dynamic-linker] ==> ignore
    arg [/lib64/ld-linux-x86-64.so.2] ==> ignore
    arg [-pie] ==> ignore
    arg [-o] ==> ignore
    arg [cmTC_cc91f] ==> ignore
    arg [/usr/lib/gcc/x86_64-linux-gnu/10/../../../x86_64-linux-gnu/Scrt1.o] ==> ignore
    arg [/usr/lib/gcc/x86_64-linux-gnu/10/../../../x86_64-linux-gnu/crti.o] ==> ignore
    arg [/usr/lib/gcc/x86_64-linux-gnu/10/crtbeginS.o] ==> ignore
    arg [-L/usr/lib/gcc/x86_64-linux-gnu/10] ==> dir [/usr/lib/gcc/x86_64-linux-gnu/10]
    arg [-L/usr/lib/gcc/x86_64-linux-gnu/10/../../../x86_64-linux-gnu] ==> dir [/usr/lib/gcc/x86_64-linux-gnu/10/../../../x86_64-linux-gnu]
    arg [-L/usr/lib/gcc/x86_64-linux-gnu/10/../../../../lib] ==> dir [/usr/lib/gcc/x86_64-linux-gnu/10/../../../../lib]
    arg [-L/lib/x86_64-linux-gnu] ==> dir [/lib/x86_64-linux-gnu]
    arg [-L/lib/../lib] ==> dir [/lib/../lib]
    arg [-L/usr/lib/x86_64-linux-gnu] ==> dir [/usr/lib/x86_64-linux-gnu]
    arg [-L/usr/lib/../lib] ==> dir [/usr/lib/../lib]
    arg [-L/usr/lib/gcc/x86_64-linux-gnu/10/../../..] ==> dir [/usr/lib/gcc/x86_64-linux-gnu/10/../../..]
    arg [CMakeFiles/cmTC_cc91f.dir/CMakeCCompilerABI.c.o] ==> ignore
    arg [-lgcc] ==> lib [gcc]
    arg [--push-state] ==> ignore
    arg [--as-needed] ==> ignore
    arg [-lgcc_s] ==> lib [gcc_s]
    arg [--pop-state] ==> ignore
    arg [-lc] ==> lib [c]
    arg [-lgcc] ==> lib [gcc]
    arg [--push-state] ==> ignore
    arg [--as-needed] ==> ignore
    arg [-lgcc_s] ==> lib [gcc_s]
    arg [--pop-state] ==> ignore
    arg [/usr/lib/gcc/x86_64-linux-gnu/10/crtendS.o] ==> ignore
    arg [/usr/lib/gcc/x86_64-linux-gnu/10/../../../x86_64-linux-gnu/crtn.o] ==> ignore
  collapse library dir [/usr/lib/gcc/x86_64-linux-gnu/10] ==> [/usr/lib/gcc/x86_64-linux-gnu/10]
  collapse library dir [/usr/lib/gcc/x86_64-linux-gnu/10/../../../x86_64-linux-gnu] ==> [/usr/lib/x86_64-linux-gnu]
  collapse library dir [/usr/lib/gcc/x86_64-linux-gnu/10/../../../../lib] ==> [/usr/lib]
  collapse library dir [/lib/x86_64-linux-gnu] ==> [/lib/x86_64-linux-gnu]
  collapse library dir [/lib/../lib] ==> [/lib]
  collapse library dir [/usr/lib/x86_64-linux-gnu] ==> [/usr/lib/x86_64-linux-gnu]
  collapse library dir [/usr/lib/../lib] ==> [/usr/lib]
  collapse library dir [/usr/lib/gcc/x86_64-linux-gnu/10/../../..] ==> [/usr/lib]
  implicit libs: [gcc;gcc_s;c;gcc;gcc_s]
  implicit dirs: [/usr/lib/gcc/x86_64-linux-gnu/10;/usr/lib/x86_64-linux-gnu;/usr/lib;/lib/x86_64-linux-gnu;/lib]
  implicit fwks: []


Detecting CXX compiler ABI info compiled with the following output:
Change Dir: /home/ion/src/cuems/xjadeo/build/CMakeFiles/CMakeTmp

Run Build Command(s):/usr/bin/gmake cmTC_d7e10/fast && /usr/bin/gmake  -f CMakeFiles/cmTC_d7e10.dir/build.make CMakeFiles/cmTC_d7e10.dir/build
gmake[1]: Entering directory '/home/ion/src/cuems/xjadeo/build/CMakeFiles/CMakeTmp'
Building CXX object CMakeFiles/cmTC_d7e10.dir/CMakeCXXCompilerABI.cpp.o
/usr/bin/c++   -v -o CMakeFiles/cmTC_d7e10.dir/CMakeCXXCompilerABI.cpp.o -c /usr/share/cmake-3.18/Modules/CMakeCXXCompilerABI.cpp
Using built-in specs.
COLLECT_GCC=/usr/bin/c++
OFFLOAD_TARGET_NAMES=nvptx-none:amdgcn-amdhsa:hsa
OFFLOAD_TARGET_DEFAULT=1
Target: x86_64-linux-gnu
Configured with: ../src/configure -v --with-pkgversion='Debian 10.2.1-6' --with-bugurl=file:///usr/share/doc/gcc-10/README.Bugs --enable-languages=c,ada,c++,go,brig,d,fortran,objc,obj-c++,m2 --prefix=/usr --with-gcc-major-version-only --program-suffix=-10 --program-prefix=x86_64-linux-gnu- --enable-shared --enable-linker-build-id --libexecdir=/usr/lib --without-included-gettext --enable-threads=posix --libdir=/usr/lib --enable-nls --enable-bootstrap --enable-clocale=gnu --enable-libstdcxx-debug --enable-libstdcxx-time=yes --with-default-libstdcxx-abi=new --enable-gnu-unique-object --disable-vtable-verify --enable-plugin --enable-default-pie --with-system-zlib --enable-libphobos-checking=release --with-target-system-zlib=auto --enable-objc-gc=auto --enable-multiarch --disable-werror --with-arch-32=i686 --with-abi=m64 --with-multilib-list=m32,m64,mx32 --enable-multilib --with-tune=generic --enable-offload-targets=nvptx-none=/build/gcc-10-Km9U7s/gcc-10-10.2.1/debian/tmp-nvptx/usr,amdgcn-amdhsa=/build/gcc-10-Km9U7s/gcc-10-10.2.1/debian/tmp-gcn/usr,hsa --without-cuda-driver --enable-checking=release --build=x86_64-linux-gnu --host=x86_64-linux-gnu --target=x86_64-linux-gnu --with-build-config=bootstrap-lto-lean --enable-link-mutex
Thread model: posix
Supported LTO compression algorithms: zlib zstd
gcc version 10.2.1 20210110 (Debian 10.2.1-6) 
COLLECT_GCC_OPTIONS='-v' '-o' 'CMakeFiles/cmTC_d7e10.dir/CMakeCXXCompilerABI.cpp.o' '-c' '-shared-libgcc' '-mtune=generic' '-march=x86-64'
 /usr/lib/gcc/x86_64-linux-gnu/10/cc1plus -quiet -v -imultiarch x86_64-linux-gnu -D_GNU_SOURCE /usr/share/cmake-3.18/Modules/CMakeCXXCompilerABI.cpp -quiet -dumpbase CMakeCXXCompilerABI.cpp -mtune=generic -march=x86-64 -auxbase-strip CMakeFiles/cmTC_d7e10.dir/CMakeCXXCompilerABI.cpp.o -version -fasynchronous-unwind-tables -o /tmp/ccIQTgFv.s
GNU C++14 (Debian 10.2.1-6) version 10.2.1 20210110 (x86_64-linux-gnu)
	compiled by GNU C version 10.2.1 20210110, GMP version 6.2.1, MPFR version 4.1.0, MPC version 1.2.0, isl version isl-0.23-GMP

GGC heuristics: --param ggc-min-expand=100 --param ggc-min-heapsize=131072
ignoring duplicate directory "/usr/include/x86_64-linux-gnu/c++/10"
ignoring nonexistent directory "/usr/local/include/x86_64-linux-gnu"
ignoring nonexistent directory "/usr/lib/gcc/x86_64-linux-gnu/10/include-fixed"
ignoring nonexistent directory "/usr/lib/gcc/x86_64-linux-gnu/10/../../../../x86_64-linux-gnu/include"
#include "..." search starts here:
#include <...> search starts here:
 /usr/include/c++/10
 /usr/include/x86_64-linux-gnu/c++/10
 /usr/include/c++/10/backward
 /usr/lib/gcc/x86_64-linux-gnu/10/include
 /usr/local/include
 /usr/include/x86_64-linux-gnu
 /usr/include
End of search list.
GNU C++14 (Debian 10.2.1-6) version 10.2.1 20210110 (x86_64-linux-gnu)
	compiled by GNU C version 10.2.1 20210110, GMP version 6.2.1, MPFR version 4.1.0, MPC version 1.2.0, isl version isl-0.23-GMP

GGC heuristics: --param ggc-min-expand=100 --param ggc-min-heapsize=131072
Compiler executable checksum: 048fcaee3460a99eb0d68522358720e1
COLLECT_GCC_OPTIONS='-v' '-o' 'CMakeFiles/cmTC_d7e10.dir/CMakeCXXCompilerABI.cpp.o' '-c' '-shared-libgcc' '-mtune=generic' '-march=x86-64'
 as -v --64 -o CMakeFiles/cmTC_d7e10.dir/CMakeCXXCompilerABI.cpp.o /tmp/ccIQTgFv.s
GNU assembler version 2.35.2 (x86_64-linux-gnu) using BFD version (GNU Binutils for Debian) 2.35.2
COMPILER_PATH=/usr/lib/gcc/x86_64-linux-gnu/10/:/usr/lib/gcc/x86_64-linux-gnu/10/:/usr/lib/gcc/x86_64-linux-gnu/:/usr/lib/gcc/x86_64-linux-gnu/10/:/usr/lib/gcc/x86_64-linux-gnu/
LIBRARY_PATH=/usr/lib/gcc/x86_64-linux-gnu/10/:/usr/lib/gcc/x86_64-linux-gnu/10/../../../x86_64-linux-gnu/:/usr/lib/gcc/x86_64-linux-gnu/10/../../../../lib/:/lib/x86_64-linux-gnu/:/lib/../lib/:/usr/lib/x86_64-linux-gnu/:/usr/lib/../lib/:/usr/lib/gcc/x86_64-linux-gnu/10/../../../:/lib/:/usr/lib/
COLLECT_GCC_OPTIONS='-v' '-o' 'CMakeFiles/cmTC_d7e10.dir/CMakeCXXCompilerABI.cpp.o' '-c' '-shared-libgcc' '-mtune=generic' '-march=x86-64'
Linking CXX executable cmTC_d7e10
/usr/bin/cmake -E cmake_link_script CMakeFiles/cmTC_d7e10.dir/link.txt --verbose=1
/usr/bin/c++  -v CMakeFiles/cmTC_d7e10.dir/CMakeCXXCompilerABI.cpp.o -o cmTC_d7e10 
Using built-in specs.
COLLECT_GCC=/usr/bin/c++
COLLECT_LTO_WRAPPER=/usr/lib/gcc/x86_64-linux-gnu/10/lto-wrapper
OFFLOAD_TARGET_NAMES=nvptx-none:amdgcn-amdhsa:hsa
OFFLOAD_TARGET_DEFAULT=1
Target: x86_64-linux-gnu
Configured with: ../src/configure -v --with-pkgversion='Debian 10.2.1-6' --with-bugurl=file:///usr/share/doc/gcc-10/README.Bugs --enable-languages=c,ada,c++,go,brig,d,fortran,objc,obj-c++,m2 --prefix=/usr --with-gcc-major-version-only --program-suffix=-10 --program-prefix=x86_64-linux-gnu- --enable-shared --enable-linker-build-id --libexecdir=/usr/lib --without-included-gettext --enable-threads=posix --libdir=/usr/lib --enable-nls --enable-bootstrap --enable-clocale=gnu --enable-libstdcxx-debug --enable-libstdcxx-time=yes --with-default-libstdcxx-abi=new --enable-gnu-unique-object --disable-vtable-verify --enable-plugin --enable-default-pie --with-system-zlib --enable-libphobos-checking=release --with-target-system-zlib=auto --enable-objc-gc=auto --enable-multiarch --disable-werror --with-arch-32=i686 --with-abi=m64 --with-multilib-list=m32,m64,mx32 --enable-multilib --with-tune=generic --enable-offload-targets=nvptx-none=/build/gcc-10-Km9U7s/gcc-10-10.2.1/debian/tmp-nvptx/usr,amdgcn-amdhsa=/build/gcc-10-Km9U7s/gcc-10-10.2.1/debian/tmp-gcn/usr,hsa --without-cuda-driver --enable-checking=release --build=x86_64-linux-gnu --host=x86_64-linux-gnu --target=x86_64-linux-gnu --with-build-config=bootstrap-lto-lean --enable-link-mutex
Thread model: posix
Supported LTO compression algorithms: zlib zstd
gcc version 10.2.1 20210110 (Debian 10.2.1-6) 
COMPILER_PATH=/usr/lib/gcc/x86_64-linux-gnu/10/:/usr/lib/gcc/x86_64-linux-gnu/10/:/usr/lib/gcc/x86_64-linux-gnu/:/usr/lib/gcc/x86_64-linux-gnu/10/:/usr/lib/gcc/x86_64-linux-gnu/
LIBRARY_PATH=/usr/lib/gcc/x86_64-linux-gnu/10/:/usr/lib/gcc/x86_64-linux-gnu/10/../../../x86_64-linux-gnu/:/usr/lib/gcc/x86_64-linux-gnu/10/../../../../lib/:/lib/x86_64-linux-gnu/:/lib/../lib/:/usr/lib/x86_64-linux-gnu/:/usr/lib/../lib/:/usr/lib/gcc/x86_64-linux-gnu/10/../../../:/lib/:/usr/lib/
COLLECT_GCC_OPTIONS='-v' '-o' 'cmTC_d7e10' '-shared-libgcc' '-mtune=generic' '-march=x86-64'
 /usr/lib/gcc/x86_64-linux-gnu/10/collect2 -plugin /usr/lib/gcc/x86_64-linux-gnu/10/liblto_plugin.so -plugin-opt=/usr/lib/gcc/x86_64-linux-gnu/10/lto-wrapper -plugin-opt=-fresolution=/tmp/ccG7Ip83.res -plugin-opt=-pass-through=-lgcc_s -plugin-opt=-pass-through=-lgcc -plugin-opt=-pass-through=-lc -plugin-opt=-pass-through=-lgcc_s -plugin-opt=-pass-through=-lgcc --build-id --eh-frame-hdr -m elf_x86_64 --hash-style=gnu --as-needed -dynamic-linker /lib64/ld-linux-x86-64.so.2 -pie -o cmTC_d7e10 /usr/lib/gcc/x86_64-linux-gnu/10/../../../x86_64-linux-gnu/Scrt1.o /usr/lib/gcc/x86_64-linux-gnu/10/../../../x86_64-linux-gnu/crti.o /usr/lib/gcc/x86_64-linux-gnu/10/crtbeginS.o -L/usr/lib/gcc/x86_64-linux-gnu/10 -L/usr/lib/gcc/x86_64-linux-gnu/10/../../../x86_64-linux-gnu -L/usr/lib/gcc/x86_64-linux-gnu/10/../../../../lib -L/lib/x86_64-linux-gnu -L/lib/../lib -L/usr/lib/x86_64-linux-gnu -L/usr/lib/../lib -L/usr/lib/gcc/x86_64-linux-gnu/10/../../.. CMakeFiles/cmTC_d7e10.dir/CMakeCXXCompilerABI.cpp.o -lstdc++ -lm -lgcc_s -lgcc -lc -lgcc_s -lgcc /usr/lib/gcc/x86_64-linux-gnu/10/crtendS.o /usr/lib/gcc/x86_64-linux-gnu/10/../../../x86_64-linux-gnu/crtn.o
COLLECT_GCC_OPTIONS='-v' '-o' 'cmTC_d7e10' '-shared-libgcc' '-mtune=generic' '-march=x86-64'
gmake[1]: Leaving directory '/home/ion/src/cuems/xjadeo/build/CMakeFiles/CMakeTmp'



Parsed CXX implicit include dir info from above output: rv=done
  found start of include info
  found start of implicit include info
    add: [/usr/include/c++/10]
    add: [/usr/include/x86_64-linux-gnu/c++/10]
    add: [/usr/include/c++/10/backward]
    add: [/usr/lib/gcc/x86_64-linux-gnu/10/include]
    add: [/usr/local/include]
    add: [/usr/include/x86_64-linux-gnu]
    add: [/usr/include]
  end of search list found
  collapse include dir [/usr/include/c++/10] ==> [/usr/include/c++/10]
  collapse include dir [/usr/include/x86_64-linux-gnu/c++/10] ==> [/usr/include/x86_64-linux-gnu/c++/10]
  collapse include dir [/usr/include/c++/10/backward] ==> [/usr/include/c++/10/backward]
  collapse include dir [/usr/lib/gcc/x86_64-linux-gnu/10/include] ==> [/usr/lib/gcc/x86_64-linux-gnu/10/include]
  collapse include dir [/usr/local/include] ==> [/usr/local/include]
  collapse include dir [/usr/include/x86_64-linux-gnu] ==> [/usr/include/x86_64-linux-gnu]
  collapse include dir [/usr/include] ==> [/usr/include]
  implicit include dirs: [/usr/include/c++/10;/usr/include/x86_64-linux-gnu/c++/10;/usr/include/c++/10/backward;/usr/lib/gcc/x86_64-linux-gnu/10/include;/usr/local/include;/usr/include/x86_64-linux-gnu;/usr/include]


Parsed CXX implicit link information from above output:
  link line regex: [^( *|.*[/\])(ld|CMAKE_LINK_STARTFILE-NOTFOUND|([^/\]+-)?ld|collect2)[^/\]*( |$)]
  ignore line: [Change Dir: /home/ion/src/cuems/xjadeo/build/CMakeFiles/CMakeTmp]
  ignore line: []
  ignore line: [Run Build Command(s):/usr/bin/gmake cmTC_d7e10/fast && /usr/bin/gmake  -f CMakeFiles/cmTC_d7e10.dir/build.make CMakeFiles/cmTC_d7e10.dir/build]
  ignore line: [gmake[1]: Entering directory '/home/ion/src/cuems/xjadeo/build/CMakeFiles/CMakeTmp']
  ignore line: [Building CXX object CMakeFiles/cmTC_d7e10.dir/CMakeCXXCompilerABI.cpp.o]
  ignore line: [/usr/bin/c++   -v -o CMakeFiles/cmTC_d7e10.dir/CMakeCXXCompilerABI.cpp.o -c /usr/share/cmake-3.18/Modules/CMakeCXXCompilerABI.cpp]
  ignore line: [Using built-in specs.]
  ignore line: [COLLECT_GCC=/usr/bin/c++]
  ignore line: [OFFLOAD_TARGET_NAMES=nvptx-none:amdgcn-amdhsa:hsa]
  ignore line: [OFFLOAD_TARGET_DEFAULT=1]
  ignore line: [Target: x86_64-linux-gnu]
  ignore line: [Configured with: ../src/configure -v --with-pkgversion='Debian 10.2.1-6' --with-bugurl=file:///usr/share/doc/gcc-10/README.Bugs --enable-languages=c ada c++ go brig d fortran objc obj-c++ m2 --prefix=/usr --with-gcc-major-version-only --program-suffix=-10 --program-prefix=x86_64-linux-gnu- --enable-shared --enable-linker-build-id --libexecdir=/usr/lib --without-included-gettext --enable-threads=posix --libdir=/usr/lib --enable-nls --enable-bootstrap --enable-clocale=gnu --enable-libstdcxx-debug --enable-libstdcxx-time=yes --with-default-libstdcxx-abi=new --enable-gnu-unique-object --disable-vtable-verify --enable-plugin --enable-default-pie --with-system-zlib --enable-libphobos-checking=release --with-target-system-zlib=auto --enable-objc-gc=auto --enable-multiarch --disable-werror --with-arch-32=i686 --with-abi=m64 --with-multilib-list=m32 m64 mx32 --enable-multilib --with-tune=generic --enable-offload-targets=nvptx-none=/build/gcc-10-Km9U7s/gcc-10-10.2.1/debian/tmp-nvptx/usr amdgcn-amdhsa=/build/gcc-10-Km9U7s/gcc-10-10.2.1/debian/tmp-gcn/usr hsa --without-cuda-driver --enable-checking=release --build=x86_64-linux-gnu --host=x86_64-linux-gnu --target=x86_64-linux-gnu --with-build-config=bootstrap-lto-lean --enable-link-mutex]
  ignore line: [Thread model: posix]
  ignore line: [Supported LTO compression algorithms: zlib zstd]
  ignore line: [gcc version 10.2.1 20210110 (Debian 10.2.1-6) ]
  ignore line: [COLLECT_GCC_OPTIONS='-v' '-o' 'CMakeFiles/cmTC_d7e10.dir/CMakeCXXCompilerABI.cpp.o' '-c' '-shared-libgcc' '-mtune=generic' '-march=x86-64']
  ignore line: [ /usr/lib/gcc/x86_64-linux-gnu/10/cc1plus -quiet -v -imultiarch x86_64-linux-gnu -D_GNU_SOURCE /usr/share/cmake-3.18/Modules/CMakeCXXCompilerABI.cpp -quiet -dumpbase CMakeCXXCompilerABI.cpp -mtune=generic -march=x86-64 -auxbase-strip CMakeFiles/cmTC_d7e10.dir/CMakeCXXCompilerABI.cpp.o -version -fasynchronous-unwind-tables -o /tmp/ccIQTgFv.s]
  ignore line: [GNU C++14 (Debian 10.2.1-6) version 10.2.1 20210110 (x86_64-linux-gnu)]
  ignore line: [	compiled by GNU C version 10.2.1 20210110  GMP version 6.2.1  MPFR version 4.1.0  MPC version 1.2.0  isl version isl-0.23-GMP]
  ignore line: []
  ignore line: [GGC heuristics: --param ggc-min-expand=100 --param ggc-min-heapsize=131072]
  ignore line: [ignoring duplicate directory "/usr/include/x86_64-linux-gnu/c++/10"]
  ignore line: [ignoring nonexistent directory "/usr/local/include/x86_64-linux-gnu"]
  ignore line: [ignoring nonexistent directory "/usr/lib/gcc/x86_64-linux-gnu/10/include-fixed"]
  ignore line: [ignoring nonexistent directory "/usr/lib/gcc/x86_64-linux-gnu/10/../../../../x86_64-linux-gnu/include"]
  ignore line: [#include "..." search starts here:]
  ignore line: [#include <...> search starts here:]
  ignore line: [ /usr/include/c++/10]
  ignore line: [ /usr/include/x86_64-linux-gnu/c++/10]
  ignore line: [ /usr/include/c++/10/backward]
  ignore line: [ /usr/lib/gcc/x86_64-linux-gnu/10/include]
  ignore line: [ /usr/local/include]
  ignore line: [ /usr/include/x86_64-linux-gnu]
  ignore line: [ /usr/include]
  ignore line: [End of search list.]
  ignore line: [GNU C++14 (Debian 10.2.1-6) version 10.2.1 20210110 (x86_64-linux-gnu)]
  ignore line: [	compiled by GNU C version 10.2.1 20210110  GMP version 6.2.1  MPFR version 4.1.0  MPC version 1.2.0  isl version isl-0.23-GMP]
  ignore line: []
  ignore line: [GGC heuristics: --param ggc-min-expand=100 --param ggc-min-heapsize=131072]
  ignore line: [Compiler executable checksum: 048fcaee3460a99eb0d68522358720e1]
  ignore line: [COLLECT_GCC_OPTIONS='-v' '-o' 'CMakeFiles/cmTC_d7e10.dir/CMakeCXXCompilerABI.cpp.o' '-c' '-shared-libgcc' '-mtune=generic' '-march=x86-64']
  ignore line: [ as -v --64 -o CMakeFiles/cmTC_d7e10.dir/CMakeCXXCompilerABI.cpp.o /tmp/ccIQTgFv.s]
  ignore line: [GNU assembler version 2.35.2 (x86_64-linux-gnu) using BFD version (GNU Binutils for Debian) 2.35.2]
  ignore line: [COMPILER_PATH=/usr/lib/gcc/x86_64-linux-gnu/10/:/usr/lib/gcc/x86_64-linux-gnu/10/:/usr/lib/gcc/x86_64-linux-gnu/:/usr/lib/gcc/x86_64-linux-gnu/10/:/usr/lib/gcc/x86_64-linux-gnu/]
  ignore line: [LIBRARY_PATH=/usr/lib/gcc/x86_64-linux-gnu/10/:/usr/lib/gcc/x86_64-linux-gnu/10/../../../x86_64-linux-gnu/:/usr/lib/gcc/x86_64-linux-gnu/10/../../../../lib/:/lib/x86_64-linux-gnu/:/lib/../lib/:/usr/lib/x86_64-linux-gnu/:/usr/lib/../lib/:/usr/lib/gcc/x86_64-linux-gnu/10/../../../:/lib/:/usr/lib/]
  ignore line: [COLLECT_GCC_OPTIONS='-v' '-o' 'CMakeFiles/cmTC_d7e10.dir/CMakeCXXCompilerABI.cpp.o' '-c' '-shared-libgcc' '-mtune=generic' '-march=x86-64']
  ignore line: [Linking CXX executable cmTC_d7e10]
  ignore line: [/usr/bin/cmake -E cmake_link_script CMakeFiles/cmTC_d7e10.dir/link.txt --verbose=1]
  ignore line: [/usr/bin/c++  -v CMakeFiles/cmTC_d7e10.dir/CMakeCXXCompilerABI.cpp.o -o cmTC_d7e10 ]
  ignore line: [Using built-in specs.]
  ignore line: [COLLECT_GCC=/usr/bin/c++]
  ignore line: [COLLECT_LTO_WRAPPER=/usr/lib/gcc/x86_64-linux-gnu/10/lto-wrapper]
  ignore line: [OFFLOAD_TARGET_NAMES=nvptx-none:amdgcn-amdhsa:hsa]
  ignore line: [OFFLOAD_TARGET_DEFAULT=1]
  ignore line: [Target: x86_64-linux-gnu]
  ignore line: [Configured with: ../src/configure -v --with-pkgversion='Debian 10.2.1-6' --with-bugurl=file:///usr/share/doc/gcc-10/README.Bugs --enable-languages=c ada c++ go brig d fortran objc obj-c++ m2 --prefix=/usr --with-gcc-major-version-only --program-suffix=-10 --program-prefix=x86_64-linux-gnu- --enable-shared --enable-linker-build-id --libexecdir=/usr/lib --without-included-gettext --enable-threads=posix --libdir=/usr/lib --enable-nls --enable-bootstrap --enable-clocale=gnu --enable-libstdcxx-debug --enable-libstdcxx-time=yes --with-default-libstdcxx-abi=new --enable-gnu-unique-object --disable-vtable-verify --enable-plugin --enable-default-pie --with-system-zlib --enable-libphobos-checking=release --with-target-system-zlib=auto --enable-objc-gc=auto --enable-multiarch --disable-werror --with-arch-32=i686 --with-abi=m64 --with-multilib-list=m32 m64 mx32 --enable-multilib --with-tune=generic --enable-offload-targets=nvptx-none=/build/gcc-10-Km9U7s/gcc-10-10.2.1/debian/tmp-nvptx/usr amdgcn-amdhsa=/build/gcc-10-Km9U7s/gcc-10-10.2.1/debian/tmp-gcn/usr hsa --without-cuda-driver --enable-checking=release --build=x86_64-linux-gnu --host=x86_64-linux-gnu --target=x86_64-linux-gnu --with-build-config=bootstrap-lto-lean --enable-link-mutex]
  ignore line: [Thread model: posix]
  ignore line: [Supported LTO compression algorithms: zlib zstd]
  ignore line: [gcc version 10.2.1 20210110 (Debian 10.2.1-6) ]
  ignore line: [COMPILER_PATH=/usr/lib/gcc/x86_64-linux-gnu/10/:/usr/lib/gcc/x86_64-linux-gnu/10/:/usr/lib/gcc/x86_64-linux-gnu/:/usr/lib/gcc/x86_64-linux-gnu/10/:/usr/lib/gcc/x86_64-linux-gnu/]
  ignore line: [LIBRARY_PATH=/usr/lib/gcc/x86_64-linux-gnu/10/:/usr/lib/gcc/x86_64-linux-gnu/10/../../../x86_64-linux-gnu/:/usr/lib/gcc/x86_64-linux-gnu/10/../../../../lib/:/lib/x86_64-linux-gnu/:/lib/../lib/:/usr/lib/x86_64-linux-gnu/:/usr/lib/../lib/:/usr/lib/gcc/x86_64-linux-gnu/10/../../../:/lib/:/usr/lib/]
  ignore line: [COLLECT_GCC_OPTIONS='-v' '-o' 'cmTC_d7e10' '-shared-libgcc' '-mtune=generic' '-march=x86-64']
  link line: [ /usr/lib/gcc/x86_64-linux-gnu/10/collect2 -plugin /usr/lib/gcc/x86_64-linux-gnu/10/liblto_plugin.so -plugin-opt=/usr/lib/gcc/x86_64-linux-gnu/10/lto-wrapper -plugin-opt=-fresolution=/tmp/ccG7Ip83.res -plugin-opt=-pass-through=-lgcc_s -plugin-opt=-pass-through=-lgcc -plugin-opt=-pass-through=-lc -plugin-opt=-pass-through=-lgcc_s -plugin-opt=-pass-through=-lgcc --build-id --eh-frame-hdr -m elf_x86_64 --hash-style=gnu --as-needed -dynamic-linker /lib64/ld-linux-x86-64.so.2 -pie -o cmTC_d7e10 /usr/lib/gcc/x86_64-linux-gnu/10/../../../x86_64-linux-gnu/Scrt1.o /usr/lib/gcc/x86_64-linux-gnu/10/../../../x86_64-linux-gnu/crti.o /usr/lib/gcc/x86_64-linux-gnu/10/crtbeginS.o -L/usr/lib/gcc/x86_64-linux-gnu/10 -L/usr/lib/gcc/x86_64-linux-gnu/10/../../../x86_64-linux-gnu -L/usr/lib/gcc/x86_64-linux-gnu/10/../../../../lib -L/lib/x86_64-linux-gnu -L/lib/../lib -L/usr/lib/x86_64-linux-gnu -L/usr/lib/../lib -L/usr/lib/gcc/x86_64-linux-gnu/10/../../.. CMakeFiles/cmTC_d7e10.dir/CMakeCXXCompilerABI.cpp.o -lstdc++ -lm -lgcc_s -lgcc -lc -lgcc_s -lgcc /usr/lib/gcc/x86_64-linux-gnu/10/crtendS.o /usr/lib/gcc/x86_64-linux-gnu/10/../../../x86_64-linux-gnu/crtn.o]
    arg [/usr/lib/gcc/x86_64-linux-gnu/10/collect2] ==> ignore
    arg [-plugin] ==> ignore
    arg [/usr/lib/gcc/x86_64-linux-gnu/10/liblto_plugin.so] ==> ignore
    arg [-plugin-opt=/usr/lib/gcc/x86_64-linux-gnu/10/lto-wrapper] ==> ignore
    arg [-plugin-opt=-fresolution=/tmp/ccG7Ip83.res] ==> ignore
    arg [-plugin-opt=-pass-through=-lgcc_s] ==> ignore
    arg [-plugin-opt=-pass-through=-lgcc] ==> ignore
    arg [-plugin-opt=-pass-through=-lc] ==> ignore
    arg [-plugin-opt=-pass-through=-lgcc_s] ==> ignore
    arg [-plugin-opt=-pass-through=-lgcc] ==> ignore
    arg [--build-id] ==> ignore
    arg [--eh-frame-hdr] ==> ignore
    arg [-m] ==> ignore
    arg [elf_x86_64] ==> ignore
    arg [--hash-style=gnu] ==> ignore
    arg [--as-needed] ==> ignore
    arg [-dynamic-linker] ==> ignore
    arg [/lib64/ld-linux-x86-64.so.2] ==> ignore
    arg [-pie] ==> ignore
    arg [-o] ==> ignore
    arg [cmTC_d7e10] ==> ignore
    arg [/usr/lib/gcc/x86_64-linux-gnu/10/../../../x86_64-linux-gnu/Scrt1.o] ==> ignore
    arg [/usr/lib/gcc/x86_64-linux-gnu/10/../../../x86_64-linux-gnu/crti.o] ==> ignore
    arg [/usr/lib/gcc/x86_64-linux-gnu/10/crtbeginS.o] ==> ignore
    arg [-L/usr/lib/gcc/x86_64-linux-gnu/10] ==> dir [/usr/lib/gcc/x86_64-linux-gnu/10]
    arg [-L/usr/lib/gcc/x86_64-linux-gnu/10/../../../x86_64-linux-gnu] ==> dir [/usr/lib/gcc/x86_64-linux-gnu/10/../../../x86_64-linux-gnu]
    arg [-L/usr/lib/gcc/x86_64-linux-gnu/10/../../../../lib] ==> dir [/usr/lib/gcc/x86_64-linux-gnu/10/../../../../lib]
    arg [-L/lib/x86_64-linux-gnu] ==> dir [/lib/x86_64-linux-gnu]
    arg [-L/lib/../lib] ==> dir [/lib/../lib]
    arg [-L/usr/lib/x86_64-linux-gnu] ==> dir [/usr/lib/x86_64-linux-gnu]
    arg [-L/usr/lib/../lib] ==> dir [/usr/lib/../lib]
    arg [-L/usr/lib/gcc/x86_64-linux-gnu/10/../../..] ==> dir [/usr/lib/gcc/x86_64-linux-gnu/10/../../..]
    arg [CMakeFiles/cmTC_d7e10.dir/CMakeCXXCompilerABI.cpp.o] ==> ignore
    arg [-lstdc++] ==> lib [stdc++]
    arg [-lm] ==> lib [m]
    arg [-lgcc_s] ==> lib [gcc_s]
    arg [-lgcc] ==> lib [gcc]
    arg [-lc] ==> lib [c]
    arg [-lgcc_s] ==> lib [gcc_s]
    arg [-lgcc] ==> lib [gcc]
    arg [/usr/lib/gcc/x86_64-linux-gnu/10/crtendS.o] ==> ignore
    arg [/usr/lib/gcc/x86_64-linux-gnu/10/../../../x86_64-linux-gnu/crtn.o] ==> ignore
  collapse library dir [/usr/lib/gcc/x86_64-linux-gnu/10] ==> [/usr/lib/gcc/x86_64-linux-gnu/10]
  collapse library dir [/usr/lib/gcc/x86_64-linux-gnu/10/../../../x86_64-linux-gnu] ==> [/usr/lib/x86_64-linux-gnu]
  collapse library dir [/usr/lib/gcc/x86_64-linux-gnu/10/../../../../lib] ==> [/usr/lib]
  collapse library dir [/lib/x86_64-linux-gnu] ==> [/lib/x86_64-linux-gnu]
  collapse library dir [/lib/../lib] ==> [/lib]
  collapse library dir [/usr/lib/x86_64-linux-gnu] ==> [/usr/lib/x86_64-linux-gnu]
  collapse library dir [/usr/lib/../lib] ==> [/usr/lib]
  collapse library dir [/usr/lib/gcc/x86_64-linux-gnu/10/../../..] ==> [/usr/lib]
  implicit libs: [stdc++;m;gcc_s;gcc;c;gcc_s;gcc]
  implicit dirs: [/usr/lib/gcc/x86_64-linux-gnu/10;/usr/lib/x86_64-linux-gnu;/usr/lib;/lib/x86_64-linux-gnu;/lib]
  implicit fwks: []


Determining if the function XOpenDisplay exists in the /usr/lib/x86_64-linux-gnu/libX11.so;/usr/lib/x86_64-linux-gnu/libXext.so passed with the following output:
Change Dir: /home/ion/src/cuems/xjadeo/build/CMakeFiles/CMakeTmp

Run Build Command(s):/usr/bin/gmake cmTC_c8822/fast && /usr/bin/gmake  -f CMakeFiles/cmTC_c8822.dir/build.make CMakeFiles/cmTC_c8822.dir/build
gmake[1]: Entering directory '/home/ion/src/cuems/xjadeo/build/CMakeFiles/CMakeTmp'
Building C object CMakeFiles/cmTC_c8822.dir/CheckFunctionExists.c.o
/usr/bin/cc   -Wall -g -O3 -pthread -DCHECK_FUNCTION_EXISTS=XOpenDisplay -o CMakeFiles/cmTC_c8822.dir/CheckFunctionExists.c.o -c /usr/share/cmake-3.18/Modules/CheckFunctionExists.c
Linking C executable cmTC_c8822
/usr/bin/cmake -E cmake_link_script CMakeFiles/cmTC_c8822.dir/link.txt --verbose=1
/usr/bin/cc  -Wall -g -O3 -pthread -DCHECK_FUNCTION_EXISTS=XOpenDisplay CMakeFiles/cmTC_c8822.dir/CheckFunctionExists.c.o -o cmTC_c8822  /usr/lib/x86_64-linux-gnu/libX11.so /usr/lib/x86_64-linux-gnu/libXext.so 
gmake[1]: Leaving directory '/home/ion/src/cuems/xjadeo/build/CMakeFiles/CMakeTmp'



Determining if the function gethostbyname exists passed with the following output:
Change Dir: /home/ion/src/cuems/xjadeo/build/CMakeFiles/CMakeTmp

Run Build Command(s):/usr/bin/gmake cmTC_93165/fast && /usr/bin/gmake  -f CMakeFiles/cmTC_93165.dir/build.make CMakeFiles/cmTC_93165.dir/build
gmake[1]: Entering directory '/home/ion/src/cuems/xjadeo/build/CMakeFiles/CMakeTmp'
Building C object CMakeFiles/cmTC_93165.dir/CheckFunctionExists.c.o
/usr/bin/cc   -Wall -g -O3 -pthread -DCHECK_FUNCTION_EXISTS=gethostbyname -o CMakeFiles/cmTC_93165.dir/CheckFunctionExists.c.o -c /usr/share/cmake-3.18/Modules/CheckFunctionExists.c
Linking C executable cmTC_93165
/usr/bin/cmake -E cmake_link_script CMakeFiles/cmTC_93165.dir/link.txt --verbose=1
/usr/bin/cc  -Wall -g -O3 -pthread -DCHECK_FUNCTION_EXISTS=gethostbyname CMakeFiles/cmTC_93165.dir/CheckFunctionExists.c.o -o cmTC_93165 
gmake[1]: Leaving directory '/home/ion/src/cuems/xjadeo/build/CMakeFiles/CMakeTmp'



Determining if the function connect exists passed with the following output:
Change Dir: /home/ion/src/cuems/xjadeo/build/CMakeFiles/CMakeTmp

Run Build Command(s):/usr/bin/gmake cmTC_cf525/fast && /usr/bin/gmake  -f CMakeFiles/cmTC_cf525.dir/build.make CMakeFiles/cmTC_cf525.dir/build
gmake[1]: Entering directory '/home/ion/src/cuems/xjadeo/build/CMakeFiles/CMakeTmp'
Building C object CMakeFiles/cmTC_cf525.dir/CheckFunctionExists.c.o
/usr/bin/cc   -Wall -g -O3 -pthread -DCHECK_FUNCTION_EXISTS=connect -o CMakeFiles/cmTC_cf525.dir/CheckFunctionExists.c.o -c /usr/share/cmake-3.18/Modules/CheckFunctionExists.c
Linking C executable cmTC_cf525
/usr/bin/cmake -E cmake_link_script CMakeFiles/cmTC_cf525.dir/link.txt --verbose=1
/usr/bin/cc  -Wall -g -O3 -pthread -DCHECK_FUNCTION_EXISTS=connect CMakeFiles/cmTC_cf525.dir/CheckFunctionExists.c.o -o cmTC_cf525 
gmake[1]: Leaving directory '/home/ion/src/cuems/xjadeo/build/CMakeFiles/CMakeTmp'



Determining if the function remove exists passed with the following output:
Change Dir: /home/ion/src/cuems/xjadeo/build/CMakeFiles/CMakeTmp

Run Build Command(s):/usr/bin/gmake cmTC_02471/fast && /usr/bin/gmake  -f CMakeFiles/cmTC_02471.dir/build.make CMakeFiles/cmTC_02471.dir/build
gmake[1]: Entering directory '/home/ion/src/cuems/xjadeo/build/CMakeFiles/CMakeTmp'
Building C object CMakeFiles/cmTC_02471.dir/CheckFunctionExists.c.o
/usr/bin/cc   -Wall -g -O3 -pthread -DCHECK_FUNCTION_EXISTS=remove -o CMakeFiles/cmTC_02471.dir/CheckFunctionExists.c.o -c /usr/share/cmake-3.18/Modules/CheckFunctionExists.c
Linking C executable cmTC_02471
/usr/bin/cmake -E cmake_link_script CMakeFiles/cmTC_02471.dir/link.txt --verbose=1
/usr/bin/cc  -Wall -g -O3 -pthread -DCHECK_FUNCTION_EXISTS=remove CMakeFiles/cmTC_02471.dir/CheckFunctionExists.c.o -o cmTC_02471 
gmake[1]: Leaving directory '/home/ion/src/cuems/xjadeo/build/CMakeFiles/CMakeTmp'



Determining if the function shmat exists passed with the following output:
Change Dir: /home/ion/src/cuems/xjadeo/build/CMakeFiles/CMakeTmp

Run Build Command(s):/usr/bin/gmake cmTC_4943d/fast && /usr/bin/gmake  -f CMakeFiles/cmTC_4943d.dir/build.make CMakeFiles/cmTC_4943d.dir/build
gmake[1]: Entering directory '/home/ion/src/cuems/xjadeo/build/CMakeFiles/CMakeTmp'
Building C object CMakeFiles/cmTC_4943d.dir/CheckFunctionExists.c.o
/usr/bin/cc   -Wall -g -O3 -pthread -DCHECK_FUNCTION_EXISTS=shmat -o CMakeFiles/cmTC_4943d.dir/CheckFunctionExists.c.o -c /usr/share/cmake-3.18/Modules/CheckFunctionExists.c
Linking C executable cmTC_4943d
/usr/bin/cmake -E cmake_link_script CMakeFiles/cmTC_4943d.dir/link.txt --verbose=1
/usr/bin/cc  -Wall -g -O3 -pthread -DCHECK_FUNCTION_EXISTS=shmat CMakeFiles/cmTC_4943d.dir/CheckFunctionExists.c.o -o cmTC_4943d 
gmake[1]: Leaving directory '/home/ion/src/cuems/xjadeo/build/CMakeFiles/CMakeTmp'



Determining if the function IceConnectionNumber exists in the ICE passed with the following output:
Change Dir: /home/ion/src/cuems/xjadeo/build/CMakeFiles/CMakeTmp

Run Build Command(s):/usr/bin/gmake cmTC_94faf/fast && /usr/bin/gmake  -f CMakeFiles/cmTC_94faf.dir/build.make CMakeFiles/cmTC_94faf.dir/build
gmake[1]: Entering directory '/home/ion/src/cuems/xjadeo/build/CMakeFiles/CMakeTmp'
Building C object CMakeFiles/cmTC_94faf.dir/CheckFunctionExists.c.o
/usr/bin/cc   -Wall -g -O3 -pthread -DCHECK_FUNCTION_EXISTS=IceConnectionNumber -o CMakeFiles/cmTC_94faf.dir/CheckFunctionExists.c.o -c /usr/share/cmake-3.18/Modules/CheckFunctionExists.c
Linking C executable cmTC_94faf
/usr/bin/cmake -E cmake_link_script CMakeFiles/cmTC_94faf.dir/link.txt --verbose=1
/usr/bin/cc  -Wall -g -O3 -pthread -DCHECK_FUNCTION_EXISTS=IceConnectionNumber CMakeFiles/cmTC_94faf.dir/CheckFunctionExists.c.o -o cmTC_94faf  -lICE 
gmake[1]: Leaving directory '/home/ion/src/cuems/xjadeo/build/CMakeFiles/CMakeTmp'



The system is: Linux - 5.10.0-35-amd64 - x86_64
Compiling the C compiler identification source file "CMakeCCompilerId.c" succeeded.
Compiler: /usr/bin/cc 
Build flags: 
Id flags:  

The output was:
0


Compilation of the C compiler identification source "CMakeCCompilerId.c" produced "a.out"

The C compiler identification is GNU, found in "/home/ion/src/cuems/xjadeo/build/CMakeFiles/3.18.4/CompilerIdC/a.out"

Compiling the CXX compiler identification source file "CMakeCXXCompilerId.cpp" succeeded.
Compiler: /usr/bin/c++ 
Build flags: 
Id flags:  

The output was:
0


Compilation of the CXX compiler identification source "CMakeCXXCompilerId.cpp" produced "a.out"

The CXX compiler identification is GNU, found in "/home/ion/src/cuems/xjadeo/build/CMakeFiles/3.18.4/CompilerIdCXX/a.out"

Detecting C compiler ABI info compiled with the following output:
Change Dir: /home/ion/src/cuems/xjadeo/build/CMakeFiles/CMakeTmp

Run Build Command(s):/usr/bin/gmake cmTC_372e0/fast && /usr/bin/gmake  -f CMakeFiles/cmTC_372e0.dir/build.make CMakeFiles/cmTC_372e0.dir/build
gmake[1]: Entering directory '/home/ion/src/cuems/xjadeo/build/CMakeFiles/CMakeTmp'
Building C object CMakeFiles/cmTC_372e0.dir/CMakeCCompilerABI.c.o
/usr/bin/cc   -v -o CMakeFiles/cmTC_372e0.dir/CMakeCCompilerABI.c.o -c /usr/share/cmake-3.18/Modules/CMakeCCompilerABI.c
Using built-in specs.
COLLECT_GCC=/usr/bin/cc
OFFLOAD_TARGET_NAMES=nvptx-none:amdgcn-amdhsa:hsa
OFFLOAD_TARGET_DEFAULT=1
Target: x86_64-linux-gnu
Configured with: ../src/configure -v --with-pkgversion='Debian 10.2.1-6' --with-bugurl=file:///usr/share/doc/gcc-10/README.Bugs --enable-languages=c,ada,c++,go,brig,d,fortran,objc,obj-c++,m2 --prefix=/usr --with-gcc-major-version-only --program-suffix=-10 --program-prefix=x86_64-linux-gnu- --enable-shared --enable-linker-build-id --libexecdir=/usr/lib --without-included-gettext --enable-threads=posix --libdir=/usr/lib --enable-nls --enable-bootstrap --enable-clocale=gnu --enable-libstdcxx-debug --enable-libstdcxx-time=yes --with-default-libstdcxx-abi=new --enable-gnu-unique-object --disable-vtable-verify --enable-plugin --enable-default-pie --with-system-zlib --enable-libphobos-checking=release --with-target-system-zlib=auto --enable-objc-gc=auto --enable-multiarch --disable-werror --with-arch-32=i686 --with-abi=m64 --with-multilib-list=m32,m64,mx32 --enable-multilib --with-tune=generic --enable-offload-targets=nvptx-none=/build/gcc-10-Km9U7s/gcc-10-10.2.1/debian/tmp-nvptx/usr,amdgcn-amdhsa=/build/gcc-10-Km9U7s/gcc-10-10.2.1/debian/tmp-gcn/usr,hsa --without-cuda-driver --enable-checking=release --build=x86_64-linux-gnu --host=x86_64-linux-gnu --target=x86_64-linux-gnu --with-build-config=bootstrap-lto-lean --enable-link-mutex
Thread model: posix
Supported LTO compression algorithms: zlib zstd
gcc version 10.2.1 20210110 (Debian 10.2.1-6) 
COLLECT_GCC_OPTIONS='-v' '-o' 'CMakeFiles/cmTC_372e0.dir/CMakeCCompilerABI.c.o' '-c' '-mtune=generic' '-march=x86-64'
 /usr/lib/gcc/x86_64-linux-gnu/10/cc1 -quiet -v -imultiarch x86_64-linux-gnu /usr/share/cmake-3.18/Modules/CMakeCCompilerABI.c -quiet -dumpbase CMakeCCompilerABI.c -mtune=generic -march=x86-64 -auxbase-strip CMakeFiles/cmTC_372e0.dir/CMakeCCompilerABI.c.o -version -fasynchronous-unwind-tables -o /tmp/ccXJD9Uk.s
GNU C17 (Debian 10.2.1-6) version 10.2.1 20210110 (x86_64-linux-gnu)
	compiled by GNU C version 10.2.1 20210110, GMP version 6.2.1, MPFR version 4.1.0, MPC version 1.2.0, isl version isl-0.23-GMP

GGC heuristics: --param ggc-min-expand=100 --param ggc-min-heapsize=131072
ignoring nonexistent directory "/usr/local/include/x86_64-linux-gnu"
ignoring nonexistent directory "/usr/lib/gcc/x86_64-linux-gnu/10/include-fixed"
ignoring nonexistent directory "/usr/lib/gcc/x86_64-linux-gnu/10/../../../../x86_64-linux-gnu/include"
#include "..." search starts here:
#include <...> search starts here:
 /usr/lib/gcc/x86_64-linux-gnu/10/include
 /usr/local/include
 /usr/include/x86_64-linux-gnu
 /usr/include
End of search list.
GNU C17 (Debian 10.2.1-6) version 10.2.1 20210110 (x86_64-linux-gnu)
	compiled by GNU C version 10.2.1 20210110, GMP version 6.2.1, MPFR version 4.1.0, MPC version 1.2.0, isl version isl-0.23-GMP

GGC heuristics: --param ggc-min-expand=100 --param ggc-min-heapsize=131072
Compiler executable checksum: 1f803793fa2e3418c492b25e7d3eac2f
COLLECT_GCC_OPTIONS='-v' '-o' 'CMakeFiles/cmTC_372e0.dir/CMakeCCompilerABI.c.o' '-c' '-mtune=generic' '-march=x86-64'
 as -v --64 -o CMakeFiles/cmTC_372e0.dir/CMakeCCompilerABI.c.o /tmp/ccXJD9Uk.s
GNU assembler version 2.35.2 (x86_64-linux-gnu) using BFD version (GNU Binutils for Debian) 2.35.2
COMPILER_PATH=/usr/lib/gcc/x86_64-linux-gnu/10/:/usr/lib/gcc/x86_64-linux-gnu/10/:/usr/lib/gcc/x86_64-linux-gnu/:/usr/lib/gcc/x86_64-linux-gnu/10/:/usr/lib/gcc/x86_64-linux-gnu/
LIBRARY_PATH=/usr/lib/gcc/x86_64-linux-gnu/10/:/usr/lib/gcc/x86_64-linux-gnu/10/../../../x86_64-linux-gnu/:/usr/lib/gcc/x86_64-linux-gnu/10/../../../../lib/:/lib/x86_64-linux-gnu/:/lib/../lib/:/usr/lib/x86_64-linux-gnu/:/usr/lib/../lib/:/usr/lib/gcc/x86_64-linux-gnu/10/../../../:/lib/:/usr/lib/
COLLECT_GCC_OPTIONS='-v' '-o' 'CMakeFiles/cmTC_372e0.dir/CMakeCCompilerABI.c.o' '-c' '-mtune=generic' '-march=x86-64'
Linking C executable cmTC_372e0
/usr/bin/cmake -E cmake_link_script CMakeFiles/cmTC_372e0.dir/link.txt --verbose=1
/usr/bin/cc  -v CMakeFiles/cmTC_372e0.dir/CMakeCCompilerABI.c.o -o cmTC_372e0 
Using built-in specs.
COLLECT_GCC=/usr/bin/cc
COLLECT_LTO_WRAPPER=/usr/lib/gcc/x86_64-linux-gnu/10/lto-wrapper
OFFLOAD_TARGET_NAMES=nvptx-none:amdgcn-amdhsa:hsa
OFFLOAD_TARGET_DEFAULT=1
Target: x86_64-linux-gnu
Configured with: ../src/configure -v --with-pkgversion='Debian 10.2.1-6' --with-bugurl=file:///usr/share/doc/gcc-10/README.Bugs --enable-languages=c,ada,c++,go,brig,d,fortran,objc,obj-c++,m2 --prefix=/usr --with-gcc-major-version-only --program-suffix=-10 --program-prefix=x86_64-linux-gnu- --enable-shared --enable-linker-build-id --libexecdir=/usr/lib --without-included-gettext --enable-threads=posix --libdir=/usr/lib --enable-nls --enable-bootstrap --enable-clocale=gnu --enable-libstdcxx-debug --enable-libstdcxx-time=yes --with-default-libstdcxx-abi=new --enable-gnu-unique-object --disable-vtable-verify --enable-plugin --enable-default-pie --with-system-zlib --enable-libphobos-checking=release --with-target-system-zlib=auto --enable-objc-gc=auto --enable-multiarch --disable-werror --with-arch-32=i686 --with-abi=m64 --with-multilib-list=m32,m64,mx32 --enable-multilib --with-tune=generic --enable-offload-targets=nvptx-none=/build/gcc-10-Km9U7s/gcc-10-10.2.1/debian/tmp-nvptx/usr,amdgcn-amdhsa=/build/gcc-10-Km9U7s/gcc-10-10.2.1/debian/tmp-gcn/usr,hsa --without-cuda-driver --enable-checking=release --build=x86_64-linux-gnu --host=x86_64-linux-gnu --target=x86_64-linux-gnu --with-build-config=bootstrap-lto-lean --enable-link-mutex
Thread model: posix
Supported LTO compression algorithms: zlib zstd
gcc version 10.2.1 20210110 (Debian 10.2.1-6) 
COMPILER_PATH=/usr/lib/gcc/x86_64-linux-gnu/10/:/usr/lib/gcc/x86_64-linux-gnu/10/:/usr/lib/gcc/x86_64-linux-gnu/:/usr/lib/gcc/x86_64-linux-gnu/10/:/usr/lib/gcc/x86_64-linux-gnu/
LIBRARY_PATH=/usr/lib/gcc/x86_64-linux-gnu/10/:/usr/lib/gcc/x86_64-linux-gnu/10/../../../x86_64-linux-gnu/:/usr/lib/gcc/x86_64-linux-gnu/10/../../../../lib/:/lib/x86_64-linux-gnu/:/lib/../lib/:/usr/lib/x86_64-linux-gnu/:/usr/lib/../lib/:/usr/lib/gcc/x86_64-linux-gnu/10/../../../:/lib/:/usr/lib/
COLLECT_GCC_OPTIONS='-v' '-o' 'cmTC_372e0' '-mtune=generic' '-march=x86-64'
 /usr/lib/gcc/x86_64-linux-gnu/10/collect2 -plugin /usr/lib/gcc/x86_64-linux-gnu/10/liblto_plugin.so -plugin-opt=/usr/lib/gcc/x86_64-linux-gnu/10/lto-wrapper -plugin-opt=-fresolution=/tmp/cck3QnkO.res -plugin-opt=-pass-through=-lgcc -plugin-opt=-pass-through=-lgcc_s -plugin-opt=-pass-through=-lc -plugin-opt=-pass-through=-lgcc -plugin-opt=-pass-through=-lgcc_s --build-id --eh-frame-hdr -m elf_x86_64 --hash-style=gnu --as-needed -dynamic-linker /lib64/ld-linux-x86-64.so.2 -pie -o cmTC_372e0 /usr/lib/gcc/x86_64-linux-gnu/10/../../../x86_64-linux-gnu/Scrt1.o /usr/lib/gcc/x86_64-linux-gnu/10/../../../x86_64-linux-gnu/crti.o /usr/lib/gcc/x86_64-linux-gnu/10/crtbeginS.o -L/usr/lib/gcc/x86_64-linux-gnu/10 -L/usr/lib/gcc/x86_64-linux-gnu/10/../../../x86_64-linux-gnu -L/usr/lib/gcc/x86_64-linux-gnu/10/../../../../lib -L/lib/x86_64-linux-gnu -L/lib/../lib -L/usr/lib/x86_64-linux-gnu -L/usr/lib/../lib -L/usr/lib/gcc/x86_64-linux-gnu/10/../../.. CMakeFiles/cmTC_372e0.dir/CMakeCCompilerABI.c.o -lgcc --push-state --as-needed -lgcc_s --pop-state -lc -lgcc --push-state --as-needed -lgcc_s --pop-state /usr/lib/gcc/x86_64-linux-gnu/10/crtendS.o /usr/lib/gcc/x86_64-linux-gnu/10/../../../x86_64-linux-gnu/crtn.o
COLLECT_GCC_OPTIONS='-v' '-o' 'cmTC_372e0' '-mtune=generic' '-march=x86-64'
gmake[1]: Leaving directory '/home/ion/src/cuems/xjadeo/build/CMakeFiles/CMakeTmp'



Parsed C implicit include dir info from above output: rv=done
  found start of include info
  found start of implicit include info
    add: [/usr/lib/gcc/x86_64-linux-gnu/10/include]
    add: [/usr/local/include]
    add: [/usr/include/x86_64-linux-gnu]
    add: [/usr/include]
  end of search list found
  collapse include dir [/usr/lib/gcc/x86_64-linux-gnu/10/include] ==> [/usr/lib/gcc/x86_64-linux-gnu/10/include]
  collapse include dir [/usr/local/include] ==> [/usr/local/include]
  collapse include dir [/usr/include/x86_64-linux-gnu] ==> [/usr/include/x86_64-linux-gnu]
  collapse include dir [/usr/include] ==> [/usr/include]
  implicit include dirs: [/usr/lib/gcc/x86_64-linux-gnu/10/include;/usr/local/include;/usr/include/x86_64-linux-gnu;/usr/include]


Parsed C implicit link information from above output:
  link line regex: [^( *|.*[/\])(ld|CMAKE_LINK_STARTFILE-NOTFOUND|([^/\]+-)?ld|collect2)[^/\]*( |$)]
  ignore line: [Change Dir: /home/ion/src/cuems/xjadeo/build/CMakeFiles/CMakeTmp]
  ignore line: []
  ignore line: [Run Build Command(s):/usr/bin/gmake cmTC_372e0/fast && /usr/bin/gmake  -f CMakeFiles/cmTC_372e0.dir/build.make CMakeFiles/cmTC_372e0.dir/build]
  ignore line: [gmake[1]: Entering directory '/home/ion/src/cuems/xjadeo/build/CMakeFiles/CMakeTmp']
  ignore line: [Building C object CMakeFiles/cmTC_372e0.dir/CMakeCCompilerABI.c.o]
  ignore line: [/usr/bin/cc   -v -o CMakeFiles/cmTC_372e0.dir/CMakeCCompilerABI.c.o -c /usr/share/cmake-3.18/Modules/CMakeCCompilerABI.c]
  ignore line: [Using built-in specs.]
  ignore line: [COLLECT_GCC=/usr/bin/cc]
  ignore line: [OFFLOAD_TARGET_NAMES=nvptx-none:amdgcn-amdhsa:hsa]
  ignore line: [OFFLOAD_TARGET_DEFAULT=1]
  ignore line: [Target: x86_64-linux-gnu]
  ignore line: [Configured with: ../src/configure -v --with-pkgversion='Debian 10.2.1-6' --with-bugurl=file:///usr/share/doc/gcc-10/README.Bugs --enable-languages=c ada c++ go brig d fortran objc obj-c++ m2 --prefix=/usr --with-gcc-major-version-only --program-suffix=-10 --program-prefix=x86_64-linux-gnu- --enable-shared --enable-linker-build-id --libexecdir=/usr/lib --without-included-gettext --enable-threads=posix --libdir=/usr/lib --enable-nls --enable-bootstrap --enable-clocale=gnu --enable-libstdcxx-debug --enable-libstdcxx-time=yes --with-default-libstdcxx-abi=new --enable-gnu-unique-object --disable-vtable-verify --enable-plugin --enable-default-pie --with-system-zlib --enable-libphobos-checking=release --with-target-system-zlib=auto --enable-objc-gc=auto --enable-multiarch --disable-werror --with-arch-32=i686 --with-abi=m64 --with-multilib-list=m32 m64 mx32 --enable-multilib --with-tune=generic --enable-offload-targets=nvptx-none=/build/gcc-10-Km9U7s/gcc-10-10.2.1/debian/tmp-nvptx/usr amdgcn-amdhsa=/build/gcc-10-Km9U7s/gcc-10-10.2.1/debian/tmp-gcn/usr hsa --without-cuda-driver --enable-checking=release --build=x86_64-linux-gnu --host=x86_64-linux-gnu --target=x86_64-linux-gnu --with-build-config=bootstrap-lto-lean --enable-link-mutex]
  ignore line: [Thread model: posix]
  ignore line: [Supported LTO compression algorithms: zlib zstd]
  ignore line: [gcc version 10.2.1 20210110 (Debian 10.2.1-6) ]
  ignore line: [COLLECT_GCC_OPTIONS='-v' '-o' 'CMakeFiles/cmTC_372e0.dir/CMakeCCompilerABI.c.o' '-c' '-mtune=generic' '-march=x86-64']
  ignore line: [ /usr/lib/gcc/x86_64-linux-gnu/10/cc1 -quiet -v -imultiarch x86_64-linux-gnu /usr/share/cmake-3.18/Modules/CMakeCCompilerABI.c -quiet -dumpbase CMakeCCompilerABI.c -mtune=generic -march=x86-64 -auxbase-strip CMakeFiles/cmTC_372e0.dir/CMakeCCompilerABI.c.o -version -fasynchronous-unwind-tables -o /tmp/ccXJD9Uk.s]
  ignore line: [GNU C17 (Debian 10.2.1-6) version 10.2.1 20210110 (x86_64-linux-gnu)]
  ignore line: [	compiled by GNU C version 10.2.1 20210110  GMP version 6.2.1  MPFR version 4.1.0  MPC version 1.2.0  isl version isl-0.23-GMP]
  ignore line: []
  ignore line: [GGC heuristics: --param ggc-min-expand=100 --param ggc-min-heapsize=131072]
  ignore line: [ignoring nonexistent directory "/usr/local/include/x86_64-linux-gnu"]
  ignore line: [ignoring nonexistent directory "/usr/lib/gcc/x86_64-linux-gnu/10/include-fixed"]
  ignore line: [ignoring nonexistent directory "/usr/lib/gcc/x86_64-linux-gnu/10/../../../../x86_64-linux-gnu/include"]
  ignore line: [#include "..." search starts here:]
  ignore line: [#include <...> search starts here:]
  ignore line: [ /usr/lib/gcc/x86_64-linux-gnu/10/include]
  ignore line: [ /usr/local/include]
  ignore line: [ /usr/include/x86_64-linux-gnu]
  ignore line: [ /usr/include]
  ignore line: [End of search list.]
  ignore line: [GNU C17 (Debian 10.2.1-6) version 10.2.1 20210110 (x86_64-linux-gnu)]
  ignore line: [	compiled by GNU C version 10.2.1 20210110  GMP version 6.2.1  MPFR version 4.1.0  MPC version 1.2.0  isl version isl-0.23-GMP]
  ignore line: []
  ignore line: [GGC heuristics: --param ggc-min-expand=100 --param ggc-min-heapsize=131072]
  ignore line: [Compiler executable checksum: 1f803793fa2e3418c492b25e7d3eac2f]
  ignore line: [COLLECT_GCC_OPTIONS='-v' '-o' 'CMakeFiles/cmTC_372e0.dir/CMakeCCompilerABI.c.o' '-c' '-mtune=generic' '-march=x86-64']
  ignore line: [ as -v --64 -o CMakeFiles/cmTC_372e0.dir/CMakeCCompilerABI.c.o /tmp/ccXJD9Uk.s]
  ignore line: [GNU assembler version 2.35.2 (x86_64-linux-gnu) using BFD version (GNU Binutils for Debian) 2.35.2]
  ignore line: [COMPILER_PATH=/usr/lib/gcc/x86_64-linux-gnu/10/:/usr/lib/gcc/x86_64-linux-gnu/10/:/usr/lib/gcc/x86_64-linux-gnu/:/usr/lib/gcc/x86_64-linux-gnu/10/:/usr/lib/gcc/x86_64-linux-gnu/]
  ignore line: [LIBRARY_PATH=/usr/lib/gcc/x86_64-linux-gnu/10/:/usr/lib/gcc/x86_64-linux-gnu/10/../../../x86_64-linux-gnu/:/usr/lib/gcc/x86_64-linux-gnu/10/../../../../lib/:/lib/x86_64-linux-gnu/:/lib/../lib/:/usr/lib/x86_64-linux-gnu/:/usr/lib/../lib/:/usr/lib/gcc/x86_64-linux-gnu/10/../../../:/lib/:/usr/lib/]
  ignore line: [COLLECT_GCC_OPTIONS='-v' '-o' 'CMakeFiles/cmTC_372e0.dir/CMakeCCompilerABI.c.o' '-c' '-mtune=generic' '-march=x86-64']
  ignore line: [Linking C executable cmTC_372e0]
  ignore line: [/usr/bin/cmake -E cmake_link_script CMakeFiles/cmTC_372e0.dir/link.txt --verbose=1]
  ignore line: [/usr/bin/cc  -v CMakeFiles/cmTC_372e0.dir/CMakeCCompilerABI.c.o -o cmTC_372e0 ]
  ignore line: [Using built-in specs.]
  ignore line: [COLLECT_GCC=/usr/bin/cc]
  ignore line: [COLLECT_LTO_WRAPPER=/usr/lib/gcc/x86_64-linux-gnu/10/lto-wrapper]
  ignore line: [OFFLOAD_TARGET_NAMES=nvptx-none:amdgcn-amdhsa:hsa]
  ignore line: [OFFLOAD_TARGET_DEFAULT=1]
  ignore line: [Target: x86_64-linux-gnu]
  ignore line: [Configured with: ../src/configure -v --with-pkgversion='Debian 10.2.1-6' --with-bugurl=file:///usr/share/doc/gcc-10/README.Bugs --enable-languages=c ada c++ go brig d fortran objc obj-c++ m2 --prefix=/usr --with-gcc-major-version-only --program-suffix=-10 --program-prefix=x86_64-linux-gnu- --enable-shared --enable-linker-build-id --libexecdir=/usr/lib --without-included-gettext --enable-threads=posix --libdir=/usr/lib --enable-nls --enable-bootstrap --enable-clocale=gnu --enable-libstdcxx-debug --enable-libstdcxx-time=yes --with-default-libstdcxx-abi=new --enable-gnu-unique-object --disable-vtable-verify --enable-plugin --enable-default-pie --with-system-zlib --enable-libphobos-checking=release --with-target-system-zlib=auto --enable-objc-gc=auto --enable-multiarch --disable-werror --with-arch-32=i686 --with-abi=m64 --with-multilib-list=m32 m64 mx32 --enable-multilib --with-tune=generic --enable-offload-targets=nvptx-none=/build/gcc-10-Km9U7s/gcc-10-10.2.1/debian/tmp-nvptx/usr amdgcn-amdhsa=/build/gcc-10-Km9U7s/gcc-10-10.2.1/debian/tmp-gcn/usr hsa --without-cuda-driver --enable-checking=release --build=x86_64-linux-gnu --host=x86_64-linux-gnu --target=x86_64-linux-gnu --with-build-config=bootstrap-lto-lean --enable-link-mutex]
  ignore line: [Thread model: posix]
  ignore line: [Supported LTO compression algorithms: zlib zstd]
  ignore line: [gcc version 10.2.1 20210110 (Debian 10.2.1-6) ]
  ignore line: [COMPILER_PATH=/usr/lib/gcc/x86_64-linux-gnu/10/:/usr/lib/gcc/x86_64-linux-gnu/10/:/usr/lib/gcc/x86_64-linux-gnu/:/usr/lib/gcc/x86_64-linux-gnu/10/:/usr/lib/gcc/x86_64-linux-gnu/]
  ignore line: [LIBRARY_PATH=/usr/lib/gcc/x86_64-linux-gnu/10/:/usr/lib/gcc/x86_64-linux-gnu/10/../../../x86_64-linux-gnu/:/usr/lib/gcc/x86_64-linux-gnu/10/../../../../lib/:/lib/x86_64-linux-gnu/:/lib/../lib/:/usr/lib/x86_64-linux-gnu/:/usr/lib/../lib/:/usr/lib/gcc/x86_64-linux-gnu/10/../../../:/lib/:/usr/lib/]
  ignore line: [COLLECT_GCC_OPTIONS='-v' '-o' 'cmTC_372e0' '-mtune=generic' '-march=x86-64']
  link line: [ /usr/lib/gcc/x86_64-linux-gnu/10/collect2 -plugin /usr/lib/gcc/x86_64-linux-gnu/10/liblto_plugin.so -plugin-opt=/usr/lib/gcc/x86_64-linux-gnu/10/lto-wrapper -plugin-opt=-fresolution=/tmp/cck3QnkO.res -plugin-opt=-pass-through=-lgcc -plugin-opt=-pass-through=-lgcc_s -plugin-opt=-pass-through=-lc -plugin-opt=-pass-through=-lgcc -plugin-opt=-pass-through=-lgcc_s --build-id --eh-frame-hdr -m elf_x86_64 --hash-style=gnu --as-needed -dynamic-linker /lib64/ld-linux-x86-64.so.2 -pie -o cmTC_372e0 /usr/lib/gcc/x86_64-linux-gnu/10/../../../x86_64-linux-gnu/Scrt1.o /usr/lib/gcc/x86_64-linux-gnu/10/../../../x86_64-linux-gnu/crti.o /usr/lib/gcc/x86_64-linux-gnu/10/crtbeginS.o -L/usr/lib/gcc/x86_64-linux-gnu/10 -L/usr/lib/gcc/x86_64-linux-gnu/10/../../../x86_64-linux-gnu -L/usr/lib/gcc/x86_64-linux-gnu/10/../../../../lib -L/lib/x86_64-linux-gnu -L/lib/../lib -L/usr/lib/x86_64-linux-gnu -L/usr/lib/../lib -L/usr/lib/gcc/x86_64-linux-gnu/10/../../.. CMakeFiles/cmTC_372e0.dir/CMakeCCompilerABI.c.o -lgcc --push-state --as-needed -lgcc_s --pop-state -lc -lgcc --push-state --as-needed -lgcc_s --pop-state /usr/lib/gcc/x86_64-linux-gnu/10/crtendS.o /usr/lib/gcc/x86_64-linux-gnu/10/../../../x86_64-linux-gnu/crtn.o]
    arg [/usr/lib/gcc/x86_64-linux-gnu/10/collect2] ==> ignore
    arg [-plugin] ==> ignore
    arg [/usr/lib/gcc/x86_64-linux-gnu/10/liblto_plugin.so] ==> ignore
    arg [-plugin-opt=/usr/lib/gcc/x86_64-linux-gnu/10/lto-wrapper] ==> ignore
    arg [-plugin-opt=-fresolution=/tmp/cck3QnkO.res] ==> ignore
    arg [-plugin-opt=-pass-through=-lgcc] ==> ignore
    arg [-plugin-opt=-pass-through=-lgcc_s] ==> ignore
    arg [-plugin-opt=-pass-through=-lc] ==> ignore
    arg [-plugin-opt=-pass-through=-lgcc] ==> ignore
    arg [-plugin-opt=-pass-through=-lgcc_s] ==> ignore
    arg [--build-id] ==> ignore
    arg [--eh-frame-hdr] ==> ignore
    arg [-m] ==> ignore
    arg [elf_x86_64] ==> ignore
    arg [--hash-style=gnu] ==> ignore
    arg [--as-needed] ==> ignore
    arg [-dynamic-linker] ==> ignore
    arg [/lib64/ld-linux-x86-64.so.2] ==> ignore
    arg [-pie] ==> ignore
    arg [-o] ==> ignore
    arg [cmTC_372e0] ==> ignore
    arg [/usr/lib/gcc/x86_64-linux-gnu/10/../../../x86_64-linux-gnu/Scrt1.o] ==> ignore
    arg [/usr/lib/gcc/x86_64-linux-gnu/10/../../../x86_64-linux-gnu/crti.o] ==> ignore
    arg [/usr/lib/gcc/x86_64-linux-gnu/10/crtbeginS.o] ==> ignore
    arg [-L/usr/lib/gcc/x86_64-linux-gnu/10] ==> dir [/usr/lib/gcc/x86_64-linux-gnu/10]
    arg [-L/usr/lib/gcc/x86_64-linux-gnu/10/../../../x86_64-linux-gnu] ==> dir [/usr/lib/gcc/x86_64-linux-gnu/10/../../../x86_64-linux-gnu]
    arg [-L/usr/lib/gcc/x86_64-linux-gnu/10/../../../../lib] ==> dir [/usr/lib/gcc/x86_64-linux-gnu/10/../../../../lib]
    arg [-L/lib/x86_64-linux-gnu] ==> dir [/lib/x86_64-linux-gnu]
    arg [-L/lib/../lib] ==> dir [/lib/../lib]
    arg [-L/usr/lib/x86_64-linux-gnu] ==> dir [/usr/lib/x86_64-linux-gnu]
    arg [-L/usr/lib/../lib] ==> dir [/usr/lib/../lib]
    arg [-L/usr/lib/gcc/x86_64-linux-gnu/10/../../..] ==> dir [/usr/lib/gcc/x86_64-linux-gnu/10/../../..]
    arg [CMakeFiles/cmTC_372e0.dir/CMakeCCompilerABI.c.o] ==> ignore
    arg [-lgcc] ==> lib [gcc]
    arg [--push-state] ==> ignore
    arg [--as-needed] ==> ignore
    arg [-lgcc_s] ==> lib [gcc_s]
    arg [--pop-state] ==> ignore
    arg [-lc] ==> lib [c]
    arg [-lgcc] ==> lib [gcc]
    arg [--push-state] ==> ignore
    arg [--as-needed] ==> ignore
    arg [-lgcc_s] ==> lib [gcc_s]
    arg [--pop-state] ==> ignore
    arg [/usr/lib/gcc/x86_64-linux-gnu/10/crtendS.o] ==> ignore
    arg [/usr/lib/gcc/x86_64-linux-gnu/10/../../../x86_64-linux-gnu/crtn.o] ==> ignore
  collapse library dir [/usr/lib/gcc/x86_64-linux-gnu/10] ==> [/usr/lib/gcc/x86_64-linux-gnu/10]
  collapse library dir [/usr/lib/gcc/x86_64-linux-gnu/10/../../../x86_64-linux-gnu] ==> [/usr/lib/x86_64-linux-gnu]
  collapse library dir [/usr/lib/gcc/x86_64-linux-gnu/10/../../../../lib] ==> [/usr/lib]
  collapse library dir [/lib/x86_64-linux-gnu] ==> [/lib/x86_64-linux-gnu]
  collapse library dir [/lib/../lib] ==> [/lib]
  collapse library dir [/usr/lib/x86_64-linux-gnu] ==> [/usr/lib/x86_64-linux-gnu]
  collapse library dir [/usr/lib/../lib] ==> [/usr/lib]
  collapse library dir [/usr/lib/gcc/x86_64-linux-gnu/10/../../..] ==> [/usr/lib]
  implicit libs: [gcc;gcc_s;c;gcc;gcc_s]
  implicit dirs: [/usr/lib/gcc/x86_64-linux-gnu/10;/usr/lib/x86_64-linux-gnu;/usr/lib;/lib/x86_64-linux-gnu;/lib]
  implicit fwks: []


Detecting CXX compiler ABI info compiled with the following output:
Change Dir: /home/ion/src/cuems/xjadeo/build/CMakeFiles/CMakeTmp

Run Build Command(s):/usr/bin/gmake cmTC_35032/fast && /usr/bin/gmake  -f CMakeFiles/cmTC_35032.dir/build.make CMakeFiles/cmTC_35032.dir/build
gmake[1]: Entering directory '/home/ion/src/cuems/xjadeo/build/CMakeFiles/CMakeTmp'
Building CXX object CMakeFiles/cmTC_35032.dir/CMakeCXXCompilerABI.cpp.o
/usr/bin/c++   -v -o CMakeFiles/cmTC_35032.dir/CMakeCXXCompilerABI.cpp.o -c /usr/share/cmake-3.18/Modules/CMakeCXXCompilerABI.cpp
Using built-in specs.
COLLECT_GCC=/usr/bin/c++
OFFLOAD_TARGET_NAMES=nvptx-none:amdgcn-amdhsa:hsa
OFFLOAD_TARGET_DEFAULT=1
Target: x86_64-linux-gnu
Configured with: ../src/configure -v --with-pkgversion='Debian 10.2.1-6' --with-bugurl=file:///usr/share/doc/gcc-10/README.Bugs --enable-languages=c,ada,c++,go,brig,d,fortran,objc,obj-c++,m2 --prefix=/usr --with-gcc-major-version-only --program-suffix=-10 --program-prefix=x86_64-linux-gnu- --enable-shared --enable-linker-build-id --libexecdir=/usr/lib --without-included-gettext --enable-threads=posix --libdir=/usr/lib --enable-nls --enable-bootstrap --enable-clocale=gnu --enable-libstdcxx-debug --enable-libstdcxx-time=yes --with-default-libstdcxx-abi=new --enable-gnu-unique-object --disable-vtable-verify --enable-plugin --enable-default-pie --with-system-zlib --enable-libphobos-checking=release --with-target-system-zlib=auto --enable-objc-gc=auto --enable-multiarch --disable-werror --with-arch-32=i686 --with-abi=m64 --with-multilib-list=m32,m64,mx32 --enable-multilib --with-tune=generic --enable-offload-targets=nvptx-none=/build/gcc-10-Km9U7s/gcc-10-10.2.1/debian/tmp-nvptx/usr,amdgcn-amdhsa=/build/gcc-10-Km9U7s/gcc-10-10.2.1/debian/tmp-gcn/usr,hsa --without-cuda-driver --enable-checking=release --build=x86_64-linux-gnu --host=x86_64-linux-gnu --target=x86_64-linux-gnu --with-build-config=bootstrap-lto-lean --enable-link-mutex
Thread model: posix
Supported LTO compression algorithms: zlib zstd
gcc version 10.2.1 20210110 (Debian 10.2.1-6) 
COLLECT_GCC_OPTIONS='-v' '-o' 'CMakeFiles/cmTC_35032.dir/CMakeCXXCompilerABI.cpp.o' '-c' '-shared-libgcc' '-mtune=generic' '-march=x86-64'
 /usr/lib/gcc/x86_64-linux-gnu/10/cc1plus -quiet -v -imultiarch x86_64-linux-gnu -D_GNU_SOURCE /usr/share/cmake-3.18/Modules/CMakeCXXCompilerABI.cpp -quiet -dumpbase CMakeCXXCompilerABI.cpp -mtune=generic -march=x86-64 -auxbase-strip CMakeFiles/cmTC_35032.dir/CMakeCXXCompilerABI.cpp.o -version -fasynchronous-unwind-tables -o /tmp/ccf2kvtq.s
GNU C++14 (Debian 10.2.1-6) version 10.2.1 20210110 (x86_64-linux-gnu)
	compiled by GNU C version 10.2.1 20210110, GMP version 6.2.1, MPFR version 4.1.0, MPC version 1.2.0, isl version isl-0.23-GMP

GGC heuristics: --param ggc-min-expand=100 --param ggc-min-heapsize=131072
ignoring duplicate directory "/usr/include/x86_64-linux-gnu/c++/10"
ignoring nonexistent directory "/usr/local/include/x86_64-linux-gnu"
ignoring nonexistent directory "/usr/lib/gcc/x86_64-linux-gnu/10/include-fixed"
ignoring nonexistent directory "/usr/lib/gcc/x86_64-linux-gnu/10/../../../../x86_64-linux-gnu/include"
#include "..." search starts here:
#include <...> search starts here:
 /usr/include/c++/10
 /usr/include/x86_64-linux-gnu/c++/10
 /usr/include/c++/10/backward
 /usr/lib/gcc/x86_64-linux-gnu/10/include
 /usr/local/include
 /usr/include/x86_64-linux-gnu
 /usr/include
End of search list.
GNU C++14 (Debian 10.2.1-6) version 10.2.1 20210110 (x86_64-linux-gnu)
	compiled by GNU C version 10.2.1 20210110, GMP version 6.2.1, MPFR version 4.1.0, MPC version 1.2.0, isl version isl-0.23-GMP

GGC heuristics: --param ggc-min-expand=100 --param ggc-min-heapsize=131072
Compiler executable checksum: 048fcaee3460a99eb0d68522358720e1
COLLECT_GCC_OPTIONS='-v' '-o' 'CMakeFiles/cmTC_35032.dir/CMakeCXXCompilerABI.cpp.o' '-c' '-shared-libgcc' '-mtune=generic' '-march=x86-64'
 as -v --64 -o CMakeFiles/cmTC_35032.dir/CMakeCXXCompilerABI.cpp.o /tmp/ccf2kvtq.s
GNU assembler version 2.35.2 (x86_64-linux-gnu) using BFD version (GNU Binutils for Debian) 2.35.2
COMPILER_PATH=/usr/lib/gcc/x86_64-linux-gnu/10/:/usr/lib/gcc/x86_64-linux-gnu/10/:/usr/lib/gcc/x86_64-linux-gnu/:/usr/lib/gcc/x86_64-linux-gnu/10/:/usr/lib/gcc/x86_64-linux-gnu/
LIBRARY_PATH=/usr/lib/gcc/x86_64-linux-gnu/10/:/usr/lib/gcc/x86_64-linux-gnu/10/../../../x86_64-linux-gnu/:/usr/lib/gcc/x86_64-linux-gnu/10/../../../../lib/:/lib/x86_64-linux-gnu/:/lib/../lib/:/usr/lib/x86_64-linux-gnu/:/usr/lib/../lib/:/usr/lib/gcc/x86_64-linux-gnu/10/../../../:/lib/:/usr/lib/
COLLECT_GCC_OPTIONS='-v' '-o' 'CMakeFiles/cmTC_35032.dir/CMakeCXXCompilerABI.cpp.o' '-c' '-shared-libgcc' '-mtune=generic' '-march=x86-64'
Linking CXX executable cmTC_35032
/usr/bin/cmake -E cmake_link_script CMakeFiles/cmTC_35032.dir/link.txt --verbose=1
/usr/bin/c++  -v CMakeFiles/cmTC_35032.dir/CMakeCXXCompilerABI.cpp.o -o cmTC_35032 
Using built-in specs.
COLLECT_GCC=/usr/bin/c++
COLLECT_LTO_WRAPPER=/usr/lib/gcc/x86_64-linux-gnu/10/lto-wrapper
OFFLOAD_TARGET_NAMES=nvptx-none:amdgcn-amdhsa:hsa
OFFLOAD_TARGET_DEFAULT=1
Target: x86_64-linux-gnu
Configured with: ../src/configure -v --with-pkgversion='Debian 10.2.1-6' --with-bugurl=file:///usr/share/doc/gcc-10/README.Bugs --enable-languages=c,ada,c++,go,brig,d,fortran,objc,obj-c++,m2 --prefix=/usr --with-gcc-major-version-only --program-suffix=-10 --program-prefix=x86_64-linux-gnu- --enable-shared --enable-linker-build-id --libexecdir=/usr/lib --without-included-gettext --enable-threads=posix --libdir=/usr/lib --enable-nls --enable-bootstrap --enable-clocale=gnu --enable-libstdcxx-debug --enable-libstdcxx-time=yes --with-default-libstdcxx-abi=new --enable-gnu-unique-object --disable-vtable-verify --enable-plugin --enable-default-pie --with-system-zlib --enable-libphobos-checking=release --with-target-system-zlib=auto --enable-objc-gc=auto --enable-multiarch --disable-werror --with-arch-32=i686 --with-abi=m64 --with-multilib-list=m32,m64,mx32 --enable-multilib --with-tune=generic --enable-offload-targets=nvptx-none=/build/gcc-10-Km9U7s/gcc-10-10.2.1/debian/tmp-nvptx/usr,amdgcn-amdhsa=/build/gcc-10-Km9U7s/gcc-10-10.2.1/debian/tmp-gcn/usr,hsa --without-cuda-driver --enable-checking=release --build=x86_64-linux-gnu --host=x86_64-linux-gnu --target=x86_64-linux-gnu --with-build-config=bootstrap-lto-lean --enable-link-mutex
Thread model: posix
Supported LTO compression algorithms: zlib zstd
gcc version 10.2.1 20210110 (Debian 10.2.1-6) 
COMPILER_PATH=/usr/lib/gcc/x86_64-linux-gnu/10/:/usr/lib/gcc/x86_64-linux-gnu/10/:/usr/lib/gcc/x86_64-linux-gnu/:/usr/lib/gcc/x86_64-linux-gnu/10/:/usr/lib/gcc/x86_64-linux-gnu/
LIBRARY_PATH=/usr/lib/gcc/x86_64-linux-gnu/10/:/usr/lib/gcc/x86_64-linux-gnu/10/../../../x86_64-linux-gnu/:/usr/lib/gcc/x86_64-linux-gnu/10/../../../../lib/:/lib/x86_64-linux-gnu/:/lib/../lib/:/usr/lib/x86_64-linux-gnu/:/usr/lib/../lib/:/usr/lib/gcc/x86_64-linux-gnu/10/../../../:/lib/:/usr/lib/
COLLECT_GCC_OPTIONS='-v' '-o' 'cmTC_35032' '-shared-libgcc' '-mtune=generic' '-march=x86-64'
 /usr/lib/gcc/x86_64-linux-gnu/10/collect2 -plugin /usr/lib/gcc/x86_64-linux-gnu/10/liblto_plugin.so -plugin-opt=/usr/lib/gcc/x86_64-linux-gnu/10/lto-wrapper -plugin-opt=-fresolution=/tmp/ccCou1PS.res -plugin-opt=-pass-through=-lgcc_s -plugin-opt=-pass-through=-lgcc -plugin-opt=-pass-through=-lc -plugin-opt=-pass-through=-lgcc_s -plugin-opt=-pass-through=-lgcc --build-id --eh-frame-hdr -m elf_x86_64 --hash-style=gnu --as-needed -dynamic-linker /lib64/ld-linux-x86-64.so.2 -pie -o cmTC_35032 /usr/lib/gcc/x86_64-linux-gnu/10/../../../x86_64-linux-gnu/Scrt1.o /usr/lib/gcc/x86_64-linux-gnu/10/../../../x86_64-linux-gnu/crti.o /usr/lib/gcc/x86_64-linux-gnu/10/crtbeginS.o -L/usr/lib/gcc/x86_64-linux-gnu/10 -L/usr/lib/gcc/x86_64-linux-gnu/10/../../../x86_64-linux-gnu -L/usr/lib/gcc/x86_64-linux-gnu/10/../../../../lib -L/lib/x86_64-linux-gnu -L/lib/../lib -L/usr/lib/x86_64-linux-gnu -L/usr/lib/../lib -L/usr/lib/gcc/x86_64-linux-gnu/10/../../.. CMakeFiles/cmTC_35032.dir/CMakeCXXCompilerABI.cpp.o -lstdc++ -lm -lgcc_s -lgcc -lc -lgcc_s -lgcc /usr/lib/gcc/x86_64-linux-gnu/10/crtendS.o /usr/lib/gcc/x86_64-linux-gnu/10/../../../x86_64-linux-gnu/crtn.o
COLLECT_GCC_OPTIONS='-v' '-o' 'cmTC_35032' '-shared-libgcc' '-mtune=generic' '-march=x86-64'
gmake[1]: Leaving directory '/home/ion/src/cuems/xjadeo/build/CMakeFiles/CMakeTmp'



Parsed CXX implicit include dir info from above output: rv=done
  found start of include info
  found start of implicit include info
    add: [/usr/include/c++/10]
    add: [/usr/include/x86_64-linux-gnu/c++/10]
    add: [/usr/include/c++/10/backward]
    add: [/usr/lib/gcc/x86_64-linux-gnu/10/include]
    add: [/usr/local/include]
    add: [/usr/include/x86_64-linux-gnu]
    add: [/usr/include]
  end of search list found
  collapse include dir [/usr/include/c++/10] ==> [/usr/include/c++/10]
  collapse include dir [/usr/include/x86_64-linux-gnu/c++/10] ==> [/usr/include/x86_64-linux-gnu/c++/10]
  collapse include dir [/usr/include/c++/10/backward] ==> [/usr/include/c++/10/backward]
  collapse include dir [/usr/lib/gcc/x86_64-linux-gnu/10/include] ==> [/usr/lib/gcc/x86_64-linux-gnu/10/include]
  collapse include dir [/usr/local/include] ==> [/usr/local/include]
  collapse include dir [/usr/include/x86_64-linux-gnu] ==> [/usr/include/x86_64-linux-gnu]
  collapse include dir [/usr/include] ==> [/usr/include]
  implicit include dirs: [/usr/include/c++/10;/usr/include/x86_64-linux-gnu/c++/10;/usr/include/c++/10/backward;/usr/lib/gcc/x86_64-linux-gnu/10/include;/usr/local/include;/usr/include/x86_64-linux-gnu;/usr/include]


Parsed CXX implicit link information from above output:
  link line regex: [^( *|.*[/\])(ld|CMAKE_LINK_STARTFILE-NOTFOUND|([^/\]+-)?ld|collect2)[^/\]*( |$)]
  ignore line: [Change Dir: /home/ion/src/cuems/xjadeo/build/CMakeFiles/CMakeTmp]
  ignore line: []
  ignore line: [Run Build Command(s):/usr/bin/gmake cmTC_35032/fast && /usr/bin/gmake  -f CMakeFiles/cmTC_35032.dir/build.make CMakeFiles/cmTC_35032.dir/build]
  ignore line: [gmake[1]: Entering directory '/home/ion/src/cuems/xjadeo/build/CMakeFiles/CMakeTmp']
  ignore line: [Building CXX object CMakeFiles/cmTC_35032.dir/CMakeCXXCompilerABI.cpp.o]
  ignore line: [/usr/bin/c++   -v -o CMakeFiles/cmTC_35032.dir/CMakeCXXCompilerABI.cpp.o -c /usr/share/cmake-3.18/Modules/CMakeCXXCompilerABI.cpp]
  ignore line: [Using built-in specs.]
  ignore line: [COLLECT_GCC=/usr/bin/c++]
  ignore line: [OFFLOAD_TARGET_NAMES=nvptx-none:amdgcn-amdhsa:hsa]
  ignore line: [OFFLOAD_TARGET_DEFAULT=1]
  ignore line: [Target: x86_64-linux-gnu]
  ignore line: [Configured with: ../src/configure -v --with-pkgversion='Debian 10.2.1-6' --with-bugurl=file:///usr/share/doc/gcc-10/README.Bugs --enable-languages=c ada c++ go brig d fortran objc obj-c++ m2 --prefix=/usr --with-gcc-major-version-only --program-suffix=-10 --program-prefix=x86_64-linux-gnu- --enable-shared --enable-linker-build-id --libexecdir=/usr/lib --without-included-gettext --enable-threads=posix --libdir=/usr/lib --enable-nls --enable-bootstrap --enable-clocale=gnu --enable-libstdcxx-debug --enable-libstdcxx-time=yes --with-default-libstdcxx-abi=new --enable-gnu-unique-object --disable-vtable-verify --enable-plugin --enable-default-pie --with-system-zlib --enable-libphobos-checking=release --with-target-system-zlib=auto --enable-objc-gc=auto --enable-multiarch --disable-werror --with-arch-32=i686 --with-abi=m64 --with-multilib-list=m32 m64 mx32 --enable-multilib --with-tune=generic --enable-offload-targets=nvptx-none=/build/gcc-10-Km9U7s/gcc-10-10.2.1/debian/tmp-nvptx/usr amdgcn-amdhsa=/build/gcc-10-Km9U7s/gcc-10-10.2.1/debian/tmp-gcn/usr hsa --without-cuda-driver --enable-checking=release --build=x86_64-linux-gnu --host=x86_64-linux-gnu --target=x86_64-linux-gnu --with-build-config=bootstrap-lto-lean --enable-link-mutex]
  ignore line: [Thread model: posix]
  ignore line: [Supported LTO compression algorithms: zlib zstd]
  ignore line: [gcc version 10.2.1 20210110 (Debian 10.2.1-6) ]
  ignore line: [COLLECT_GCC_OPTIONS='-v' '-o' 'CMakeFiles/cmTC_35032.dir/CMakeCXXCompilerABI.cpp.o' '-c' '-shared-libgcc' '-mtune=generic' '-march=x86-64']
  ignore line: [ /usr/lib/gcc/x86_64-linux-gnu/10/cc1plus -quiet -v -imultiarch x86_64-linux-gnu -D_GNU_SOURCE /usr/share/cmake-3.18/Modules/CMakeCXXCompilerABI.cpp -quiet -dumpbase CMakeCXXCompilerABI.cpp -mtune=generic -march=x86-64 -auxbase-strip CMakeFiles/cmTC_35032.dir/CMakeCXXCompilerABI.cpp.o -version -fasynchronous-unwind-tables -o /tmp/ccf2kvtq.s]
  ignore line: [GNU C++14 (Debian 10.2.1-6) version 10.2.1 20210110 (x86_64-linux-gnu)]
  ignore line: [	compiled by GNU C version 10.2.1 20210110  GMP version 6.2.1  MPFR version 4.1.0  MPC version 1.2.0  isl version isl-0.23-GMP]
  ignore line: []
  ignore line: [GGC heuristics: --param ggc-min-expand=100 --param ggc-min-heapsize=131072]
  ignore line: [ignoring duplicate directory "/usr/include/x86_64-linux-gnu/c++/10"]
  ignore line: [ignoring nonexistent directory "/usr/local/include/x86_64-linux-gnu"]
  ignore line: [ignoring nonexistent directory "/usr/lib/gcc/x86_64-linux-gnu/10/include-fixed"]
  ignore line: [ignoring nonexistent directory "/usr/lib/gcc/x86_64-linux-gnu/10/../../../../x86_64-linux-gnu/include"]
  ignore line: [#include "..." search starts here:]
  ignore line: [#include <...> search starts here:]
  ignore line: [ /usr/include/c++/10]
  ignore line: [ /usr/include/x86_64-linux-gnu/c++/10]
  ignore line: [ /usr/include/c++/10/backward]
  ignore line: [ /usr/lib/gcc/x86_64-linux-gnu/10/include]
  ignore line: [ /usr/local/include]
  ignore line: [ /usr/include/x86_64-linux-gnu]
  ignore line: [ /usr/include]
  ignore line: [End of search list.]
  ignore line: [GNU C++14 (Debian 10.2.1-6) version 10.2.1 20210110 (x86_64-linux-gnu)]
  ignore line: [	compiled by GNU C version 10.2.1 20210110  GMP version 6.2.1  MPFR version 4.1.0  MPC version 1.2.0  isl version isl-0.23-GMP]
  ignore line: []
  ignore line: [GGC heuristics: --param ggc-min-expand=100 --param ggc-min-heapsize=131072]
  ignore line: [Compiler executable checksum: 048fcaee3460a99eb0d68522358720e1]
  ignore line: [COLLECT_GCC_OPTIONS='-v' '-o' 'CMakeFiles/cmTC_35032.dir/CMakeCXXCompilerABI.cpp.o' '-c' '-shared-libgcc' '-mtune=generic' '-march=x86-64']
  ignore line: [ as -v --64 -o CMakeFiles/cmTC_35032.dir/CMakeCXXCompilerABI.cpp.o /tmp/ccf2kvtq.s]
  ignore line: [GNU assembler version 2.35.2 (x86_64-linux-gnu) using BFD version (GNU Binutils for Debian) 2.35.2]
  ignore line: [COMPILER_PATH=/usr/lib/gcc/x86_64-linux-gnu/10/:/usr/lib/gcc/x86_64-linux-gnu/10/:/usr/lib/gcc/x86_64-linux-gnu/:/usr/lib/gcc/x86_64-linux-gnu/10/:/usr/lib/gcc/x86_64-linux-gnu/]
  ignore line: [LIBRARY_PATH=/usr/lib/gcc/x86_64-linux-gnu/10/:/usr/lib/gcc/x86_64-linux-gnu/10/../../../x86_64-linux-gnu/:/usr/lib/gcc/x86_64-linux-gnu/10/../../../../lib/:/lib/x86_64-linux-gnu/:/lib/../lib/:/usr/lib/x86_64-linux-gnu/:/usr/lib/../lib/:/usr/lib/gcc/x86_64-linux-gnu/10/../../../:/lib/:/usr/lib/]
  ignore line: [COLLECT_GCC_OPTIONS='-v' '-o' 'CMakeFiles/cmTC_35032.dir/CMakeCXXCompilerABI.cpp.o' '-c' '-shared-libgcc' '-mtune=generic' '-march=x86-64']
  ignore line: [Linking CXX executable cmTC_35032]
  ignore line: [/usr/bin/cmake -E cmake_link_script CMakeFiles/cmTC_35032.dir/link.txt --verbose=1]
  ignore line: [/usr/bin/c++  -v CMakeFiles/cmTC_35032.dir/CMakeCXXCompilerABI.cpp.o -o cmTC_35032 ]
  ignore line: [Using built-in specs.]
  ignore line: [COLLECT_GCC=/usr/bin/c++]
  ignore line: [COLLECT_LTO_WRAPPER=/usr/lib/gcc/x86_64-linux-gnu/10/lto-wrapper]
  ignore line: [OFFLOAD_TARGET_NAMES=nvptx-none:amdgcn-amdhsa:hsa]
  ignore line: [OFFLOAD_TARGET_DEFAULT=1]
  ignore line: [Target: x86_64-linux-gnu]
  ignore line: [Configured with: ../src/configure -v --with-pkgversion='Debian 10.2.1-6' --with-bugurl=file:///usr/share/doc/gcc-10/README.Bugs --enable-languages=c ada c++ go brig d fortran objc obj-c++ m2 --prefix=/usr --with-gcc-major-version-only --program-suffix=-10 --program-prefix=x86_64-linux-gnu- --enable-shared --enable-linker-build-id --libexecdir=/usr/lib --without-included-gettext --enable-threads=posix --libdir=/usr/lib --enable-nls --enable-bootstrap --enable-clocale=gnu --enable-libstdcxx-debug --enable-libstdcxx-time=yes --with-default-libstdcxx-abi=new --enable-gnu-unique-object --disable-vtable-verify --enable-plugin --enable-default-pie --with-system-zlib --enable-libphobos-checking=release --with-target-system-zlib=auto --enable-objc-gc=auto --enable-multiarch --disable-werror --with-arch-32=i686 --with-abi=m64 --with-multilib-list=m32 m64 mx32 --enable-multilib --with-tune=generic --enable-offload-targets=nvptx-none=/build/gcc-10-Km9U7s/gcc-10-10.2.1/debian/tmp-nvptx/usr amdgcn-amdhsa=/build/gcc-10-Km9U7s/gcc-10-10.2.1/debian/tmp-gcn/usr hsa --without-cuda-driver --enable-checking=release --build=x86_64-linux-gnu --host=x86_64-linux-gnu --target=x86_64-linux-gnu --with-build-config=bootstrap-lto-lean --enable-link-mutex]
  ignore line: [Thread model: posix]
  ignore line: [Supported LTO compression algorithms: zlib zstd]
  ignore line: [gcc version 10.2.1 20210110 (Debian 10.2.1-6) ]
  ignore line: [COMPILER_PATH=/usr/lib/gcc/x86_64-linux-gnu/10/:/usr/lib/gcc/x86_64-linux-gnu/10/:/usr/lib/gcc/x86_64-linux-gnu/:/usr/lib/gcc/x86_64-linux-gnu/10/:/usr/lib/gcc/x86_64-linux-gnu/]
  ignore line: [LIBRARY_PATH=/usr/lib/gcc/x86_64-linux-gnu/10/:/usr/lib/gcc/x86_64-linux-gnu/10/../../../x86_64-linux-gnu/:/usr/lib/gcc/x86_64-linux-gnu/10/../../../../lib/:/lib/x86_64-linux-gnu/:/lib/../lib/:/usr/lib/x86_64-linux-gnu/:/usr/lib/../lib/:/usr/lib/gcc/x86_64-linux-gnu/10/../../../:/lib/:/usr/lib/]
  ignore line: [COLLECT_GCC_OPTIONS='-v' '-o' 'cmTC_35032' '-shared-libgcc' '-mtune=generic' '-march=x86-64']
  link line: [ /usr/lib/gcc/x86_64-linux-gnu/10/collect2 -plugin /usr/lib/gcc/x86_64-linux-gnu/10/liblto_plugin.so -plugin-opt=/usr/lib/gcc/x86_64-linux-gnu/10/lto-wrapper -plugin-opt=-fresolution=/tmp/ccCou1PS.res -plugin-opt=-pass-through=-lgcc_s -plugin-opt=-pass-through=-lgcc -plugin-opt=-pass-through=-lc -plugin-opt=-pass-through=-lgcc_s -plugin-opt=-pass-through=-lgcc --build-id --eh-frame-hdr -m elf_x86_64 --hash-style=gnu --as-needed -dynamic-linker /lib64/ld-linux-x86-64.so.2 -pie -o cmTC_35032 /usr/lib/gcc/x86_64-linux-gnu/10/../../../x86_64-linux-gnu/Scrt1.o /usr/lib/gcc/x86_64-linux-gnu/10/../../../x86_64-linux-gnu/crti.o /usr/lib/gcc/x86_64-linux-gnu/10/crtbeginS.o -L/usr/lib/gcc/x86_64-linux-gnu/10 -L/usr/lib/gcc/x86_64-linux-gnu/10/../../../x86_64-linux-gnu -L/usr/lib/gcc/x86_64-linux-gnu/10/../../../../lib -L/lib/x86_64-linux-gnu -L/lib/../lib -L/usr/lib/x86_64-linux-gnu -L/usr/lib/../lib -L/usr/lib/gcc/x86_64-linux-gnu/10/../../.. CMakeFiles/cmTC_35032.dir/CMakeCXXCompilerABI.cpp.o -lstdc++ -lm -lgcc_s -lgcc -lc -lgcc_s -lgcc /usr/lib/gcc/x86_64-linux-gnu/10/crtendS.o /usr/lib/gcc/x86_64-linux-gnu/10/../../../x86_64-linux-gnu/crtn.o]
    arg [/usr/lib/gcc/x86_64-linux-gnu/10/collect2] ==> ignore
    arg [-plugin] ==> ignore
    arg [/usr/lib/gcc/x86_64-linux-gnu/10/liblto_plugin.so] ==> ignore
    arg [-plugin-opt=/usr/lib/gcc/x86_64-linux-gnu/10/lto-wrapper] ==> ignore
    arg [-plugin-opt=-fresolution=/tmp/ccCou1PS.res] ==> ignore
    arg [-plugin-opt=-pass-through=-lgcc_s] ==> ignore
    arg [-plugin-opt=-pass-through=-lgcc] ==> ignore
    arg [-plugin-opt=-pass-through=-lc] ==> ignore
    arg [-plugin-opt=-pass-through=-lgcc_s] ==> ignore
    arg [-plugin-opt=-pass-through=-lgcc] ==> ignore
    arg [--build-id] ==> ignore
    arg [--eh-frame-hdr] ==> ignore
    arg [-m] ==> ignore
    arg [elf_x86_64] ==> ignore
    arg [--hash-style=gnu] ==> ignore
    arg [--as-needed] ==> ignore
    arg [-dynamic-linker] ==> ignore
    arg [/lib64/ld-linux-x86-64.so.2] ==> ignore
    arg [-pie] ==> ignore
    arg [-o] ==> ignore
    arg [cmTC_35032] ==> ignore
    arg [/usr/lib/gcc/x86_64-linux-gnu/10/../../../x86_64-linux-gnu/Scrt1.o] ==> ignore
    arg [/usr/lib/gcc/x86_64-linux-gnu/10/../../../x86_64-linux-gnu/crti.o] ==> ignore
    arg [/usr/lib/gcc/x86_64-linux-gnu/10/crtbeginS.o] ==> ignore
    arg [-L/usr/lib/gcc/x86_64-linux-gnu/10] ==> dir [/usr/lib/gcc/x86_64-linux-gnu/10]
    arg [-L/usr/lib/gcc/x86_64-linux-gnu/10/../../../x86_64-linux-gnu] ==> dir [/usr/lib/gcc/x86_64-linux-gnu/10/../../../x86_64-linux-gnu]
    arg [-L/usr/lib/gcc/x86_64-linux-gnu/10/../../../../lib] ==> dir [/usr/lib/gcc/x86_64-linux-gnu/10/../../../../lib]
    arg [-L/lib/x86_64-linux-gnu] ==> dir [/lib/x86_64-linux-gnu]
    arg [-L/lib/../lib] ==> dir [/lib/../lib]
    arg [-L/usr/lib/x86_64-linux-gnu] ==> dir [/usr/lib/x86_64-linux-gnu]
    arg [-L/usr/lib/../lib] ==> dir [/usr/lib/../lib]
    arg [-L/usr/lib/gcc/x86_64-linux-gnu/10/../../..] ==> dir [/usr/lib/gcc/x86_64-linux-gnu/10/../../..]
    arg [CMakeFiles/cmTC_35032.dir/CMakeCXXCompilerABI.cpp.o] ==> ignore
    arg [-lstdc++] ==> lib [stdc++]
    arg [-lm] ==> lib [m]
    arg [-lgcc_s] ==> lib [gcc_s]
    arg [-lgcc] ==> lib [gcc]
    arg [-lc] ==> lib [c]
    arg [-lgcc_s] ==> lib [gcc_s]
    arg [-lgcc] ==> lib [gcc]
    arg [/usr/lib/gcc/x86_64-linux-gnu/10/crtendS.o] ==> ignore
    arg [/usr/lib/gcc/x86_64-linux-gnu/10/../../../x86_64-linux-gnu/crtn.o] ==> ignore
  collapse library dir [/usr/lib/gcc/x86_64-linux-gnu/10] ==> [/usr/lib/gcc/x86_64-linux-gnu/10]
  collapse library dir [/usr/lib/gcc/x86_64-linux-gnu/10/../../../x86_64-linux-gnu] ==> [/usr/lib/x86_64-linux-gnu]
  collapse library dir [/usr/lib/gcc/x86_64-linux-gnu/10/../../../../lib] ==> [/usr/lib]
  collapse library dir [/lib/x86_64-linux-gnu] ==> [/lib/x86_64-linux-gnu]
  collapse library dir [/lib/../lib] ==> [/lib]
  collapse library dir [/usr/lib/x86_64-linux-gnu] ==> [/usr/lib/x86_64-linux-gnu]
  collapse library dir [/usr/lib/../lib] ==> [/usr/lib]
  collapse library dir [/usr/lib/gcc/x86_64-linux-gnu/10/../../..] ==> [/usr/lib]
  implicit libs: [stdc++;m;gcc_s;gcc;c;gcc_s;gcc]
  implicit dirs: [/usr/lib/gcc/x86_64-linux-gnu/10;/usr/lib/x86_64-linux-gnu;/usr/lib;/lib/x86_64-linux-gnu;/lib]
  implicit fwks: []


Determining if the function XOpenDisplay exists in the /usr/lib/x86_64-linux-gnu/libX11.so;/usr/lib/x86_64-linux-gnu/libXext.so passed with the following output:
Change Dir: /home/ion/src/cuems/xjadeo/build/CMakeFiles/CMakeTmp

Run Build Command(s):/usr/bin/gmake cmTC_031d9/fast && /usr/bin/gmake  -f CMakeFiles/cmTC_031d9.dir/build.make CMakeFiles/cmTC_031d9.dir/build
gmake[1]: Entering directory '/home/ion/src/cuems/xjadeo/build/CMakeFiles/CMakeTmp'
Building C object CMakeFiles/cmTC_031d9.dir/CheckFunctionExists.c.o
/usr/bin/cc   -Wall -g -O3 -pthread -DCHECK_FUNCTION_EXISTS=XOpenDisplay -o CMakeFiles/cmTC_031d9.dir/CheckFunctionExists.c.o -c /usr/share/cmake-3.18/Modules/CheckFunctionExists.c
Linking C executable cmTC_031d9
/usr/bin/cmake -E cmake_link_script CMakeFiles/cmTC_031d9.dir/link.txt --verbose=1
/usr/bin/cc  -Wall -g -O3 -pthread -DCHECK_FUNCTION_EXISTS=XOpenDisplay CMakeFiles/cmTC_031d9.dir/CheckFunctionExists.c.o -o cmTC_031d9  /usr/lib/x86_64-linux-gnu/libX11.so /usr/lib/x86_64-linux-gnu/libXext.so 
gmake[1]: Leaving directory '/home/ion/src/cuems/xjadeo/build/CMakeFiles/CMakeTmp'



Determining if the function gethostbyname exists passed with the following output:
Change Dir: /home/ion/src/cuems/xjadeo/build/CMakeFiles/CMakeTmp

Run Build Command(s):/usr/bin/gmake cmTC_3578d/fast && /usr/bin/gmake  -f CMakeFiles/cmTC_3578d.dir/build.make CMakeFiles/cmTC_3578d.dir/build
gmake[1]: Entering directory '/home/ion/src/cuems/xjadeo/build/CMakeFiles/CMakeTmp'
Building C object CMakeFiles/cmTC_3578d.dir/CheckFunctionExists.c.o
/usr/bin/cc   -Wall -g -O3 -pthread -DCHECK_FUNCTION_EXISTS=gethostbyname -o CMakeFiles/cmTC_3578d.dir/CheckFunctionExists.c.o -c /usr/share/cmake-3.18/Modules/CheckFunctionExists.c
Linking C executable cmTC_3578d
/usr/bin/cmake -E cmake_link_script CMakeFiles/cmTC_3578d.dir/link.txt --verbose=1
/usr/bin/cc  -Wall -g -O3 -pthread -DCHECK_FUNCTION_EXISTS=gethostbyname CMakeFiles/cmTC_3578d.dir/CheckFunctionExists.c.o -o cmTC_3578d 
gmake[1]: Leaving directory '/home/ion/src/cuems/xjadeo/build/CMakeFiles/CMakeTmp'



Determining if the function connect exists passed with the following output:
Change Dir: /home/ion/src/cuems/xjadeo/build/CMakeFiles/CMakeTmp

Run Build Command(s):/usr/bin/gmake cmTC_710e3/fast && /usr/bin/gmake  -f CMakeFiles/cmTC_710e3.dir/build.make CMakeFiles/cmTC_710e3.dir/build
gmake[1]: Entering directory '/home/ion/src/cuems/xjadeo/build/CMakeFiles/CMakeTmp'
Building C object CMakeFiles/cmTC_710e3.dir/CheckFunctionExists.c.o
/usr/bin/cc   -Wall -g -O3 -pthread -DCHECK_FUNCTION_EXISTS=connect -o CMakeFiles/cmTC_710e3.dir/CheckFunctionExists.c.o -c /usr/share/cmake-3.18/Modules/CheckFunctionExists.c
Linking C executable cmTC_710e3
/usr/bin/cmake -E cmake_link_script CMakeFiles/cmTC_710e3.dir/link.txt --verbose=1
/usr/bin/cc  -Wall -g -O3 -pthread -DCHECK_FUNCTION_EXISTS=connect CMakeFiles/cmTC_710e3.dir/CheckFunctionExists.c.o -o cmTC_710e3 
gmake[1]: Leaving directory '/home/ion/src/cuems/xjadeo/build/CMakeFiles/CMakeTmp'



Determining if the function remove exists passed with the following output:
Change Dir: /home/ion/src/cuems/xjadeo/build/CMakeFiles/CMakeTmp

Run Build Command(s):/usr/bin/gmake cmTC_7fd15/fast && /usr/bin/gmake  -f CMakeFiles/cmTC_7fd15.dir/build.make CMakeFiles/cmTC_7fd15.dir/build
gmake[1]: Entering directory '/home/ion/src/cuems/xjadeo/build/CMakeFiles/CMakeTmp'
Building C object CMakeFiles/cmTC_7fd15.dir/CheckFunctionExists.c.o
/usr/bin/cc   -Wall -g -O3 -pthread -DCHECK_FUNCTION_EXISTS=remove -o CMakeFiles/cmTC_7fd15.dir/CheckFunctionExists.c.o -c /usr/share/cmake-3.18/Modules/CheckFunctionExists.c
Linking C executable cmTC_7fd15
/usr/bin/cmake -E cmake_link_script CMakeFiles/cmTC_7fd15.dir/link.txt --verbose=1
/usr/bin/cc  -Wall -g -O3 -pthread -DCHECK_FUNCTION_EXISTS=remove CMakeFiles/cmTC_7fd15.dir/CheckFunctionExists.c.o -o cmTC_7fd15 
gmake[1]: Leaving directory '/home/ion/src/cuems/xjadeo/build/CMakeFiles/CMakeTmp'



Determining if the function shmat exists passed with the following output:
Change Dir: /home/ion/src/cuems/xjadeo/build/CMakeFiles/CMakeTmp

Run Build Command(s):/usr/bin/gmake cmTC_7816d/fast && /usr/bin/gmake  -f CMakeFiles/cmTC_7816d.dir/build.make CMakeFiles/cmTC_7816d.dir/build
gmake[1]: Entering directory '/home/ion/src/cuems/xjadeo/build/CMakeFiles/CMakeTmp'
Building C object CMakeFiles/cmTC_7816d.dir/CheckFunctionExists.c.o
/usr/bin/cc   -Wall -g -O3 -pthread -DCHECK_FUNCTION_EXISTS=shmat -o CMakeFiles/cmTC_7816d.dir/CheckFunctionExists.c.o -c /usr/share/cmake-3.18/Modules/CheckFunctionExists.c
Linking C executable cmTC_7816d
/usr/bin/cmake -E cmake_link_script CMakeFiles/cmTC_7816d.dir/link.txt --verbose=1
/usr/bin/cc  -Wall -g -O3 -pthread -DCHECK_FUNCTION_EXISTS=shmat CMakeFiles/cmTC_7816d.dir/CheckFunctionExists.c.o -o cmTC_7816d 
gmake[1]: Leaving directory '/home/ion/src/cuems/xjadeo/build/CMakeFiles/CMakeTmp'



Determining if the function IceConnectionNumber exists in the ICE passed with the following output:
Change Dir: /home/ion/src/cuems/xjadeo/build/CMakeFiles/CMakeTmp

Run Build Command(s):/usr/bin/gmake cmTC_00e87/fast && /usr/bin/gmake  -f CMakeFiles/cmTC_00e87.dir/build.make CMakeFiles/cmTC_00e87.dir/build
gmake[1]: Entering directory '/home/ion/src/cuems/xjadeo/build/CMakeFiles/CMakeTmp'
Building C object CMakeFiles/cmTC_00e87.dir/CheckFunctionExists.c.o
/usr/bin/cc   -Wall -g -O3 -pthread -DCHECK_FUNCTION_EXISTS=IceConnectionNumber -o CMakeFiles/cmTC_00e87.dir/CheckFunctionExists.c.o -c /usr/share/cmake-3.18/Modules/CheckFunctionExists.c
Linking C executable cmTC_00e87
/usr/bin/cmake -E cmake_link_script CMakeFiles/cmTC_00e87.dir/link.txt --verbose=1
/usr/bin/cc  -Wall -g -O3 -pthread -DCHECK_FUNCTION_EXISTS=IceConnectionNumber CMakeFiles/cmTC_00e87.dir/CheckFunctionExists.c.o -o cmTC_00e87  -lICE 
gmake[1]: Leaving directory '/home/ion/src/cuems/xjadeo/build/CMakeFiles/CMakeTmp'



The system is: Linux - 5.10.0-35-amd64 - x86_64
Compiling the C compiler identification source file "CMakeCCompilerId.c" succeeded.
Compiler: /usr/bin/cc 
Build flags: 
Id flags:  

The output was:
0


Compilation of the C compiler identification source "CMakeCCompilerId.c" produced "a.out"

The C compiler identification is GNU, found in "/home/ion/src/cuems/xjadeo/build/CMakeFiles/3.18.4/CompilerIdC/a.out"

Compiling the CXX compiler identification source file "CMakeCXXCompilerId.cpp" succeeded.
Compiler: /usr/bin/c++ 
Build flags: 
Id flags:  

The output was:
0


Compilation of the CXX compiler identification source "CMakeCXXCompilerId.cpp" produced "a.out"

The CXX compiler identification is GNU, found in "/home/ion/src/cuems/xjadeo/build/CMakeFiles/3.18.4/CompilerIdCXX/a.out"

Detecting C compiler ABI info compiled with the following output:
Change Dir: /home/ion/src/cuems/xjadeo/build/CMakeFiles/CMakeTmp

Run Build Command(s):/usr/bin/gmake cmTC_b7b9c/fast && /usr/bin/gmake  -f CMakeFiles/cmTC_b7b9c.dir/build.make CMakeFiles/cmTC_b7b9c.dir/build
gmake[1]: Entering directory '/home/ion/src/cuems/xjadeo/build/CMakeFiles/CMakeTmp'
Building C object CMakeFiles/cmTC_b7b9c.dir/CMakeCCompilerABI.c.o
/usr/bin/cc   -v -o CMakeFiles/cmTC_b7b9c.dir/CMakeCCompilerABI.c.o -c /usr/share/cmake-3.18/Modules/CMakeCCompilerABI.c
Using built-in specs.
COLLECT_GCC=/usr/bin/cc
OFFLOAD_TARGET_NAMES=nvptx-none:amdgcn-amdhsa:hsa
OFFLOAD_TARGET_DEFAULT=1
Target: x86_64-linux-gnu
Configured with: ../src/configure -v --with-pkgversion='Debian 10.2.1-6' --with-bugurl=file:///usr/share/doc/gcc-10/README.Bugs --enable-languages=c,ada,c++,go,brig,d,fortran,objc,obj-c++,m2 --prefix=/usr --with-gcc-major-version-only --program-suffix=-10 --program-prefix=x86_64-linux-gnu- --enable-shared --enable-linker-build-id --libexecdir=/usr/lib --without-included-gettext --enable-threads=posix --libdir=/usr/lib --enable-nls --enable-bootstrap --enable-clocale=gnu --enable-libstdcxx-debug --enable-libstdcxx-time=yes --with-default-libstdcxx-abi=new --enable-gnu-unique-object --disable-vtable-verify --enable-plugin --enable-default-pie --with-system-zlib --enable-libphobos-checking=release --with-target-system-zlib=auto --enable-objc-gc=auto --enable-multiarch --disable-werror --with-arch-32=i686 --with-abi=m64 --with-multilib-list=m32,m64,mx32 --enable-multilib --with-tune=generic --enable-offload-targets=nvptx-none=/build/gcc-10-Km9U7s/gcc-10-10.2.1/debian/tmp-nvptx/usr,amdgcn-amdhsa=/build/gcc-10-Km9U7s/gcc-10-10.2.1/debian/tmp-gcn/usr,hsa --without-cuda-driver --enable-checking=release --build=x86_64-linux-gnu --host=x86_64-linux-gnu --target=x86_64-linux-gnu --with-build-config=bootstrap-lto-lean --enable-link-mutex
Thread model: posix
Supported LTO compression algorithms: zlib zstd
gcc version 10.2.1 20210110 (Debian 10.2.1-6) 
COLLECT_GCC_OPTIONS='-v' '-o' 'CMakeFiles/cmTC_b7b9c.dir/CMakeCCompilerABI.c.o' '-c' '-mtune=generic' '-march=x86-64'
 /usr/lib/gcc/x86_64-linux-gnu/10/cc1 -quiet -v -imultiarch x86_64-linux-gnu /usr/share/cmake-3.18/Modules/CMakeCCompilerABI.c -quiet -dumpbase CMakeCCompilerABI.c -mtune=generic -march=x86-64 -auxbase-strip CMakeFiles/cmTC_b7b9c.dir/CMakeCCompilerABI.c.o -version -fasynchronous-unwind-tables -o /tmp/ccuZE4HZ.s
GNU C17 (Debian 10.2.1-6) version 10.2.1 20210110 (x86_64-linux-gnu)
	compiled by GNU C version 10.2.1 20210110, GMP version 6.2.1, MPFR version 4.1.0, MPC version 1.2.0, isl version isl-0.23-GMP

GGC heuristics: --param ggc-min-expand=100 --param ggc-min-heapsize=131072
ignoring nonexistent directory "/usr/local/include/x86_64-linux-gnu"
ignoring nonexistent directory "/usr/lib/gcc/x86_64-linux-gnu/10/include-fixed"
ignoring nonexistent directory "/usr/lib/gcc/x86_64-linux-gnu/10/../../../../x86_64-linux-gnu/include"
#include "..." search starts here:
#include <...> search starts here:
 /usr/lib/gcc/x86_64-linux-gnu/10/include
 /usr/local/include
 /usr/include/x86_64-linux-gnu
 /usr/include
End of search list.
GNU C17 (Debian 10.2.1-6) version 10.2.1 20210110 (x86_64-linux-gnu)
	compiled by GNU C version 10.2.1 20210110, GMP version 6.2.1, MPFR version 4.1.0, MPC version 1.2.0, isl version isl-0.23-GMP

GGC heuristics: --param ggc-min-expand=100 --param ggc-min-heapsize=131072
Compiler executable checksum: 1f803793fa2e3418c492b25e7d3eac2f
COLLECT_GCC_OPTIONS='-v' '-o' 'CMakeFiles/cmTC_b7b9c.dir/CMakeCCompilerABI.c.o' '-c' '-mtune=generic' '-march=x86-64'
 as -v --64 -o CMakeFiles/cmTC_b7b9c.dir/CMakeCCompilerABI.c.o /tmp/ccuZE4HZ.s
GNU assembler version 2.35.2 (x86_64-linux-gnu) using BFD version (GNU Binutils for Debian) 2.35.2
COMPILER_PATH=/usr/lib/gcc/x86_64-linux-gnu/10/:/usr/lib/gcc/x86_64-linux-gnu/10/:/usr/lib/gcc/x86_64-linux-gnu/:/usr/lib/gcc/x86_64-linux-gnu/10/:/usr/lib/gcc/x86_64-linux-gnu/
LIBRARY_PATH=/usr/lib/gcc/x86_64-linux-gnu/10/:/usr/lib/gcc/x86_64-linux-gnu/10/../../../x86_64-linux-gnu/:/usr/lib/gcc/x86_64-linux-gnu/10/../../../../lib/:/lib/x86_64-linux-gnu/:/lib/../lib/:/usr/lib/x86_64-linux-gnu/:/usr/lib/../lib/:/usr/lib/gcc/x86_64-linux-gnu/10/../../../:/lib/:/usr/lib/
COLLECT_GCC_OPTIONS='-v' '-o' 'CMakeFiles/cmTC_b7b9c.dir/CMakeCCompilerABI.c.o' '-c' '-mtune=generic' '-march=x86-64'
Linking C executable cmTC_b7b9c
/usr/bin/cmake -E cmake_link_script CMakeFiles/cmTC_b7b9c.dir/link.txt --verbose=1
/usr/bin/cc  -v CMakeFiles/cmTC_b7b9c.dir/CMakeCCompilerABI.c.o -o cmTC_b7b9c 
Using built-in specs.
COLLECT_GCC=/usr/bin/cc
COLLECT_LTO_WRAPPER=/usr/lib/gcc/x86_64-linux-gnu/10/lto-wrapper
OFFLOAD_TARGET_NAMES=nvptx-none:amdgcn-amdhsa:hsa
OFFLOAD_TARGET_DEFAULT=1
Target: x86_64-linux-gnu
Configured with: ../src/configure -v --with-pkgversion='Debian 10.2.1-6' --with-bugurl=file:///usr/share/doc/gcc-10/README.Bugs --enable-languages=c,ada,c++,go,brig,d,fortran,objc,obj-c++,m2 --prefix=/usr --with-gcc-major-version-only --program-suffix=-10 --program-prefix=x86_64-linux-gnu- --enable-shared --enable-linker-build-id --libexecdir=/usr/lib --without-included-gettext --enable-threads=posix --libdir=/usr/lib --enable-nls --enable-bootstrap --enable-clocale=gnu --enable-libstdcxx-debug --enable-libstdcxx-time=yes --with-default-libstdcxx-abi=new --enable-gnu-unique-object --disable-vtable-verify --enable-plugin --enable-default-pie --with-system-zlib --enable-libphobos-checking=release --with-target-system-zlib=auto --enable-objc-gc=auto --enable-multiarch --disable-werror --with-arch-32=i686 --with-abi=m64 --with-multilib-list=m32,m64,mx32 --enable-multilib --with-tune=generic --enable-offload-targets=nvptx-none=/build/gcc-10-Km9U7s/gcc-10-10.2.1/debian/tmp-nvptx/usr,amdgcn-amdhsa=/build/gcc-10-Km9U7s/gcc-10-10.2.1/debian/tmp-gcn/usr,hsa --without-cuda-driver --enable-checking=release --build=x86_64-linux-gnu --host=x86_64-linux-gnu --target=x86_64-linux-gnu --with-build-config=bootstrap-lto-lean --enable-link-mutex
Thread model: posix
Supported LTO compression algorithms: zlib zstd
gcc version 10.2.1 20210110 (Debian 10.2.1-6) 
COMPILER_PATH=/usr/lib/gcc/x86_64-linux-gnu/10/:/usr/lib/gcc/x86_64-linux-gnu/10/:/usr/lib/gcc/x86_64-linux-gnu/:/usr/lib/gcc/x86_64-linux-gnu/10/:/usr/lib/gcc/x86_64-linux-gnu/
LIBRARY_PATH=/usr/lib/gcc/x86_64-linux-gnu/10/:/usr/lib/gcc/x86_64-linux-gnu/10/../../../x86_64-linux-gnu/:/usr/lib/gcc/x86_64-linux-gnu/10/../../../../lib/:/lib/x86_64-linux-gnu/:/lib/../lib/:/usr/lib/x86_64-linux-gnu/:/usr/lib/../lib/:/usr/lib/gcc/x86_64-linux-gnu/10/../../../:/lib/:/usr/lib/
COLLECT_GCC_OPTIONS='-v' '-o' 'cmTC_b7b9c' '-mtune=generic' '-march=x86-64'
 /usr/lib/gcc/x86_64-linux-gnu/10/collect2 -plugin /usr/lib/gcc/x86_64-linux-gnu/10/liblto_plugin.so -plugin-opt=/usr/lib/gcc/x86_64-linux-gnu/10/lto-wrapper -plugin-opt=-fresolution=/tmp/ccqhYlIr.res -plugin-opt=-pass-through=-lgcc -plugin-opt=-pass-through=-lgcc_s -plugin-opt=-pass-through=-lc -plugin-opt=-pass-through=-lgcc -plugin-opt=-pass-through=-lgcc_s --build-id --eh-frame-hdr -m elf_x86_64 --hash-style=gnu --as-needed -dynamic-linker /lib64/ld-linux-x86-64.so.2 -pie -o cmTC_b7b9c /usr/lib/gcc/x86_64-linux-gnu/10/../../../x86_64-linux-gnu/Scrt1.o /usr/lib/gcc/x86_64-linux-gnu/10/../../../x86_64-linux-gnu/crti.o /usr/lib/gcc/x86_64-linux-gnu/10/crtbeginS.o -L/usr/lib/gcc/x86_64-linux-gnu/10 -L/usr/lib/gcc/x86_64-linux-gnu/10/../../../x86_64-linux-gnu -L/usr/lib/gcc/x86_64-linux-gnu/10/../../../../lib -L/lib/x86_64-linux-gnu -L/lib/../lib -L/usr/lib/x86_64-linux-gnu -L/usr/lib/../lib -L/usr/lib/gcc/x86_64-linux-gnu/10/../../.. CMakeFiles/cmTC_b7b9c.dir/CMakeCCompilerABI.c.o -lgcc --push-state --as-needed -lgcc_s --pop-state -lc -lgcc --push-state --as-needed -lgcc_s --pop-state /usr/lib/gcc/x86_64-linux-gnu/10/crtendS.o /usr/lib/gcc/x86_64-linux-gnu/10/../../../x86_64-linux-gnu/crtn.o
COLLECT_GCC_OPTIONS='-v' '-o' 'cmTC_b7b9c' '-mtune=generic' '-march=x86-64'
gmake[1]: Leaving directory '/home/ion/src/cuems/xjadeo/build/CMakeFiles/CMakeTmp'



Parsed C implicit include dir info from above output: rv=done
  found start of include info
  found start of implicit include info
    add: [/usr/lib/gcc/x86_64-linux-gnu/10/include]
    add: [/usr/local/include]
    add: [/usr/include/x86_64-linux-gnu]
    add: [/usr/include]
  end of search list found
  collapse include dir [/usr/lib/gcc/x86_64-linux-gnu/10/include] ==> [/usr/lib/gcc/x86_64-linux-gnu/10/include]
  collapse include dir [/usr/local/include] ==> [/usr/local/include]
  collapse include dir [/usr/include/x86_64-linux-gnu] ==> [/usr/include/x86_64-linux-gnu]
  collapse include dir [/usr/include] ==> [/usr/include]
  implicit include dirs: [/usr/lib/gcc/x86_64-linux-gnu/10/include;/usr/local/include;/usr/include/x86_64-linux-gnu;/usr/include]


Parsed C implicit link information from above output:
  link line regex: [^( *|.*[/\])(ld|CMAKE_LINK_STARTFILE-NOTFOUND|([^/\]+-)?ld|collect2)[^/\]*( |$)]
  ignore line: [Change Dir: /home/ion/src/cuems/xjadeo/build/CMakeFiles/CMakeTmp]
  ignore line: []
  ignore line: [Run Build Command(s):/usr/bin/gmake cmTC_b7b9c/fast && /usr/bin/gmake  -f CMakeFiles/cmTC_b7b9c.dir/build.make CMakeFiles/cmTC_b7b9c.dir/build]
  ignore line: [gmake[1]: Entering directory '/home/ion/src/cuems/xjadeo/build/CMakeFiles/CMakeTmp']
  ignore line: [Building C object CMakeFiles/cmTC_b7b9c.dir/CMakeCCompilerABI.c.o]
  ignore line: [/usr/bin/cc   -v -o CMakeFiles/cmTC_b7b9c.dir/CMakeCCompilerABI.c.o -c /usr/share/cmake-3.18/Modules/CMakeCCompilerABI.c]
  ignore line: [Using built-in specs.]
  ignore line: [COLLECT_GCC=/usr/bin/cc]
  ignore line: [OFFLOAD_TARGET_NAMES=nvptx-none:amdgcn-amdhsa:hsa]
  ignore line: [OFFLOAD_TARGET_DEFAULT=1]
  ignore line: [Target: x86_64-linux-gnu]
  ignore line: [Configured with: ../src/configure -v --with-pkgversion='Debian 10.2.1-6' --with-bugurl=file:///usr/share/doc/gcc-10/README.Bugs --enable-languages=c ada c++ go brig d fortran objc obj-c++ m2 --prefix=/usr --with-gcc-major-version-only --program-suffix=-10 --program-prefix=x86_64-linux-gnu- --enable-shared --enable-linker-build-id --libexecdir=/usr/lib --without-included-gettext --enable-threads=posix --libdir=/usr/lib --enable-nls --enable-bootstrap --enable-clocale=gnu --enable-libstdcxx-debug --enable-libstdcxx-time=yes --with-default-libstdcxx-abi=new --enable-gnu-unique-object --disable-vtable-verify --enable-plugin --enable-default-pie --with-system-zlib --enable-libphobos-checking=release --with-target-system-zlib=auto --enable-objc-gc=auto --enable-multiarch --disable-werror --with-arch-32=i686 --with-abi=m64 --with-multilib-list=m32 m64 mx32 --enable-multilib --with-tune=generic --enable-offload-targets=nvptx-none=/build/gcc-10-Km9U7s/gcc-10-10.2.1/debian/tmp-nvptx/usr amdgcn-amdhsa=/build/gcc-10-Km9U7s/gcc-10-10.2.1/debian/tmp-gcn/usr hsa --without-cuda-driver --enable-checking=release --build=x86_64-linux-gnu --host=x86_64-linux-gnu --target=x86_64-linux-gnu --with-build-config=bootstrap-lto-lean --enable-link-mutex]
  ignore line: [Thread model: posix]
  ignore line: [Supported LTO compression algorithms: zlib zstd]
  ignore line: [gcc version 10.2.1 20210110 (Debian 10.2.1-6) ]
  ignore line: [COLLECT_GCC_OPTIONS='-v' '-o' 'CMakeFiles/cmTC_b7b9c.dir/CMakeCCompilerABI.c.o' '-c' '-mtune=generic' '-march=x86-64']
  ignore line: [ /usr/lib/gcc/x86_64-linux-gnu/10/cc1 -quiet -v -imultiarch x86_64-linux-gnu /usr/share/cmake-3.18/Modules/CMakeCCompilerABI.c -quiet -dumpbase CMakeCCompilerABI.c -mtune=generic -march=x86-64 -auxbase-strip CMakeFiles/cmTC_b7b9c.dir/CMakeCCompilerABI.c.o -version -fasynchronous-unwind-tables -o /tmp/ccuZE4HZ.s]
  ignore line: [GNU C17 (Debian 10.2.1-6) version 10.2.1 20210110 (x86_64-linux-gnu)]
  ignore line: [	compiled by GNU C version 10.2.1 20210110  GMP version 6.2.1  MPFR version 4.1.0  MPC version 1.2.0  isl version isl-0.23-GMP]
  ignore line: []
  ignore line: [GGC heuristics: --param ggc-min-expand=100 --param ggc-min-heapsize=131072]
  ignore line: [ignoring nonexistent directory "/usr/local/include/x86_64-linux-gnu"]
  ignore line: [ignoring nonexistent directory "/usr/lib/gcc/x86_64-linux-gnu/10/include-fixed"]
  ignore line: [ignoring nonexistent directory "/usr/lib/gcc/x86_64-linux-gnu/10/../../../../x86_64-linux-gnu/include"]
  ignore line: [#include "..." search starts here:]
  ignore line: [#include <...> search starts here:]
  ignore line: [ /usr/lib/gcc/x86_64-linux-gnu/10/include]
  ignore line: [ /usr/local/include]
  ignore line: [ /usr/include/x86_64-linux-gnu]
  ignore line: [ /usr/include]
  ignore line: [End of search list.]
  ignore line: [GNU C17 (Debian 10.2.1-6) version 10.2.1 20210110 (x86_64-linux-gnu)]
  ignore line: [	compiled by GNU C version 10.2.1 20210110  GMP version 6.2.1  MPFR version 4.1.0  MPC version 1.2.0  isl version isl-0.23-GMP]
  ignore line: []
  ignore line: [GGC heuristics: --param ggc-min-expand=100 --param ggc-min-heapsize=131072]
  ignore line: [Compiler executable checksum: 1f803793fa2e3418c492b25e7d3eac2f]
  ignore line: [COLLECT_GCC_OPTIONS='-v' '-o' 'CMakeFiles/cmTC_b7b9c.dir/CMakeCCompilerABI.c.o' '-c' '-mtune=generic' '-march=x86-64']
  ignore line: [ as -v --64 -o CMakeFiles/cmTC_b7b9c.dir/CMakeCCompilerABI.c.o /tmp/ccuZE4HZ.s]
  ignore line: [GNU assembler version 2.35.2 (x86_64-linux-gnu) using BFD version (GNU Binutils for Debian) 2.35.2]
  ignore line: [COMPILER_PATH=/usr/lib/gcc/x86_64-linux-gnu/10/:/usr/lib/gcc/x86_64-linux-gnu/10/:/usr/lib/gcc/x86_64-linux-gnu/:/usr/lib/gcc/x86_64-linux-gnu/10/:/usr/lib/gcc/x86_64-linux-gnu/]
  ignore line: [LIBRARY_PATH=/usr/lib/gcc/x86_64-linux-gnu/10/:/usr/lib/gcc/x86_64-linux-gnu/10/../../../x86_64-linux-gnu/:/usr/lib/gcc/x86_64-linux-gnu/10/../../../../lib/:/lib/x86_64-linux-gnu/:/lib/../lib/:/usr/lib/x86_64-linux-gnu/:/usr/lib/../lib/:/usr/lib/gcc/x86_64-linux-gnu/10/../../../:/lib/:/usr/lib/]
  ignore line: [COLLECT_GCC_OPTIONS='-v' '-o' 'CMakeFiles/cmTC_b7b9c.dir/CMakeCCompilerABI.c.o' '-c' '-mtune=generic' '-march=x86-64']
  ignore line: [Linking C executable cmTC_b7b9c]
  ignore line: [/usr/bin/cmake -E cmake_link_script CMakeFiles/cmTC_b7b9c.dir/link.txt --verbose=1]
  ignore line: [/usr/bin/cc  -v CMakeFiles/cmTC_b7b9c.dir/CMakeCCompilerABI.c.o -o cmTC_b7b9c ]
  ignore line: [Using built-in specs.]
  ignore line: [COLLECT_GCC=/usr/bin/cc]
  ignore line: [COLLECT_LTO_WRAPPER=/usr/lib/gcc/x86_64-linux-gnu/10/lto-wrapper]
  ignore line: [OFFLOAD_TARGET_NAMES=nvptx-none:amdgcn-amdhsa:hsa]
  ignore line: [OFFLOAD_TARGET_DEFAULT=1]
  ignore line: [Target: x86_64-linux-gnu]
  ignore line: [Configured with: ../src/configure -v --with-pkgversion='Debian 10.2.1-6' --with-bugurl=file:///usr/share/doc/gcc-10/README.Bugs --enable-languages=c ada c++ go brig d fortran objc obj-c++ m2 --prefix=/usr --with-gcc-major-version-only --program-suffix=-10 --program-prefix=x86_64-linux-gnu- --enable-shared --enable-linker-build-id --libexecdir=/usr/lib --without-included-gettext --enable-threads=posix --libdir=/usr/lib --enable-nls --enable-bootstrap --enable-clocale=gnu --enable-libstdcxx-debug --enable-libstdcxx-time=yes --with-default-libstdcxx-abi=new --enable-gnu-unique-object --disable-vtable-verify --enable-plugin --enable-default-pie --with-system-zlib --enable-libphobos-checking=release --with-target-system-zlib=auto --enable-objc-gc=auto --enable-multiarch --disable-werror --with-arch-32=i686 --with-abi=m64 --with-multilib-list=m32 m64 mx32 --enable-multilib --with-tune=generic --enable-offload-targets=nvptx-none=/build/gcc-10-Km9U7s/gcc-10-10.2.1/debian/tmp-nvptx/usr amdgcn-amdhsa=/build/gcc-10-Km9U7s/gcc-10-10.2.1/debian/tmp-gcn/usr hsa --without-cuda-driver --enable-checking=release --build=x86_64-linux-gnu --host=x86_64-linux-gnu --target=x86_64-linux-gnu --with-build-config=bootstrap-lto-lean --enable-link-mutex]
  ignore line: [Thread model: posix]
  ignore line: [Supported LTO compression algorithms: zlib zstd]
  ignore line: [gcc version 10.2.1 20210110 (Debian 10.2.1-6) ]
  ignore line: [COMPILER_PATH=/usr/lib/gcc/x86_64-linux-gnu/10/:/usr/lib/gcc/x86_64-linux-gnu/10/:/usr/lib/gcc/x86_64-linux-gnu/:/usr/lib/gcc/x86_64-linux-gnu/10/:/usr/lib/gcc/x86_64-linux-gnu/]
  ignore line: [LIBRARY_PATH=/usr/lib/gcc/x86_64-linux-gnu/10/:/usr/lib/gcc/x86_64-linux-gnu/10/../../../x86_64-linux-gnu/:/usr/lib/gcc/x86_64-linux-gnu/10/../../../../lib/:/lib/x86_64-linux-gnu/:/lib/../lib/:/usr/lib/x86_64-linux-gnu/:/usr/lib/../lib/:/usr/lib/gcc/x86_64-linux-gnu/10/../../../:/lib/:/usr/lib/]
  ignore line: [COLLECT_GCC_OPTIONS='-v' '-o' 'cmTC_b7b9c' '-mtune=generic' '-march=x86-64']
  link line: [ /usr/lib/gcc/x86_64-linux-gnu/10/collect2 -plugin /usr/lib/gcc/x86_64-linux-gnu/10/liblto_plugin.so -plugin-opt=/usr/lib/gcc/x86_64-linux-gnu/10/lto-wrapper -plugin-opt=-fresolution=/tmp/ccqhYlIr.res -plugin-opt=-pass-through=-lgcc -plugin-opt=-pass-through=-lgcc_s -plugin-opt=-pass-through=-lc -plugin-opt=-pass-through=-lgcc -plugin-opt=-pass-through=-lgcc_s --build-id --eh-frame-hdr -m elf_x86_64 --hash-style=gnu --as-needed -dynamic-linker /lib64/ld-linux-x86-64.so.2 -pie -o cmTC_b7b9c /usr/lib/gcc/x86_64-linux-gnu/10/../../../x86_64-linux-gnu/Scrt1.o /usr/lib/gcc/x86_64-linux-gnu/10/../../../x86_64-linux-gnu/crti.o /usr/lib/gcc/x86_64-linux-gnu/10/crtbeginS.o -L/usr/lib/gcc/x86_64-linux-gnu/10 -L/usr/lib/gcc/x86_64-linux-gnu/10/../../../x86_64-linux-gnu -L/usr/lib/gcc/x86_64-linux-gnu/10/../../../../lib -L/lib/x86_64-linux-gnu -L/lib/../lib -L/usr/lib/x86_64-linux-gnu -L/usr/lib/../lib -L/usr/lib/gcc/x86_64-linux-gnu/10/../../.. CMakeFiles/cmTC_b7b9c.dir/CMakeCCompilerABI.c.o -lgcc --push-state --as-needed -lgcc_s --pop-state -lc -lgcc --push-state --as-needed -lgcc_s --pop-state /usr/lib/gcc/x86_64-linux-gnu/10/crtendS.o /usr/lib/gcc/x86_64-linux-gnu/10/../../../x86_64-linux-gnu/crtn.o]
    arg [/usr/lib/gcc/x86_64-linux-gnu/10/collect2] ==> ignore
    arg [-plugin] ==> ignore
    arg [/usr/lib/gcc/x86_64-linux-gnu/10/liblto_plugin.so] ==> ignore
    arg [-plugin-opt=/usr/lib/gcc/x86_64-linux-gnu/10/lto-wrapper] ==> ignore
    arg [-plugin-opt=-fresolution=/tmp/ccqhYlIr.res] ==> ignore
    arg [-plugin-opt=-pass-through=-lgcc] ==> ignore
    arg [-plugin-opt=-pass-through=-lgcc_s] ==> ignore
    arg [-plugin-opt=-pass-through=-lc] ==> ignore
    arg [-plugin-opt=-pass-through=-lgcc] ==> ignore
    arg [-plugin-opt=-pass-through=-lgcc_s] ==> ignore
    arg [--build-id] ==> ignore
    arg [--eh-frame-hdr] ==> ignore
    arg [-m] ==> ignore
    arg [elf_x86_64] ==> ignore
    arg [--hash-style=gnu] ==> ignore
    arg [--as-needed] ==> ignore
    arg [-dynamic-linker] ==> ignore
    arg [/lib64/ld-linux-x86-64.so.2] ==> ignore
    arg [-pie] ==> ignore
    arg [-o] ==> ignore
    arg [cmTC_b7b9c] ==> ignore
    arg [/usr/lib/gcc/x86_64-linux-gnu/10/../../../x86_64-linux-gnu/Scrt1.o] ==> ignore
    arg [/usr/lib/gcc/x86_64-linux-gnu/10/../../../x86_64-linux-gnu/crti.o] ==> ignore
    arg [/usr/lib/gcc/x86_64-linux-gnu/10/crtbeginS.o] ==> ignore
    arg [-L/usr/lib/gcc/x86_64-linux-gnu/10] ==> dir [/usr/lib/gcc/x86_64-linux-gnu/10]
    arg [-L/usr/lib/gcc/x86_64-linux-gnu/10/../../../x86_64-linux-gnu] ==> dir [/usr/lib/gcc/x86_64-linux-gnu/10/../../../x86_64-linux-gnu]
    arg [-L/usr/lib/gcc/x86_64-linux-gnu/10/../../../../lib] ==> dir [/usr/lib/gcc/x86_64-linux-gnu/10/../../../../lib]
    arg [-L/lib/x86_64-linux-gnu] ==> dir [/lib/x86_64-linux-gnu]
    arg [-L/lib/../lib] ==> dir [/lib/../lib]
    arg [-L/usr/lib/x86_64-linux-gnu] ==> dir [/usr/lib/x86_64-linux-gnu]
    arg [-L/usr/lib/../lib] ==> dir [/usr/lib/../lib]
    arg [-L/usr/lib/gcc/x86_64-linux-gnu/10/../../..] ==> dir [/usr/lib/gcc/x86_64-linux-gnu/10/../../..]
    arg [CMakeFiles/cmTC_b7b9c.dir/CMakeCCompilerABI.c.o] ==> ignore
    arg [-lgcc] ==> lib [gcc]
    arg [--push-state] ==> ignore
    arg [--as-needed] ==> ignore
    arg [-lgcc_s] ==> lib [gcc_s]
    arg [--pop-state] ==> ignore
    arg [-lc] ==> lib [c]
    arg [-lgcc] ==> lib [gcc]
    arg [--push-state] ==> ignore
    arg [--as-needed] ==> ignore
    arg [-lgcc_s] ==> lib [gcc_s]
    arg [--pop-state] ==> ignore
    arg [/usr/lib/gcc/x86_64-linux-gnu/10/crtendS.o] ==> ignore
    arg [/usr/lib/gcc/x86_64-linux-gnu/10/../../../x86_64-linux-gnu/crtn.o] ==> ignore
  collapse library dir [/usr/lib/gcc/x86_64-linux-gnu/10] ==> [/usr/lib/gcc/x86_64-linux-gnu/10]
  collapse library dir [/usr/lib/gcc/x86_64-linux-gnu/10/../../../x86_64-linux-gnu] ==> [/usr/lib/x86_64-linux-gnu]
  collapse library dir [/usr/lib/gcc/x86_64-linux-gnu/10/../../../../lib] ==> [/usr/lib]
  collapse library dir [/lib/x86_64-linux-gnu] ==> [/lib/x86_64-linux-gnu]
  collapse library dir [/lib/../lib] ==> [/lib]
  collapse library dir [/usr/lib/x86_64-linux-gnu] ==> [/usr/lib/x86_64-linux-gnu]
  collapse library dir [/usr/lib/../lib] ==> [/usr/lib]
  collapse library dir [/usr/lib/gcc/x86_64-linux-gnu/10/../../..] ==> [/usr/lib]
  implicit libs: [gcc;gcc_s;c;gcc;gcc_s]
  implicit dirs: [/usr/lib/gcc/x86_64-linux-gnu/10;/usr/lib/x86_64-linux-gnu;/usr/lib;/lib/x86_64-linux-gnu;/lib]
  implicit fwks: []


Detecting CXX compiler ABI info compiled with the following output:
Change Dir: /home/ion/src/cuems/xjadeo/build/CMakeFiles/CMakeTmp

Run Build Command(s):/usr/bin/gmake cmTC_b38bf/fast && /usr/bin/gmake  -f CMakeFiles/cmTC_b38bf.dir/build.make CMakeFiles/cmTC_b38bf.dir/build
gmake[1]: Entering directory '/home/ion/src/cuems/xjadeo/build/CMakeFiles/CMakeTmp'
Building CXX object CMakeFiles/cmTC_b38bf.dir/CMakeCXXCompilerABI.cpp.o
/usr/bin/c++   -v -o CMakeFiles/cmTC_b38bf.dir/CMakeCXXCompilerABI.cpp.o -c /usr/share/cmake-3.18/Modules/CMakeCXXCompilerABI.cpp
Using built-in specs.
COLLECT_GCC=/usr/bin/c++
OFFLOAD_TARGET_NAMES=nvptx-none:amdgcn-amdhsa:hsa
OFFLOAD_TARGET_DEFAULT=1
Target: x86_64-linux-gnu
Configured with: ../src/configure -v --with-pkgversion='Debian 10.2.1-6' --with-bugurl=file:///usr/share/doc/gcc-10/README.Bugs --enable-languages=c,ada,c++,go,brig,d,fortran,objc,obj-c++,m2 --prefix=/usr --with-gcc-major-version-only --program-suffix=-10 --program-prefix=x86_64-linux-gnu- --enable-shared --enable-linker-build-id --libexecdir=/usr/lib --without-included-gettext --enable-threads=posix --libdir=/usr/lib --enable-nls --enable-bootstrap --enable-clocale=gnu --enable-libstdcxx-debug --enable-libstdcxx-time=yes --with-default-libstdcxx-abi=new --enable-gnu-unique-object --disable-vtable-verify --enable-plugin --enable-default-pie --with-system-zlib --enable-libphobos-checking=release --with-target-system-zlib=auto --enable-objc-gc=auto --enable-multiarch --disable-werror --with-arch-32=i686 --with-abi=m64 --with-multilib-list=m32,m64,mx32 --enable-multilib --with-tune=generic --enable-offload-targets=nvptx-none=/build/gcc-10-Km9U7s/gcc-10-10.2.1/debian/tmp-nvptx/usr,amdgcn-amdhsa=/build/gcc-10-Km9U7s/gcc-10-10.2.1/debian/tmp-gcn/usr,hsa --without-cuda-driver --enable-checking=release --build=x86_64-linux-gnu --host=x86_64-linux-gnu --target=x86_64-linux-gnu --with-build-config=bootstrap-lto-lean --enable-link-mutex
Thread model: posix
Supported LTO compression algorithms: zlib zstd
gcc version 10.2.1 20210110 (Debian 10.2.1-6) 
COLLECT_GCC_OPTIONS='-v' '-o' 'CMakeFiles/cmTC_b38bf.dir/CMakeCXXCompilerABI.cpp.o' '-c' '-shared-libgcc' '-mtune=generic' '-march=x86-64'
 /usr/lib/gcc/x86_64-linux-gnu/10/cc1plus -quiet -v -imultiarch x86_64-linux-gnu -D_GNU_SOURCE /usr/share/cmake-3.18/Modules/CMakeCXXCompilerABI.cpp -quiet -dumpbase CMakeCXXCompilerABI.cpp -mtune=generic -march=x86-64 -auxbase-strip CMakeFiles/cmTC_b38bf.dir/CMakeCXXCompilerABI.cpp.o -version -fasynchronous-unwind-tables -o /tmp/ccryOaL0.s
GNU C++14 (Debian 10.2.1-6) version 10.2.1 20210110 (x86_64-linux-gnu)
	compiled by GNU C version 10.2.1 20210110, GMP version 6.2.1, MPFR version 4.1.0, MPC version 1.2.0, isl version isl-0.23-GMP

GGC heuristics: --param ggc-min-expand=100 --param ggc-min-heapsize=131072
ignoring duplicate directory "/usr/include/x86_64-linux-gnu/c++/10"
ignoring nonexistent directory "/usr/local/include/x86_64-linux-gnu"
ignoring nonexistent directory "/usr/lib/gcc/x86_64-linux-gnu/10/include-fixed"
ignoring nonexistent directory "/usr/lib/gcc/x86_64-linux-gnu/10/../../../../x86_64-linux-gnu/include"
#include "..." search starts here:
#include <...> search starts here:
 /usr/include/c++/10
 /usr/include/x86_64-linux-gnu/c++/10
 /usr/include/c++/10/backward
 /usr/lib/gcc/x86_64-linux-gnu/10/include
 /usr/local/include
 /usr/include/x86_64-linux-gnu
 /usr/include
End of search list.
GNU C++14 (Debian 10.2.1-6) version 10.2.1 20210110 (x86_64-linux-gnu)
	compiled by GNU C version 10.2.1 20210110, GMP version 6.2.1, MPFR version 4.1.0, MPC version 1.2.0, isl version isl-0.23-GMP

GGC heuristics: --param ggc-min-expand=100 --param ggc-min-heapsize=131072
Compiler executable checksum: 048fcaee3460a99eb0d68522358720e1
COLLECT_GCC_OPTIONS='-v' '-o' 'CMakeFiles/cmTC_b38bf.dir/CMakeCXXCompilerABI.cpp.o' '-c' '-shared-libgcc' '-mtune=generic' '-march=x86-64'
 as -v --64 -o CMakeFiles/cmTC_b38bf.dir/CMakeCXXCompilerABI.cpp.o /tmp/ccryOaL0.s
GNU assembler version 2.35.2 (x86_64-linux-gnu) using BFD version (GNU Binutils for Debian) 2.35.2
COMPILER_PATH=/usr/lib/gcc/x86_64-linux-gnu/10/:/usr/lib/gcc/x86_64-linux-gnu/10/:/usr/lib/gcc/x86_64-linux-gnu/:/usr/lib/gcc/x86_64-linux-gnu/10/:/usr/lib/gcc/x86_64-linux-gnu/
LIBRARY_PATH=/usr/lib/gcc/x86_64-linux-gnu/10/:/usr/lib/gcc/x86_64-linux-gnu/10/../../../x86_64-linux-gnu/:/usr/lib/gcc/x86_64-linux-gnu/10/../../../../lib/:/lib/x86_64-linux-gnu/:/lib/../lib/:/usr/lib/x86_64-linux-gnu/:/usr/lib/../lib/:/usr/lib/gcc/x86_64-linux-gnu/10/../../../:/lib/:/usr/lib/
COLLECT_GCC_OPTIONS='-v' '-o' 'CMakeFiles/cmTC_b38bf.dir/CMakeCXXCompilerABI.cpp.o' '-c' '-shared-libgcc' '-mtune=generic' '-march=x86-64'
Linking CXX executable cmTC_b38bf
/usr/bin/cmake -E cmake_link_script CMakeFiles/cmTC_b38bf.dir/link.txt --verbose=1
/usr/bin/c++  -v CMakeFiles/cmTC_b38bf.dir/CMakeCXXCompilerABI.cpp.o -o cmTC_b38bf 
Using built-in specs.
COLLECT_GCC=/usr/bin/c++
COLLECT_LTO_WRAPPER=/usr/lib/gcc/x86_64-linux-gnu/10/lto-wrapper
OFFLOAD_TARGET_NAMES=nvptx-none:amdgcn-amdhsa:hsa
OFFLOAD_TARGET_DEFAULT=1
Target: x86_64-linux-gnu
Configured with: ../src/configure -v --with-pkgversion='Debian 10.2.1-6' --with-bugurl=file:///usr/share/doc/gcc-10/README.Bugs --enable-languages=c,ada,c++,go,brig,d,fortran,objc,obj-c++,m2 --prefix=/usr --with-gcc-major-version-only --program-suffix=-10 --program-prefix=x86_64-linux-gnu- --enable-shared --enable-linker-build-id --libexecdir=/usr/lib --without-included-gettext --enable-threads=posix --libdir=/usr/lib --enable-nls --enable-bootstrap --enable-clocale=gnu --enable-libstdcxx-debug --enable-libstdcxx-time=yes --with-default-libstdcxx-abi=new --enable-gnu-unique-object --disable-vtable-verify --enable-plugin --enable-default-pie --with-system-zlib --enable-libphobos-checking=release --with-target-system-zlib=auto --enable-objc-gc=auto --enable-multiarch --disable-werror --with-arch-32=i686 --with-abi=m64 --with-multilib-list=m32,m64,mx32 --enable-multilib --with-tune=generic --enable-offload-targets=nvptx-none=/build/gcc-10-Km9U7s/gcc-10-10.2.1/debian/tmp-nvptx/usr,amdgcn-amdhsa=/build/gcc-10-Km9U7s/gcc-10-10.2.1/debian/tmp-gcn/usr,hsa --without-cuda-driver --enable-checking=release --build=x86_64-linux-gnu --host=x86_64-linux-gnu --target=x86_64-linux-gnu --with-build-config=bootstrap-lto-lean --enable-link-mutex
Thread model: posix
Supported LTO compression algorithms: zlib zstd
gcc version 10.2.1 20210110 (Debian 10.2.1-6) 
COMPILER_PATH=/usr/lib/gcc/x86_64-linux-gnu/10/:/usr/lib/gcc/x86_64-linux-gnu/10/:/usr/lib/gcc/x86_64-linux-gnu/:/usr/lib/gcc/x86_64-linux-gnu/10/:/usr/lib/gcc/x86_64-linux-gnu/
LIBRARY_PATH=/usr/lib/gcc/x86_64-linux-gnu/10/:/usr/lib/gcc/x86_64-linux-gnu/10/../../../x86_64-linux-gnu/:/usr/lib/gcc/x86_64-linux-gnu/10/../../../../lib/:/lib/x86_64-linux-gnu/:/lib/../lib/:/usr/lib/x86_64-linux-gnu/:/usr/lib/../lib/:/usr/lib/gcc/x86_64-linux-gnu/10/../../../:/lib/:/usr/lib/
COLLECT_GCC_OPTIONS='-v' '-o' 'cmTC_b38bf' '-shared-libgcc' '-mtune=generic' '-march=x86-64'
 /usr/lib/gcc/x86_64-linux-gnu/10/collect2 -plugin /usr/lib/gcc/x86_64-linux-gnu/10/liblto_plugin.so -plugin-opt=/usr/lib/gcc/x86_64-linux-gnu/10/lto-wrapper -plugin-opt=-fresolution=/tmp/ccyoG2gv.res -plugin-opt=-pass-through=-lgcc_s -plugin-opt=-pass-through=-lgcc -plugin-opt=-pass-through=-lc -plugin-opt=-pass-through=-lgcc_s -plugin-opt=-pass-through=-lgcc --build-id --eh-frame-hdr -m elf_x86_64 --hash-style=gnu --as-needed -dynamic-linker /lib64/ld-linux-x86-64.so.2 -pie -o cmTC_b38bf /usr/lib/gcc/x86_64-linux-gnu/10/../../../x86_64-linux-gnu/Scrt1.o /usr/lib/gcc/x86_64-linux-gnu/10/../../../x86_64-linux-gnu/crti.o /usr/lib/gcc/x86_64-linux-gnu/10/crtbeginS.o -L/usr/lib/gcc/x86_64-linux-gnu/10 -L/usr/lib/gcc/x86_64-linux-gnu/10/../../../x86_64-linux-gnu -L/usr/lib/gcc/x86_64-linux-gnu/10/../../../../lib -L/lib/x86_64-linux-gnu -L/lib/../lib -L/usr/lib/x86_64-linux-gnu -L/usr/lib/../lib -L/usr/lib/gcc/x86_64-linux-gnu/10/../../.. CMakeFiles/cmTC_b38bf.dir/CMakeCXXCompilerABI.cpp.o -lstdc++ -lm -lgcc_s -lgcc -lc -lgcc_s -lgcc /usr/lib/gcc/x86_64-linux-gnu/10/crtendS.o /usr/lib/gcc/x86_64-linux-gnu/10/../../../x86_64-linux-gnu/crtn.o
COLLECT_GCC_OPTIONS='-v' '-o' 'cmTC_b38bf' '-shared-libgcc' '-mtune=generic' '-march=x86-64'
gmake[1]: Leaving directory '/home/ion/src/cuems/xjadeo/build/CMakeFiles/CMakeTmp'



Parsed CXX implicit include dir info from above output: rv=done
  found start of include info
  found start of implicit include info
    add: [/usr/include/c++/10]
    add: [/usr/include/x86_64-linux-gnu/c++/10]
    add: [/usr/include/c++/10/backward]
    add: [/usr/lib/gcc/x86_64-linux-gnu/10/include]
    add: [/usr/local/include]
    add: [/usr/include/x86_64-linux-gnu]
    add: [/usr/include]
  end of search list found
  collapse include dir [/usr/include/c++/10] ==> [/usr/include/c++/10]
  collapse include dir [/usr/include/x86_64-linux-gnu/c++/10] ==> [/usr/include/x86_64-linux-gnu/c++/10]
  collapse include dir [/usr/include/c++/10/backward] ==> [/usr/include/c++/10/backward]
  collapse include dir [/usr/lib/gcc/x86_64-linux-gnu/10/include] ==> [/usr/lib/gcc/x86_64-linux-gnu/10/include]
  collapse include dir [/usr/local/include] ==> [/usr/local/include]
  collapse include dir [/usr/include/x86_64-linux-gnu] ==> [/usr/include/x86_64-linux-gnu]
  collapse include dir [/usr/include] ==> [/usr/include]
  implicit include dirs: [/usr/include/c++/10;/usr/include/x86_64-linux-gnu/c++/10;/usr/include/c++/10/backward;/usr/lib/gcc/x86_64-linux-gnu/10/include;/usr/local/include;/usr/include/x86_64-linux-gnu;/usr/include]


Parsed CXX implicit link information from above output:
  link line regex: [^( *|.*[/\])(ld|CMAKE_LINK_STARTFILE-NOTFOUND|([^/\]+-)?ld|collect2)[^/\]*( |$)]
  ignore line: [Change Dir: /home/ion/src/cuems/xjadeo/build/CMakeFiles/CMakeTmp]
  ignore line: []
  ignore line: [Run Build Command(s):/usr/bin/gmake cmTC_b38bf/fast && /usr/bin/gmake  -f CMakeFiles/cmTC_b38bf.dir/build.make CMakeFiles/cmTC_b38bf.dir/build]
  ignore line: [gmake[1]: Entering directory '/home/ion/src/cuems/xjadeo/build/CMakeFiles/CMakeTmp']
  ignore line: [Building CXX object CMakeFiles/cmTC_b38bf.dir/CMakeCXXCompilerABI.cpp.o]
  ignore line: [/usr/bin/c++   -v -o CMakeFiles/cmTC_b38bf.dir/CMakeCXXCompilerABI.cpp.o -c /usr/share/cmake-3.18/Modules/CMakeCXXCompilerABI.cpp]
  ignore line: [Using built-in specs.]
  ignore line: [COLLECT_GCC=/usr/bin/c++]
  ignore line: [OFFLOAD_TARGET_NAMES=nvptx-none:amdgcn-amdhsa:hsa]
  ignore line: [OFFLOAD_TARGET_DEFAULT=1]
  ignore line: [Target: x86_64-linux-gnu]
  ignore line: [Configured with: ../src/configure -v --with-pkgversion='Debian 10.2.1-6' --with-bugurl=file:///usr/share/doc/gcc-10/README.Bugs --enable-languages=c ada c++ go brig d fortran objc obj-c++ m2 --prefix=/usr --with-gcc-major-version-only --program-suffix=-10 --program-prefix=x86_64-linux-gnu- --enable-shared --enable-linker-build-id --libexecdir=/usr/lib --without-included-gettext --enable-threads=posix --libdir=/usr/lib --enable-nls --enable-bootstrap --enable-clocale=gnu --enable-libstdcxx-debug --enable-libstdcxx-time=yes --with-default-libstdcxx-abi=new --enable-gnu-unique-object --disable-vtable-verify --enable-plugin --enable-default-pie --with-system-zlib --enable-libphobos-checking=release --with-target-system-zlib=auto --enable-objc-gc=auto --enable-multiarch --disable-werror --with-arch-32=i686 --with-abi=m64 --with-multilib-list=m32 m64 mx32 --enable-multilib --with-tune=generic --enable-offload-targets=nvptx-none=/build/gcc-10-Km9U7s/gcc-10-10.2.1/debian/tmp-nvptx/usr amdgcn-amdhsa=/build/gcc-10-Km9U7s/gcc-10-10.2.1/debian/tmp-gcn/usr hsa --without-cuda-driver --enable-checking=release --build=x86_64-linux-gnu --host=x86_64-linux-gnu --target=x86_64-linux-gnu --with-build-config=bootstrap-lto-lean --enable-link-mutex]
  ignore line: [Thread model: posix]
  ignore line: [Supported LTO compression algorithms: zlib zstd]
  ignore line: [gcc version 10.2.1 20210110 (Debian 10.2.1-6) ]
  ignore line: [COLLECT_GCC_OPTIONS='-v' '-o' 'CMakeFiles/cmTC_b38bf.dir/CMakeCXXCompilerABI.cpp.o' '-c' '-shared-libgcc' '-mtune=generic' '-march=x86-64']
  ignore line: [ /usr/lib/gcc/x86_64-linux-gnu/10/cc1plus -quiet -v -imultiarch x86_64-linux-gnu -D_GNU_SOURCE /usr/share/cmake-3.18/Modules/CMakeCXXCompilerABI.cpp -quiet -dumpbase CMakeCXXCompilerABI.cpp -mtune=generic -march=x86-64 -auxbase-strip CMakeFiles/cmTC_b38bf.dir/CMakeCXXCompilerABI.cpp.o -version -fasynchronous-unwind-tables -o /tmp/ccryOaL0.s]
  ignore line: [GNU C++14 (Debian 10.2.1-6) version 10.2.1 20210110 (x86_64-linux-gnu)]
  ignore line: [	compiled by GNU C version 10.2.1 20210110  GMP version 6.2.1  MPFR version 4.1.0  MPC version 1.2.0  isl version isl-0.23-GMP]
  ignore line: []
  ignore line: [GGC heuristics: --param ggc-min-expand=100 --param ggc-min-heapsize=131072]
  ignore line: [ignoring duplicate directory "/usr/include/x86_64-linux-gnu/c++/10"]
  ignore line: [ignoring nonexistent directory "/usr/local/include/x86_64-linux-gnu"]
  ignore line: [ignoring nonexistent directory "/usr/lib/gcc/x86_64-linux-gnu/10/include-fixed"]
  ignore line: [ignoring nonexistent directory "/usr/lib/gcc/x86_64-linux-gnu/10/../../../../x86_64-linux-gnu/include"]
  ignore line: [#include "..." search starts here:]
  ignore line: [#include <...> search starts here:]
  ignore line: [ /usr/include/c++/10]
  ignore line: [ /usr/include/x86_64-linux-gnu/c++/10]
  ignore line: [ /usr/include/c++/10/backward]
  ignore line: [ /usr/lib/gcc/x86_64-linux-gnu/10/include]
  ignore line: [ /usr/local/include]
  ignore line: [ /usr/include/x86_64-linux-gnu]
  ignore line: [ /usr/include]
  ignore line: [End of search list.]
  ignore line: [GNU C++14 (Debian 10.2.1-6) version 10.2.1 20210110 (x86_64-linux-gnu)]
  ignore line: [	compiled by GNU C version 10.2.1 20210110  GMP version 6.2.1  MPFR version 4.1.0  MPC version 1.2.0  isl version isl-0.23-GMP]
  ignore line: []
  ignore line: [GGC heuristics: --param ggc-min-expand=100 --param ggc-min-heapsize=131072]
  ignore line: [Compiler executable checksum: 048fcaee3460a99eb0d68522358720e1]
  ignore line: [COLLECT_GCC_OPTIONS='-v' '-o' 'CMakeFiles/cmTC_b38bf.dir/CMakeCXXCompilerABI.cpp.o' '-c' '-shared-libgcc' '-mtune=generic' '-march=x86-64']
  ignore line: [ as -v --64 -o CMakeFiles/cmTC_b38bf.dir/CMakeCXXCompilerABI.cpp.o /tmp/ccryOaL0.s]
  ignore line: [GNU assembler version 2.35.2 (x86_64-linux-gnu) using BFD version (GNU Binutils for Debian) 2.35.2]
  ignore line: [COMPILER_PATH=/usr/lib/gcc/x86_64-linux-gnu/10/:/usr/lib/gcc/x86_64-linux-gnu/10/:/usr/lib/gcc/x86_64-linux-gnu/:/usr/lib/gcc/x86_64-linux-gnu/10/:/usr/lib/gcc/x86_64-linux-gnu/]
  ignore line: [LIBRARY_PATH=/usr/lib/gcc/x86_64-linux-gnu/10/:/usr/lib/gcc/x86_64-linux-gnu/10/../../../x86_64-linux-gnu/:/usr/lib/gcc/x86_64-linux-gnu/10/../../../../lib/:/lib/x86_64-linux-gnu/:/lib/../lib/:/usr/lib/x86_64-linux-gnu/:/usr/lib/../lib/:/usr/lib/gcc/x86_64-linux-gnu/10/../../../:/lib/:/usr/lib/]
  ignore line: [COLLECT_GCC_OPTIONS='-v' '-o' 'CMakeFiles/cmTC_b38bf.dir/CMakeCXXCompilerABI.cpp.o' '-c' '-shared-libgcc' '-mtune=generic' '-march=x86-64']
  ignore line: [Linking CXX executable cmTC_b38bf]
  ignore line: [/usr/bin/cmake -E cmake_link_script CMakeFiles/cmTC_b38bf.dir/link.txt --verbose=1]
  ignore line: [/usr/bin/c++  -v CMakeFiles/cmTC_b38bf.dir/CMakeCXXCompilerABI.cpp.o -o cmTC_b38bf ]
  ignore line: [Using built-in specs.]
  ignore line: [COLLECT_GCC=/usr/bin/c++]
  ignore line: [COLLECT_LTO_WRAPPER=/usr/lib/gcc/x86_64-linux-gnu/10/lto-wrapper]
  ignore line: [OFFLOAD_TARGET_NAMES=nvptx-none:amdgcn-amdhsa:hsa]
  ignore line: [OFFLOAD_TARGET_DEFAULT=1]
  ignore line: [Target: x86_64-linux-gnu]
  ignore line: [Configured with: ../src/configure -v --with-pkgversion='Debian 10.2.1-6' --with-bugurl=file:///usr/share/doc/gcc-10/README.Bugs --enable-languages=c ada c++ go brig d fortran objc obj-c++ m2 --prefix=/usr --with-gcc-major-version-only --program-suffix=-10 --program-prefix=x86_64-linux-gnu- --enable-shared --enable-linker-build-id --libexecdir=/usr/lib --without-included-gettext --enable-threads=posix --libdir=/usr/lib --enable-nls --enable-bootstrap --enable-clocale=gnu --enable-libstdcxx-debug --enable-libstdcxx-time=yes --with-default-libstdcxx-abi=new --enable-gnu-unique-object --disable-vtable-verify --enable-plugin --enable-default-pie --with-system-zlib --enable-libphobos-checking=release --with-target-system-zlib=auto --enable-objc-gc=auto --enable-multiarch --disable-werror --with-arch-32=i686 --with-abi=m64 --with-multilib-list=m32 m64 mx32 --enable-multilib --with-tune=generic --enable-offload-targets=nvptx-none=/build/gcc-10-Km9U7s/gcc-10-10.2.1/debian/tmp-nvptx/usr amdgcn-amdhsa=/build/gcc-10-Km9U7s/gcc-10-10.2.1/debian/tmp-gcn/usr hsa --without-cuda-driver --enable-checking=release --build=x86_64-linux-gnu --host=x86_64-linux-gnu --target=x86_64-linux-gnu --with-build-config=bootstrap-lto-lean --enable-link-mutex]
  ignore line: [Thread model: posix]
  ignore line: [Supported LTO compression algorithms: zlib zstd]
  ignore line: [gcc version 10.2.1 20210110 (Debian 10.2.1-6) ]
  ignore line: [COMPILER_PATH=/usr/lib/gcc/x86_64-linux-gnu/10/:/usr/lib/gcc/x86_64-linux-gnu/10/:/usr/lib/gcc/x86_64-linux-gnu/:/usr/lib/gcc/x86_64-linux-gnu/10/:/usr/lib/gcc/x86_64-linux-gnu/]
  ignore line: [LIBRARY_PATH=/usr/lib/gcc/x86_64-linux-gnu/10/:/usr/lib/gcc/x86_64-linux-gnu/10/../../../x86_64-linux-gnu/:/usr/lib/gcc/x86_64-linux-gnu/10/../../../../lib/:/lib/x86_64-linux-gnu/:/lib/../lib/:/usr/lib/x86_64-linux-gnu/:/usr/lib/../lib/:/usr/lib/gcc/x86_64-linux-gnu/10/../../../:/lib/:/usr/lib/]
  ignore line: [COLLECT_GCC_OPTIONS='-v' '-o' 'cmTC_b38bf' '-shared-libgcc' '-mtune=generic' '-march=x86-64']
  link line: [ /usr/lib/gcc/x86_64-linux-gnu/10/collect2 -plugin /usr/lib/gcc/x86_64-linux-gnu/10/liblto_plugin.so -plugin-opt=/usr/lib/gcc/x86_64-linux-gnu/10/lto-wrapper -plugin-opt=-fresolution=/tmp/ccyoG2gv.res -plugin-opt=-pass-through=-lgcc_s -plugin-opt=-pass-through=-lgcc -plugin-opt=-pass-through=-lc -plugin-opt=-pass-through=-lgcc_s -plugin-opt=-pass-through=-lgcc --build-id --eh-frame-hdr -m elf_x86_64 --hash-style=gnu --as-needed -dynamic-linker /lib64/ld-linux-x86-64.so.2 -pie -o cmTC_b38bf /usr/lib/gcc/x86_64-linux-gnu/10/../../../x86_64-linux-gnu/Scrt1.o /usr/lib/gcc/x86_64-linux-gnu/10/../../../x86_64-linux-gnu/crti.o /usr/lib/gcc/x86_64-linux-gnu/10/crtbeginS.o -L/usr/lib/gcc/x86_64-linux-gnu/10 -L/usr/lib/gcc/x86_64-linux-gnu/10/../../../x86_64-linux-gnu -L/usr/lib/gcc/x86_64-linux-gnu/10/../../../../lib -L/lib/x86_64-linux-gnu -L/lib/../lib -L/usr/lib/x86_64-linux-gnu -L/usr/lib/../lib -L/usr/lib/gcc/x86_64-linux-gnu/10/../../.. CMakeFiles/cmTC_b38bf.dir/CMakeCXXCompilerABI.cpp.o -lstdc++ -lm -lgcc_s -lgcc -lc -lgcc_s -lgcc /usr/lib/gcc/x86_64-linux-gnu/10/crtendS.o /usr/lib/gcc/x86_64-linux-gnu/10/../../../x86_64-linux-gnu/crtn.o]
    arg [/usr/lib/gcc/x86_64-linux-gnu/10/collect2] ==> ignore
    arg [-plugin] ==> ignore
    arg [/usr/lib/gcc/x86_64-linux-gnu/10/liblto_plugin.so] ==> ignore
    arg [-plugin-opt=/usr/lib/gcc/x86_64-linux-gnu/10/lto-wrapper] ==> ignore
    arg [-plugin-opt=-fresolution=/tmp/ccyoG2gv.res] ==> ignore
    arg [-plugin-opt=-pass-through=-lgcc_s] ==> ignore
    arg [-plugin-opt=-pass-through=-lgcc] ==> ignore
    arg [-plugin-opt=-pass-through=-lc] ==> ignore
    arg [-plugin-opt=-pass-through=-lgcc_s] ==> ignore
    arg [-plugin-opt=-pass-through=-lgcc] ==> ignore
    arg [--build-id] ==> ignore
    arg [--eh-frame-hdr] ==> ignore
    arg [-m] ==> ignore
    arg [elf_x86_64] ==> ignore
    arg [--hash-style=gnu] ==> ignore
    arg [--as-needed] ==> ignore
    arg [-dynamic-linker] ==> ignore
    arg [/lib64/ld-linux-x86-64.so.2] ==> ignore
    arg [-pie] ==> ignore
    arg [-o] ==> ignore
    arg [cmTC_b38bf] ==> ignore
    arg [/usr/lib/gcc/x86_64-linux-gnu/10/../../../x86_64-linux-gnu/Scrt1.o] ==> ignore
    arg [/usr/lib/gcc/x86_64-linux-gnu/10/../../../x86_64-linux-gnu/crti.o] ==> ignore
    arg [/usr/lib/gcc/x86_64-linux-gnu/10/crtbeginS.o] ==> ignore
    arg [-L/usr/lib/gcc/x86_64-linux-gnu/10] ==> dir [/usr/lib/gcc/x86_64-linux-gnu/10]
    arg [-L/usr/lib/gcc/x86_64-linux-gnu/10/../../../x86_64-linux-gnu] ==> dir [/usr/lib/gcc/x86_64-linux-gnu/10/../../../x86_64-linux-gnu]
    arg [-L/usr/lib/gcc/x86_64-linux-gnu/10/../../../../lib] ==> dir [/usr/lib/gcc/x86_64-linux-gnu/10/../../../../lib]
    arg [-L/lib/x86_64-linux-gnu] ==> dir [/lib/x86_64-linux-gnu]
    arg [-L/lib/../lib] ==> dir [/lib/../lib]
    arg [-L/usr/lib/x86_64-linux-gnu] ==> dir [/usr/lib/x86_64-linux-gnu]
    arg [-L/usr/lib/../lib] ==> dir [/usr/lib/../lib]
    arg [-L/usr/lib/gcc/x86_64-linux-gnu/10/../../..] ==> dir [/usr/lib/gcc/x86_64-linux-gnu/10/../../..]
    arg [CMakeFiles/cmTC_b38bf.dir/CMakeCXXCompilerABI.cpp.o] ==> ignore
    arg [-lstdc++] ==> lib [stdc++]
    arg [-lm] ==> lib [m]
    arg [-lgcc_s] ==> lib [gcc_s]
    arg [-lgcc] ==> lib [gcc]
    arg [-lc] ==> lib [c]
    arg [-lgcc_s] ==> lib [gcc_s]
    arg [-lgcc] ==> lib [gcc]
    arg [/usr/lib/gcc/x86_64-linux-gnu/10/crtendS.o] ==> ignore
    arg [/usr/lib/gcc/x86_64-linux-gnu/10/../../../x86_64-linux-gnu/crtn.o] ==> ignore
  collapse library dir [/usr/lib/gcc/x86_64-linux-gnu/10] ==> [/usr/lib/gcc/x86_64-linux-gnu/10]
  collapse library dir [/usr/lib/gcc/x86_64-linux-gnu/10/../../../x86_64-linux-gnu] ==> [/usr/lib/x86_64-linux-gnu]
  collapse library dir [/usr/lib/gcc/x86_64-linux-gnu/10/../../../../lib] ==> [/usr/lib]
  collapse library dir [/lib/x86_64-linux-gnu] ==> [/lib/x86_64-linux-gnu]
  collapse library dir [/lib/../lib] ==> [/lib]
  collapse library dir [/usr/lib/x86_64-linux-gnu] ==> [/usr/lib/x86_64-linux-gnu]
  collapse library dir [/usr/lib/../lib] ==> [/usr/lib]
  collapse library dir [/usr/lib/gcc/x86_64-linux-gnu/10/../../..] ==> [/usr/lib]
  implicit libs: [stdc++;m;gcc_s;gcc;c;gcc_s;gcc]
  implicit dirs: [/usr/lib/gcc/x86_64-linux-gnu/10;/usr/lib/x86_64-linux-gnu;/usr/lib;/lib/x86_64-linux-gnu;/lib]
  implicit fwks: []


Determining if the function XOpenDisplay exists in the /usr/lib/x86_64-linux-gnu/libX11.so;/usr/lib/x86_64-linux-gnu/libXext.so passed with the following output:
Change Dir: /home/ion/src/cuems/xjadeo/build/CMakeFiles/CMakeTmp

Run Build Command(s):/usr/bin/gmake cmTC_4a1b9/fast && /usr/bin/gmake  -f CMakeFiles/cmTC_4a1b9.dir/build.make CMakeFiles/cmTC_4a1b9.dir/build
gmake[1]: Entering directory '/home/ion/src/cuems/xjadeo/build/CMakeFiles/CMakeTmp'
Building C object CMakeFiles/cmTC_4a1b9.dir/CheckFunctionExists.c.o
/usr/bin/cc   -Wall -g -O3 -pthread -DCHECK_FUNCTION_EXISTS=XOpenDisplay -o CMakeFiles/cmTC_4a1b9.dir/CheckFunctionExists.c.o -c /usr/share/cmake-3.18/Modules/CheckFunctionExists.c
Linking C executable cmTC_4a1b9
/usr/bin/cmake -E cmake_link_script CMakeFiles/cmTC_4a1b9.dir/link.txt --verbose=1
/usr/bin/cc  -Wall -g -O3 -pthread -DCHECK_FUNCTION_EXISTS=XOpenDisplay CMakeFiles/cmTC_4a1b9.dir/CheckFunctionExists.c.o -o cmTC_4a1b9  /usr/lib/x86_64-linux-gnu/libX11.so /usr/lib/x86_64-linux-gnu/libXext.so 
gmake[1]: Leaving directory '/home/ion/src/cuems/xjadeo/build/CMakeFiles/CMakeTmp'



Determining if the function gethostbyname exists passed with the following output:
Change Dir: /home/ion/src/cuems/xjadeo/build/CMakeFiles/CMakeTmp

Run Build Command(s):/usr/bin/gmake cmTC_d231f/fast && /usr/bin/gmake  -f CMakeFiles/cmTC_d231f.dir/build.make CMakeFiles/cmTC_d231f.dir/build
gmake[1]: Entering directory '/home/ion/src/cuems/xjadeo/build/CMakeFiles/CMakeTmp'
Building C object CMakeFiles/cmTC_d231f.dir/CheckFunctionExists.c.o
/usr/bin/cc   -Wall -g -O3 -pthread -DCHECK_FUNCTION_EXISTS=gethostbyname -o CMakeFiles/cmTC_d231f.dir/CheckFunctionExists.c.o -c /usr/share/cmake-3.18/Modules/CheckFunctionExists.c
Linking C executable cmTC_d231f
/usr/bin/cmake -E cmake_link_script CMakeFiles/cmTC_d231f.dir/link.txt --verbose=1
/usr/bin/cc  -Wall -g -O3 -pthread -DCHECK_FUNCTION_EXISTS=gethostbyname CMakeFiles/cmTC_d231f.dir/CheckFunctionExists.c.o -o cmTC_d231f 
gmake[1]: Leaving directory '/home/ion/src/cuems/xjadeo/build/CMakeFiles/CMakeTmp'



Determining if the function connect exists passed with the following output:
Change Dir: /home/ion/src/cuems/xjadeo/build/CMakeFiles/CMakeTmp

Run Build Command(s):/usr/bin/gmake cmTC_de9c1/fast && /usr/bin/gmake  -f CMakeFiles/cmTC_de9c1.dir/build.make CMakeFiles/cmTC_de9c1.dir/build
gmake[1]: Entering directory '/home/ion/src/cuems/xjadeo/build/CMakeFiles/CMakeTmp'
Building C object CMakeFiles/cmTC_de9c1.dir/CheckFunctionExists.c.o
/usr/bin/cc   -Wall -g -O3 -pthread -DCHECK_FUNCTION_EXISTS=connect -o CMakeFiles/cmTC_de9c1.dir/CheckFunctionExists.c.o -c /usr/share/cmake-3.18/Modules/CheckFunctionExists.c
Linking C executable cmTC_de9c1
/usr/bin/cmake -E cmake_link_script CMakeFiles/cmTC_de9c1.dir/link.txt --verbose=1
/usr/bin/cc  -Wall -g -O3 -pthread -DCHECK_FUNCTION_EXISTS=connect CMakeFiles/cmTC_de9c1.dir/CheckFunctionExists.c.o -o cmTC_de9c1 
gmake[1]: Leaving directory '/home/ion/src/cuems/xjadeo/build/CMakeFiles/CMakeTmp'



Determining if the function remove exists passed with the following output:
Change Dir: /home/ion/src/cuems/xjadeo/build/CMakeFiles/CMakeTmp

Run Build Command(s):/usr/bin/gmake cmTC_8679b/fast && /usr/bin/gmake  -f CMakeFiles/cmTC_8679b.dir/build.make CMakeFiles/cmTC_8679b.dir/build
gmake[1]: Entering directory '/home/ion/src/cuems/xjadeo/build/CMakeFiles/CMakeTmp'
Building C object CMakeFiles/cmTC_8679b.dir/CheckFunctionExists.c.o
/usr/bin/cc   -Wall -g -O3 -pthread -DCHECK_FUNCTION_EXISTS=remove -o CMakeFiles/cmTC_8679b.dir/CheckFunctionExists.c.o -c /usr/share/cmake-3.18/Modules/CheckFunctionExists.c
Linking C executable cmTC_8679b
/usr/bin/cmake -E cmake_link_script CMakeFiles/cmTC_8679b.dir/link.txt --verbose=1
/usr/bin/cc  -Wall -g -O3 -pthread -DCHECK_FUNCTION_EXISTS=remove CMakeFiles/cmTC_8679b.dir/CheckFunctionExists.c.o -o cmTC_8679b 
gmake[1]: Leaving directory '/home/ion/src/cuems/xjadeo/build/CMakeFiles/CMakeTmp'



Determining if the function shmat exists passed with the following output:
Change Dir: /home/ion/src/cuems/xjadeo/build/CMakeFiles/CMakeTmp

Run Build Command(s):/usr/bin/gmake cmTC_1acb5/fast && /usr/bin/gmake  -f CMakeFiles/cmTC_1acb5.dir/build.make CMakeFiles/cmTC_1acb5.dir/build
gmake[1]: Entering directory '/home/ion/src/cuems/xjadeo/build/CMakeFiles/CMakeTmp'
Building C object CMakeFiles/cmTC_1acb5.dir/CheckFunctionExists.c.o
/usr/bin/cc   -Wall -g -O3 -pthread -DCHECK_FUNCTION_EXISTS=shmat -o CMakeFiles/cmTC_1acb5.dir/CheckFunctionExists.c.o -c /usr/share/cmake-3.18/Modules/CheckFunctionExists.c
Linking C executable cmTC_1acb5
/usr/bin/cmake -E cmake_link_script CMakeFiles/cmTC_1acb5.dir/link.txt --verbose=1
/usr/bin/cc  -Wall -g -O3 -pthread -DCHECK_FUNCTION_EXISTS=shmat CMakeFiles/cmTC_1acb5.dir/CheckFunctionExists.c.o -o cmTC_1acb5 
gmake[1]: Leaving directory '/home/ion/src/cuems/xjadeo/build/CMakeFiles/CMakeTmp'



Determining if the function IceConnectionNumber exists in the ICE passed with the following output:
Change Dir: /home/ion/src/cuems/xjadeo/build/CMakeFiles/CMakeTmp

Run Build Command(s):/usr/bin/gmake cmTC_818c4/fast && /usr/bin/gmake  -f CMakeFiles/cmTC_818c4.dir/build.make CMakeFiles/cmTC_818c4.dir/build
gmake[1]: Entering directory '/home/ion/src/cuems/xjadeo/build/CMakeFiles/CMakeTmp'
Building C object CMakeFiles/cmTC_818c4.dir/CheckFunctionExists.c.o
/usr/bin/cc   -Wall -g -O3 -pthread -DCHECK_FUNCTION_EXISTS=IceConnectionNumber -o CMakeFiles/cmTC_818c4.dir/CheckFunctionExists.c.o -c /usr/share/cmake-3.18/Modules/CheckFunctionExists.c
Linking C executable cmTC_818c4
/usr/bin/cmake -E cmake_link_script CMakeFiles/cmTC_818c4.dir/link.txt --verbose=1
/usr/bin/cc  -Wall -g -O3 -pthread -DCHECK_FUNCTION_EXISTS=IceConnectionNumber CMakeFiles/cmTC_818c4.dir/CheckFunctionExists.c.o -o cmTC_818c4  -lICE 
gmake[1]: Leaving directory '/home/ion/src/cuems/xjadeo/build/CMakeFiles/CMakeTmp'



The system is: Linux - 5.10.0-35-amd64 - x86_64
Compiling the C compiler identification source file "CMakeCCompilerId.c" succeeded.
Compiler: /usr/bin/cc 
Build flags: 
Id flags:  

The output was:
0


Compilation of the C compiler identification source "CMakeCCompilerId.c" produced "a.out"

The C compiler identification is GNU, found in "/home/ion/src/cuems/xjadeo/build/CMakeFiles/3.18.4/CompilerIdC/a.out"

Compiling the CXX compiler identification source file "CMakeCXXCompilerId.cpp" succeeded.
Compiler: /usr/bin/c++ 
Build flags: 
Id flags:  

The output was:
0


Compilation of the CXX compiler identification source "CMakeCXXCompilerId.cpp" produced "a.out"

The CXX compiler identification is GNU, found in "/home/ion/src/cuems/xjadeo/build/CMakeFiles/3.18.4/CompilerIdCXX/a.out"

Detecting C compiler ABI info compiled with the following output:
Change Dir: /home/ion/src/cuems/xjadeo/build/CMakeFiles/CMakeTmp

Run Build Command(s):/usr/bin/gmake cmTC_71242/fast && /usr/bin/gmake  -f CMakeFiles/cmTC_71242.dir/build.make CMakeFiles/cmTC_71242.dir/build
gmake[1]: Entering directory '/home/ion/src/cuems/xjadeo/build/CMakeFiles/CMakeTmp'
Building C object CMakeFiles/cmTC_71242.dir/CMakeCCompilerABI.c.o
/usr/bin/cc   -v -o CMakeFiles/cmTC_71242.dir/CMakeCCompilerABI.c.o -c /usr/share/cmake-3.18/Modules/CMakeCCompilerABI.c
Using built-in specs.
COLLECT_GCC=/usr/bin/cc
OFFLOAD_TARGET_NAMES=nvptx-none:amdgcn-amdhsa:hsa
OFFLOAD_TARGET_DEFAULT=1
Target: x86_64-linux-gnu
Configured with: ../src/configure -v --with-pkgversion='Debian 10.2.1-6' --with-bugurl=file:///usr/share/doc/gcc-10/README.Bugs --enable-languages=c,ada,c++,go,brig,d,fortran,objc,obj-c++,m2 --prefix=/usr --with-gcc-major-version-only --program-suffix=-10 --program-prefix=x86_64-linux-gnu- --enable-shared --enable-linker-build-id --libexecdir=/usr/lib --without-included-gettext --enable-threads=posix --libdir=/usr/lib --enable-nls --enable-bootstrap --enable-clocale=gnu --enable-libstdcxx-debug --enable-libstdcxx-time=yes --with-default-libstdcxx-abi=new --enable-gnu-unique-object --disable-vtable-verify --enable-plugin --enable-default-pie --with-system-zlib --enable-libphobos-checking=release --with-target-system-zlib=auto --enable-objc-gc=auto --enable-multiarch --disable-werror --with-arch-32=i686 --with-abi=m64 --with-multilib-list=m32,m64,mx32 --enable-multilib --with-tune=generic --enable-offload-targets=nvptx-none=/build/gcc-10-Km9U7s/gcc-10-10.2.1/debian/tmp-nvptx/usr,amdgcn-amdhsa=/build/gcc-10-Km9U7s/gcc-10-10.2.1/debian/tmp-gcn/usr,hsa --without-cuda-driver --enable-checking=release --build=x86_64-linux-gnu --host=x86_64-linux-gnu --target=x86_64-linux-gnu --with-build-config=bootstrap-lto-lean --enable-link-mutex
Thread model: posix
Supported LTO compression algorithms: zlib zstd
gcc version 10.2.1 20210110 (Debian 10.2.1-6) 
COLLECT_GCC_OPTIONS='-v' '-o' 'CMakeFiles/cmTC_71242.dir/CMakeCCompilerABI.c.o' '-c' '-mtune=generic' '-march=x86-64'
 /usr/lib/gcc/x86_64-linux-gnu/10/cc1 -quiet -v -imultiarch x86_64-linux-gnu /usr/share/cmake-3.18/Modules/CMakeCCompilerABI.c -quiet -dumpbase CMakeCCompilerABI.c -mtune=generic -march=x86-64 -auxbase-strip CMakeFiles/cmTC_71242.dir/CMakeCCompilerABI.c.o -version -fasynchronous-unwind-tables -o /tmp/cc8JhCxI.s
GNU C17 (Debian 10.2.1-6) version 10.2.1 20210110 (x86_64-linux-gnu)
	compiled by GNU C version 10.2.1 20210110, GMP version 6.2.1, MPFR version 4.1.0, MPC version 1.2.0, isl version isl-0.23-GMP

GGC heuristics: --param ggc-min-expand=100 --param ggc-min-heapsize=131072
ignoring nonexistent directory "/usr/local/include/x86_64-linux-gnu"
ignoring nonexistent directory "/usr/lib/gcc/x86_64-linux-gnu/10/include-fixed"
ignoring nonexistent directory "/usr/lib/gcc/x86_64-linux-gnu/10/../../../../x86_64-linux-gnu/include"
#include "..." search starts here:
#include <...> search starts here:
 /usr/lib/gcc/x86_64-linux-gnu/10/include
 /usr/local/include
 /usr/include/x86_64-linux-gnu
 /usr/include
End of search list.
GNU C17 (Debian 10.2.1-6) version 10.2.1 20210110 (x86_64-linux-gnu)
	compiled by GNU C version 10.2.1 20210110, GMP version 6.2.1, MPFR version 4.1.0, MPC version 1.2.0, isl version isl-0.23-GMP

GGC heuristics: --param ggc-min-expand=100 --param ggc-min-heapsize=131072
Compiler executable checksum: 1f803793fa2e3418c492b25e7d3eac2f
COLLECT_GCC_OPTIONS='-v' '-o' 'CMakeFiles/cmTC_71242.dir/CMakeCCompilerABI.c.o' '-c' '-mtune=generic' '-march=x86-64'
 as -v --64 -o CMakeFiles/cmTC_71242.dir/CMakeCCompilerABI.c.o /tmp/cc8JhCxI.s
GNU assembler version 2.35.2 (x86_64-linux-gnu) using BFD version (GNU Binutils for Debian) 2.35.2
COMPILER_PATH=/usr/lib/gcc/x86_64-linux-gnu/10/:/usr/lib/gcc/x86_64-linux-gnu/10/:/usr/lib/gcc/x86_64-linux-gnu/:/usr/lib/gcc/x86_64-linux-gnu/10/:/usr/lib/gcc/x86_64-linux-gnu/
LIBRARY_PATH=/usr/lib/gcc/x86_64-linux-gnu/10/:/usr/lib/gcc/x86_64-linux-gnu/10/../../../x86_64-linux-gnu/:/usr/lib/gcc/x86_64-linux-gnu/10/../../../../lib/:/lib/x86_64-linux-gnu/:/lib/../lib/:/usr/lib/x86_64-linux-gnu/:/usr/lib/../lib/:/usr/lib/gcc/x86_64-linux-gnu/10/../../../:/lib/:/usr/lib/
COLLECT_GCC_OPTIONS='-v' '-o' 'CMakeFiles/cmTC_71242.dir/CMakeCCompilerABI.c.o' '-c' '-mtune=generic' '-march=x86-64'
Linking C executable cmTC_71242
/usr/bin/cmake -E cmake_link_script CMakeFiles/cmTC_71242.dir/link.txt --verbose=1
/usr/bin/cc  -v CMakeFiles/cmTC_71242.dir/CMakeCCompilerABI.c.o -o cmTC_71242 
Using built-in specs.
COLLECT_GCC=/usr/bin/cc
COLLECT_LTO_WRAPPER=/usr/lib/gcc/x86_64-linux-gnu/10/lto-wrapper
OFFLOAD_TARGET_NAMES=nvptx-none:amdgcn-amdhsa:hsa
OFFLOAD_TARGET_DEFAULT=1
Target: x86_64-linux-gnu
Configured with: ../src/configure -v --with-pkgversion='Debian 10.2.1-6' --with-bugurl=file:///usr/share/doc/gcc-10/README.Bugs --enable-languages=c,ada,c++,go,brig,d,fortran,objc,obj-c++,m2 --prefix=/usr --with-gcc-major-version-only --program-suffix=-10 --program-prefix=x86_64-linux-gnu- --enable-shared --enable-linker-build-id --libexecdir=/usr/lib --without-included-gettext --enable-threads=posix --libdir=/usr/lib --enable-nls --enable-bootstrap --enable-clocale=gnu --enable-libstdcxx-debug --enable-libstdcxx-time=yes --with-default-libstdcxx-abi=new --enable-gnu-unique-object --disable-vtable-verify --enable-plugin --enable-default-pie --with-system-zlib --enable-libphobos-checking=release --with-target-system-zlib=auto --enable-objc-gc=auto --enable-multiarch --disable-werror --with-arch-32=i686 --with-abi=m64 --with-multilib-list=m32,m64,mx32 --enable-multilib --with-tune=generic --enable-offload-targets=nvptx-none=/build/gcc-10-Km9U7s/gcc-10-10.2.1/debian/tmp-nvptx/usr,amdgcn-amdhsa=/build/gcc-10-Km9U7s/gcc-10-10.2.1/debian/tmp-gcn/usr,hsa --without-cuda-driver --enable-checking=release --build=x86_64-linux-gnu --host=x86_64-linux-gnu --target=x86_64-linux-gnu --with-build-config=bootstrap-lto-lean --enable-link-mutex
Thread model: posix
Supported LTO compression algorithms: zlib zstd
gcc version 10.2.1 20210110 (Debian 10.2.1-6) 
COMPILER_PATH=/usr/lib/gcc/x86_64-linux-gnu/10/:/usr/lib/gcc/x86_64-linux-gnu/10/:/usr/lib/gcc/x86_64-linux-gnu/:/usr/lib/gcc/x86_64-linux-gnu/10/:/usr/lib/gcc/x86_64-linux-gnu/
LIBRARY_PATH=/usr/lib/gcc/x86_64-linux-gnu/10/:/usr/lib/gcc/x86_64-linux-gnu/10/../../../x86_64-linux-gnu/:/usr/lib/gcc/x86_64-linux-gnu/10/../../../../lib/:/lib/x86_64-linux-gnu/:/lib/../lib/:/usr/lib/x86_64-linux-gnu/:/usr/lib/../lib/:/usr/lib/gcc/x86_64-linux-gnu/10/../../../:/lib/:/usr/lib/
COLLECT_GCC_OPTIONS='-v' '-o' 'cmTC_71242' '-mtune=generic' '-march=x86-64'
 /usr/lib/gcc/x86_64-linux-gnu/10/collect2 -plugin /usr/lib/gcc/x86_64-linux-gnu/10/liblto_plugin.so -plugin-opt=/usr/lib/gcc/x86_64-linux-gnu/10/lto-wrapper -plugin-opt=-fresolution=/tmp/cciRvse7.res -plugin-opt=-pass-through=-lgcc -plugin-opt=-pass-through=-lgcc_s -plugin-opt=-pass-through=-lc -plugin-opt=-pass-through=-lgcc -plugin-opt=-pass-through=-lgcc_s --build-id --eh-frame-hdr -m elf_x86_64 --hash-style=gnu --as-needed -dynamic-linker /lib64/ld-linux-x86-64.so.2 -pie -o cmTC_71242 /usr/lib/gcc/x86_64-linux-gnu/10/../../../x86_64-linux-gnu/Scrt1.o /usr/lib/gcc/x86_64-linux-gnu/10/../../../x86_64-linux-gnu/crti.o /usr/lib/gcc/x86_64-linux-gnu/10/crtbeginS.o -L/usr/lib/gcc/x86_64-linux-gnu/10 -L/usr/lib/gcc/x86_64-linux-gnu/10/../../../x86_64-linux-gnu -L/usr/lib/gcc/x86_64-linux-gnu/10/../../../../lib -L/lib/x86_64-linux-gnu -L/lib/../lib -L/usr/lib/x86_64-linux-gnu -L/usr/lib/../lib -L/usr/lib/gcc/x86_64-linux-gnu/10/../../.. CMakeFiles/cmTC_71242.dir/CMakeCCompilerABI.c.o -lgcc --push-state --as-needed -lgcc_s --pop-state -lc -lgcc --push-state --as-needed -lgcc_s --pop-state /usr/lib/gcc/x86_64-linux-gnu/10/crtendS.o /usr/lib/gcc/x86_64-linux-gnu/10/../../../x86_64-linux-gnu/crtn.o
COLLECT_GCC_OPTIONS='-v' '-o' 'cmTC_71242' '-mtune=generic' '-march=x86-64'
gmake[1]: Leaving directory '/home/ion/src/cuems/xjadeo/build/CMakeFiles/CMakeTmp'



Parsed C implicit include dir info from above output: rv=done
  found start of include info
  found start of implicit include info
    add: [/usr/lib/gcc/x86_64-linux-gnu/10/include]
    add: [/usr/local/include]
    add: [/usr/include/x86_64-linux-gnu]
    add: [/usr/include]
  end of search list found
  collapse include dir [/usr/lib/gcc/x86_64-linux-gnu/10/include] ==> [/usr/lib/gcc/x86_64-linux-gnu/10/include]
  collapse include dir [/usr/local/include] ==> [/usr/local/include]
  collapse include dir [/usr/include/x86_64-linux-gnu] ==> [/usr/include/x86_64-linux-gnu]
  collapse include dir [/usr/include] ==> [/usr/include]
  implicit include dirs: [/usr/lib/gcc/x86_64-linux-gnu/10/include;/usr/local/include;/usr/include/x86_64-linux-gnu;/usr/include]


Parsed C implicit link information from above output:
  link line regex: [^( *|.*[/\])(ld|CMAKE_LINK_STARTFILE-NOTFOUND|([^/\]+-)?ld|collect2)[^/\]*( |$)]
  ignore line: [Change Dir: /home/ion/src/cuems/xjadeo/build/CMakeFiles/CMakeTmp]
  ignore line: []
  ignore line: [Run Build Command(s):/usr/bin/gmake cmTC_71242/fast && /usr/bin/gmake  -f CMakeFiles/cmTC_71242.dir/build.make CMakeFiles/cmTC_71242.dir/build]
  ignore line: [gmake[1]: Entering directory '/home/ion/src/cuems/xjadeo/build/CMakeFiles/CMakeTmp']
  ignore line: [Building C object CMakeFiles/cmTC_71242.dir/CMakeCCompilerABI.c.o]
  ignore line: [/usr/bin/cc   -v -o CMakeFiles/cmTC_71242.dir/CMakeCCompilerABI.c.o -c /usr/share/cmake-3.18/Modules/CMakeCCompilerABI.c]
  ignore line: [Using built-in specs.]
  ignore line: [COLLECT_GCC=/usr/bin/cc]
  ignore line: [OFFLOAD_TARGET_NAMES=nvptx-none:amdgcn-amdhsa:hsa]
  ignore line: [OFFLOAD_TARGET_DEFAULT=1]
  ignore line: [Target: x86_64-linux-gnu]
  ignore line: [Configured with: ../src/configure -v --with-pkgversion='Debian 10.2.1-6' --with-bugurl=file:///usr/share/doc/gcc-10/README.Bugs --enable-languages=c ada c++ go brig d fortran objc obj-c++ m2 --prefix=/usr --with-gcc-major-version-only --program-suffix=-10 --program-prefix=x86_64-linux-gnu- --enable-shared --enable-linker-build-id --libexecdir=/usr/lib --without-included-gettext --enable-threads=posix --libdir=/usr/lib --enable-nls --enable-bootstrap --enable-clocale=gnu --enable-libstdcxx-debug --enable-libstdcxx-time=yes --with-default-libstdcxx-abi=new --enable-gnu-unique-object --disable-vtable-verify --enable-plugin --enable-default-pie --with-system-zlib --enable-libphobos-checking=release --with-target-system-zlib=auto --enable-objc-gc=auto --enable-multiarch --disable-werror --with-arch-32=i686 --with-abi=m64 --with-multilib-list=m32 m64 mx32 --enable-multilib --with-tune=generic --enable-offload-targets=nvptx-none=/build/gcc-10-Km9U7s/gcc-10-10.2.1/debian/tmp-nvptx/usr amdgcn-amdhsa=/build/gcc-10-Km9U7s/gcc-10-10.2.1/debian/tmp-gcn/usr hsa --without-cuda-driver --enable-checking=release --build=x86_64-linux-gnu --host=x86_64-linux-gnu --target=x86_64-linux-gnu --with-build-config=bootstrap-lto-lean --enable-link-mutex]
  ignore line: [Thread model: posix]
  ignore line: [Supported LTO compression algorithms: zlib zstd]
  ignore line: [gcc version 10.2.1 20210110 (Debian 10.2.1-6) ]
  ignore line: [COLLECT_GCC_OPTIONS='-v' '-o' 'CMakeFiles/cmTC_71242.dir/CMakeCCompilerABI.c.o' '-c' '-mtune=generic' '-march=x86-64']
  ignore line: [ /usr/lib/gcc/x86_64-linux-gnu/10/cc1 -quiet -v -imultiarch x86_64-linux-gnu /usr/share/cmake-3.18/Modules/CMakeCCompilerABI.c -quiet -dumpbase CMakeCCompilerABI.c -mtune=generic -march=x86-64 -auxbase-strip CMakeFiles/cmTC_71242.dir/CMakeCCompilerABI.c.o -version -fasynchronous-unwind-tables -o /tmp/cc8JhCxI.s]
  ignore line: [GNU C17 (Debian 10.2.1-6) version 10.2.1 20210110 (x86_64-linux-gnu)]
  ignore line: [	compiled by GNU C version 10.2.1 20210110  GMP version 6.2.1  MPFR version 4.1.0  MPC version 1.2.0  isl version isl-0.23-GMP]
  ignore line: []
  ignore line: [GGC heuristics: --param ggc-min-expand=100 --param ggc-min-heapsize=131072]
  ignore line: [ignoring nonexistent directory "/usr/local/include/x86_64-linux-gnu"]
  ignore line: [ignoring nonexistent directory "/usr/lib/gcc/x86_64-linux-gnu/10/include-fixed"]
  ignore line: [ignoring nonexistent directory "/usr/lib/gcc/x86_64-linux-gnu/10/../../../../x86_64-linux-gnu/include"]
  ignore line: [#include "..." search starts here:]
  ignore line: [#include <...> search starts here:]
  ignore line: [ /usr/lib/gcc/x86_64-linux-gnu/10/include]
  ignore line: [ /usr/local/include]
  ignore line: [ /usr/include/x86_64-linux-gnu]
  ignore line: [ /usr/include]
  ignore line: [End of search list.]
  ignore line: [GNU C17 (Debian 10.2.1-6) version 10.2.1 20210110 (x86_64-linux-gnu)]
  ignore line: [	compiled by GNU C version 10.2.1 20210110  GMP version 6.2.1  MPFR version 4.1.0  MPC version 1.2.0  isl version isl-0.23-GMP]
  ignore line: []
  ignore line: [GGC heuristics: --param ggc-min-expand=100 --param ggc-min-heapsize=131072]
  ignore line: [Compiler executable checksum: 1f803793fa2e3418c492b25e7d3eac2f]
  ignore line: [COLLECT_GCC_OPTIONS='-v' '-o' 'CMakeFiles/cmTC_71242.dir/CMakeCCompilerABI.c.o' '-c' '-mtune=generic' '-march=x86-64']
  ignore line: [ as -v --64 -o CMakeFiles/cmTC_71242.dir/CMakeCCompilerABI.c.o /tmp/cc8JhCxI.s]
  ignore line: [GNU assembler version 2.35.2 (x86_64-linux-gnu) using BFD version (GNU Binutils for Debian) 2.35.2]
  ignore line: [COMPILER_PATH=/usr/lib/gcc/x86_64-linux-gnu/10/:/usr/lib/gcc/x86_64-linux-gnu/10/:/usr/lib/gcc/x86_64-linux-gnu/:/usr/lib/gcc/x86_64-linux-gnu/10/:/usr/lib/gcc/x86_64-linux-gnu/]
  ignore line: [LIBRARY_PATH=/usr/lib/gcc/x86_64-linux-gnu/10/:/usr/lib/gcc/x86_64-linux-gnu/10/../../../x86_64-linux-gnu/:/usr/lib/gcc/x86_64-linux-gnu/10/../../../../lib/:/lib/x86_64-linux-gnu/:/lib/../lib/:/usr/lib/x86_64-linux-gnu/:/usr/lib/../lib/:/usr/lib/gcc/x86_64-linux-gnu/10/../../../:/lib/:/usr/lib/]
  ignore line: [COLLECT_GCC_OPTIONS='-v' '-o' 'CMakeFiles/cmTC_71242.dir/CMakeCCompilerABI.c.o' '-c' '-mtune=generic' '-march=x86-64']
  ignore line: [Linking C executable cmTC_71242]
  ignore line: [/usr/bin/cmake -E cmake_link_script CMakeFiles/cmTC_71242.dir/link.txt --verbose=1]
  ignore line: [/usr/bin/cc  -v CMakeFiles/cmTC_71242.dir/CMakeCCompilerABI.c.o -o cmTC_71242 ]
  ignore line: [Using built-in specs.]
  ignore line: [COLLECT_GCC=/usr/bin/cc]
  ignore line: [COLLECT_LTO_WRAPPER=/usr/lib/gcc/x86_64-linux-gnu/10/lto-wrapper]
  ignore line: [OFFLOAD_TARGET_NAMES=nvptx-none:amdgcn-amdhsa:hsa]
  ignore line: [OFFLOAD_TARGET_DEFAULT=1]
  ignore line: [Target: x86_64-linux-gnu]
  ignore line: [Configured with: ../src/configure -v --with-pkgversion='Debian 10.2.1-6' --with-bugurl=file:///usr/share/doc/gcc-10/README.Bugs --enable-languages=c ada c++ go brig d fortran objc obj-c++ m2 --prefix=/usr --with-gcc-major-version-only --program-suffix=-10 --program-prefix=x86_64-linux-gnu- --enable-shared --enable-linker-build-id --libexecdir=/usr/lib --without-included-gettext --enable-threads=posix --libdir=/usr/lib --enable-nls --enable-bootstrap --enable-clocale=gnu --enable-libstdcxx-debug --enable-libstdcxx-time=yes --with-default-libstdcxx-abi=new --enable-gnu-unique-object --disable-vtable-verify --enable-plugin --enable-default-pie --with-system-zlib --enable-libphobos-checking=release --with-target-system-zlib=auto --enable-objc-gc=auto --enable-multiarch --disable-werror --with-arch-32=i686 --with-abi=m64 --with-multilib-list=m32 m64 mx32 --enable-multilib --with-tune=generic --enable-offload-targets=nvptx-none=/build/gcc-10-Km9U7s/gcc-10-10.2.1/debian/tmp-nvptx/usr amdgcn-amdhsa=/build/gcc-10-Km9U7s/gcc-10-10.2.1/debian/tmp-gcn/usr hsa --without-cuda-driver --enable-checking=release --build=x86_64-linux-gnu --host=x86_64-linux-gnu --target=x86_64-linux-gnu --with-build-config=bootstrap-lto-lean --enable-link-mutex]
  ignore line: [Thread model: posix]
  ignore line: [Supported LTO compression algorithms: zlib zstd]
  ignore line: [gcc version 10.2.1 20210110 (Debian 10.2.1-6) ]
  ignore line: [COMPILER_PATH=/usr/lib/gcc/x86_64-linux-gnu/10/:/usr/lib/gcc/x86_64-linux-gnu/10/:/usr/lib/gcc/x86_64-linux-gnu/:/usr/lib/gcc/x86_64-linux-gnu/10/:/usr/lib/gcc/x86_64-linux-gnu/]
  ignore line: [LIBRARY_PATH=/usr/lib/gcc/x86_64-linux-gnu/10/:/usr/lib/gcc/x86_64-linux-gnu/10/../../../x86_64-linux-gnu/:/usr/lib/gcc/x86_64-linux-gnu/10/../../../../lib/:/lib/x86_64-linux-gnu/:/lib/../lib/:/usr/lib/x86_64-linux-gnu/:/usr/lib/../lib/:/usr/lib/gcc/x86_64-linux-gnu/10/../../../:/lib/:/usr/lib/]
  ignore line: [COLLECT_GCC_OPTIONS='-v' '-o' 'cmTC_71242' '-mtune=generic' '-march=x86-64']
  link line: [ /usr/lib/gcc/x86_64-linux-gnu/10/collect2 -plugin /usr/lib/gcc/x86_64-linux-gnu/10/liblto_plugin.so -plugin-opt=/usr/lib/gcc/x86_64-linux-gnu/10/lto-wrapper -plugin-opt=-fresolution=/tmp/cciRvse7.res -plugin-opt=-pass-through=-lgcc -plugin-opt=-pass-through=-lgcc_s -plugin-opt=-pass-through=-lc -plugin-opt=-pass-through=-lgcc -plugin-opt=-pass-through=-lgcc_s --build-id --eh-frame-hdr -m elf_x86_64 --hash-style=gnu --as-needed -dynamic-linker /lib64/ld-linux-x86-64.so.2 -pie -o cmTC_71242 /usr/lib/gcc/x86_64-linux-gnu/10/../../../x86_64-linux-gnu/Scrt1.o /usr/lib/gcc/x86_64-linux-gnu/10/../../../x86_64-linux-gnu/crti.o /usr/lib/gcc/x86_64-linux-gnu/10/crtbeginS.o -L/usr/lib/gcc/x86_64-linux-gnu/10 -L/usr/lib/gcc/x86_64-linux-gnu/10/../../../x86_64-linux-gnu -L/usr/lib/gcc/x86_64-linux-gnu/10/../../../../lib -L/lib/x86_64-linux-gnu -L/lib/../lib -L/usr/lib/x86_64-linux-gnu -L/usr/lib/../lib -L/usr/lib/gcc/x86_64-linux-gnu/10/../../.. CMakeFiles/cmTC_71242.dir/CMakeCCompilerABI.c.o -lgcc --push-state --as-needed -lgcc_s --pop-state -lc -lgcc --push-state --as-needed -lgcc_s --pop-state /usr/lib/gcc/x86_64-linux-gnu/10/crtendS.o /usr/lib/gcc/x86_64-linux-gnu/10/../../../x86_64-linux-gnu/crtn.o]
    arg [/usr/lib/gcc/x86_64-linux-gnu/10/collect2] ==> ignore
    arg [-plugin] ==> ignore
    arg [/usr/lib/gcc/x86_64-linux-gnu/10/liblto_plugin.so] ==> ignore
    arg [-plugin-opt=/usr/lib/gcc/x86_64-linux-gnu/10/lto-wrapper] ==> ignore
    arg [-plugin-opt=-fresolution=/tmp/cciRvse7.res] ==> ignore
    arg [-plugin-opt=-pass-through=-lgcc] ==> ignore
    arg [-plugin-opt=-pass-through=-lgcc_s] ==> ignore
    arg [-plugin-opt=-pass-through=-lc] ==> ignore
    arg [-plugin-opt=-pass-through=-lgcc] ==> ignore
    arg [-plugin-opt=-pass-through=-lgcc_s] ==> ignore
    arg [--build-id] ==> ignore
    arg [--eh-frame-hdr] ==> ignore
    arg [-m] ==> ignore
    arg [elf_x86_64] ==> ignore
    arg [--hash-style=gnu] ==> ignore
    arg [--as-needed] ==> ignore
    arg [-dynamic-linker] ==> ignore
    arg [/lib64/ld-linux-x86-64.so.2] ==> ignore
    arg [-pie] ==> ignore
    arg [-o] ==> ignore
    arg [cmTC_71242] ==> ignore
    arg [/usr/lib/gcc/x86_64-linux-gnu/10/../../../x86_64-linux-gnu/Scrt1.o] ==> ignore
    arg [/usr/lib/gcc/x86_64-linux-gnu/10/../../../x86_64-linux-gnu/crti.o] ==> ignore
    arg [/usr/lib/gcc/x86_64-linux-gnu/10/crtbeginS.o] ==> ignore
    arg [-L/usr/lib/gcc/x86_64-linux-gnu/10] ==> dir [/usr/lib/gcc/x86_64-linux-gnu/10]
    arg [-L/usr/lib/gcc/x86_64-linux-gnu/10/../../../x86_64-linux-gnu] ==> dir [/usr/lib/gcc/x86_64-linux-gnu/10/../../../x86_64-linux-gnu]
    arg [-L/usr/lib/gcc/x86_64-linux-gnu/10/../../../../lib] ==> dir [/usr/lib/gcc/x86_64-linux-gnu/10/../../../../lib]
    arg [-L/lib/x86_64-linux-gnu] ==> dir [/lib/x86_64-linux-gnu]
    arg [-L/lib/../lib] ==> dir [/lib/../lib]
    arg [-L/usr/lib/x86_64-linux-gnu] ==> dir [/usr/lib/x86_64-linux-gnu]
    arg [-L/usr/lib/../lib] ==> dir [/usr/lib/../lib]
    arg [-L/usr/lib/gcc/x86_64-linux-gnu/10/../../..] ==> dir [/usr/lib/gcc/x86_64-linux-gnu/10/../../..]
    arg [CMakeFiles/cmTC_71242.dir/CMakeCCompilerABI.c.o] ==> ignore
    arg [-lgcc] ==> lib [gcc]
    arg [--push-state] ==> ignore
    arg [--as-needed] ==> ignore
    arg [-lgcc_s] ==> lib [gcc_s]
    arg [--pop-state] ==> ignore
    arg [-lc] ==> lib [c]
    arg [-lgcc] ==> lib [gcc]
    arg [--push-state] ==> ignore
    arg [--as-needed] ==> ignore
    arg [-lgcc_s] ==> lib [gcc_s]
    arg [--pop-state] ==> ignore
    arg [/usr/lib/gcc/x86_64-linux-gnu/10/crtendS.o] ==> ignore
    arg [/usr/lib/gcc/x86_64-linux-gnu/10/../../../x86_64-linux-gnu/crtn.o] ==> ignore
  collapse library dir [/usr/lib/gcc/x86_64-linux-gnu/10] ==> [/usr/lib/gcc/x86_64-linux-gnu/10]
  collapse library dir [/usr/lib/gcc/x86_64-linux-gnu/10/../../../x86_64-linux-gnu] ==> [/usr/lib/x86_64-linux-gnu]
  collapse library dir [/usr/lib/gcc/x86_64-linux-gnu/10/../../../../lib] ==> [/usr/lib]
  collapse library dir [/lib/x86_64-linux-gnu] ==> [/lib/x86_64-linux-gnu]
  collapse library dir [/lib/../lib] ==> [/lib]
  collapse library dir [/usr/lib/x86_64-linux-gnu] ==> [/usr/lib/x86_64-linux-gnu]
  collapse library dir [/usr/lib/../lib] ==> [/usr/lib]
  collapse library dir [/usr/lib/gcc/x86_64-linux-gnu/10/../../..] ==> [/usr/lib]
  implicit libs: [gcc;gcc_s;c;gcc;gcc_s]
  implicit dirs: [/usr/lib/gcc/x86_64-linux-gnu/10;/usr/lib/x86_64-linux-gnu;/usr/lib;/lib/x86_64-linux-gnu;/lib]
  implicit fwks: []


Detecting CXX compiler ABI info compiled with the following output:
Change Dir: /home/ion/src/cuems/xjadeo/build/CMakeFiles/CMakeTmp

Run Build Command(s):/usr/bin/gmake cmTC_a65a6/fast && /usr/bin/gmake  -f CMakeFiles/cmTC_a65a6.dir/build.make CMakeFiles/cmTC_a65a6.dir/build
gmake[1]: Entering directory '/home/ion/src/cuems/xjadeo/build/CMakeFiles/CMakeTmp'
Building CXX object CMakeFiles/cmTC_a65a6.dir/CMakeCXXCompilerABI.cpp.o
/usr/bin/c++   -v -o CMakeFiles/cmTC_a65a6.dir/CMakeCXXCompilerABI.cpp.o -c /usr/share/cmake-3.18/Modules/CMakeCXXCompilerABI.cpp
Using built-in specs.
COLLECT_GCC=/usr/bin/c++
OFFLOAD_TARGET_NAMES=nvptx-none:amdgcn-amdhsa:hsa
OFFLOAD_TARGET_DEFAULT=1
Target: x86_64-linux-gnu
Configured with: ../src/configure -v --with-pkgversion='Debian 10.2.1-6' --with-bugurl=file:///usr/share/doc/gcc-10/README.Bugs --enable-languages=c,ada,c++,go,brig,d,fortran,objc,obj-c++,m2 --prefix=/usr --with-gcc-major-version-only --program-suffix=-10 --program-prefix=x86_64-linux-gnu- --enable-shared --enable-linker-build-id --libexecdir=/usr/lib --without-included-gettext --enable-threads=posix --libdir=/usr/lib --enable-nls --enable-bootstrap --enable-clocale=gnu --enable-libstdcxx-debug --enable-libstdcxx-time=yes --with-default-libstdcxx-abi=new --enable-gnu-unique-object --disable-vtable-verify --enable-plugin --enable-default-pie --with-system-zlib --enable-libphobos-checking=release --with-target-system-zlib=auto --enable-objc-gc=auto --enable-multiarch --disable-werror --with-arch-32=i686 --with-abi=m64 --with-multilib-list=m32,m64,mx32 --enable-multilib --with-tune=generic --enable-offload-targets=nvptx-none=/build/gcc-10-Km9U7s/gcc-10-10.2.1/debian/tmp-nvptx/usr,amdgcn-amdhsa=/build/gcc-10-Km9U7s/gcc-10-10.2.1/debian/tmp-gcn/usr,hsa --without-cuda-driver --enable-checking=release --build=x86_64-linux-gnu --host=x86_64-linux-gnu --target=x86_64-linux-gnu --with-build-config=bootstrap-lto-lean --enable-link-mutex
Thread model: posix
Supported LTO compression algorithms: zlib zstd
gcc version 10.2.1 20210110 (Debian 10.2.1-6) 
COLLECT_GCC_OPTIONS='-v' '-o' 'CMakeFiles/cmTC_a65a6.dir/CMakeCXXCompilerABI.cpp.o' '-c' '-shared-libgcc' '-mtune=generic' '-march=x86-64'
 /usr/lib/gcc/x86_64-linux-gnu/10/cc1plus -quiet -v -imultiarch x86_64-linux-gnu -D_GNU_SOURCE /usr/share/cmake-3.18/Modules/CMakeCXXCompilerABI.cpp -quiet -dumpbase CMakeCXXCompilerABI.cpp -mtune=generic -march=x86-64 -auxbase-strip CMakeFiles/cmTC_a65a6.dir/CMakeCXXCompilerABI.cpp.o -version -fasynchronous-unwind-tables -o /tmp/ccm5jsIG.s
GNU C++14 (Debian 10.2.1-6) version 10.2.1 20210110 (x86_64-linux-gnu)
	compiled by GNU C version 10.2.1 20210110, GMP version 6.2.1, MPFR version 4.1.0, MPC version 1.2.0, isl version isl-0.23-GMP

GGC heuristics: --param ggc-min-expand=100 --param ggc-min-heapsize=131072
ignoring duplicate directory "/usr/include/x86_64-linux-gnu/c++/10"
ignoring nonexistent directory "/usr/local/include/x86_64-linux-gnu"
ignoring nonexistent directory "/usr/lib/gcc/x86_64-linux-gnu/10/include-fixed"
ignoring nonexistent directory "/usr/lib/gcc/x86_64-linux-gnu/10/../../../../x86_64-linux-gnu/include"
#include "..." search starts here:
#include <...> search starts here:
 /usr/include/c++/10
 /usr/include/x86_64-linux-gnu/c++/10
 /usr/include/c++/10/backward
 /usr/lib/gcc/x86_64-linux-gnu/10/include
 /usr/local/include
 /usr/include/x86_64-linux-gnu
 /usr/include
End of search list.
GNU C++14 (Debian 10.2.1-6) version 10.2.1 20210110 (x86_64-linux-gnu)
	compiled by GNU C version 10.2.1 20210110, GMP version 6.2.1, MPFR version 4.1.0, MPC version 1.2.0, isl version isl-0.23-GMP

GGC heuristics: --param ggc-min-expand=100 --param ggc-min-heapsize=131072
Compiler executable checksum: 048fcaee3460a99eb0d68522358720e1
COLLECT_GCC_OPTIONS='-v' '-o' 'CMakeFiles/cmTC_a65a6.dir/CMakeCXXCompilerABI.cpp.o' '-c' '-shared-libgcc' '-mtune=generic' '-march=x86-64'
 as -v --64 -o CMakeFiles/cmTC_a65a6.dir/CMakeCXXCompilerABI.cpp.o /tmp/ccm5jsIG.s
GNU assembler version 2.35.2 (x86_64-linux-gnu) using BFD version (GNU Binutils for Debian) 2.35.2
COMPILER_PATH=/usr/lib/gcc/x86_64-linux-gnu/10/:/usr/lib/gcc/x86_64-linux-gnu/10/:/usr/lib/gcc/x86_64-linux-gnu/:/usr/lib/gcc/x86_64-linux-gnu/10/:/usr/lib/gcc/x86_64-linux-gnu/
LIBRARY_PATH=/usr/lib/gcc/x86_64-linux-gnu/10/:/usr/lib/gcc/x86_64-linux-gnu/10/../../../x86_64-linux-gnu/:/usr/lib/gcc/x86_64-linux-gnu/10/../../../../lib/:/lib/x86_64-linux-gnu/:/lib/../lib/:/usr/lib/x86_64-linux-gnu/:/usr/lib/../lib/:/usr/lib/gcc/x86_64-linux-gnu/10/../../../:/lib/:/usr/lib/
COLLECT_GCC_OPTIONS='-v' '-o' 'CMakeFiles/cmTC_a65a6.dir/CMakeCXXCompilerABI.cpp.o' '-c' '-shared-libgcc' '-mtune=generic' '-march=x86-64'
Linking CXX executable cmTC_a65a6
/usr/bin/cmake -E cmake_link_script CMakeFiles/cmTC_a65a6.dir/link.txt --verbose=1
/usr/bin/c++  -v CMakeFiles/cmTC_a65a6.dir/CMakeCXXCompilerABI.cpp.o -o cmTC_a65a6 
Using built-in specs.
COLLECT_GCC=/usr/bin/c++
COLLECT_LTO_WRAPPER=/usr/lib/gcc/x86_64-linux-gnu/10/lto-wrapper
OFFLOAD_TARGET_NAMES=nvptx-none:amdgcn-amdhsa:hsa
OFFLOAD_TARGET_DEFAULT=1
Target: x86_64-linux-gnu
Configured with: ../src/configure -v --with-pkgversion='Debian 10.2.1-6' --with-bugurl=file:///usr/share/doc/gcc-10/README.Bugs --enable-languages=c,ada,c++,go,brig,d,fortran,objc,obj-c++,m2 --prefix=/usr --with-gcc-major-version-only --program-suffix=-10 --program-prefix=x86_64-linux-gnu- --enable-shared --enable-linker-build-id --libexecdir=/usr/lib --without-included-gettext --enable-threads=posix --libdir=/usr/lib --enable-nls --enable-bootstrap --enable-clocale=gnu --enable-libstdcxx-debug --enable-libstdcxx-time=yes --with-default-libstdcxx-abi=new --enable-gnu-unique-object --disable-vtable-verify --enable-plugin --enable-default-pie --with-system-zlib --enable-libphobos-checking=release --with-target-system-zlib=auto --enable-objc-gc=auto --enable-multiarch --disable-werror --with-arch-32=i686 --with-abi=m64 --with-multilib-list=m32,m64,mx32 --enable-multilib --with-tune=generic --enable-offload-targets=nvptx-none=/build/gcc-10-Km9U7s/gcc-10-10.2.1/debian/tmp-nvptx/usr,amdgcn-amdhsa=/build/gcc-10-Km9U7s/gcc-10-10.2.1/debian/tmp-gcn/usr,hsa --without-cuda-driver --enable-checking=release --build=x86_64-linux-gnu --host=x86_64-linux-gnu --target=x86_64-linux-gnu --with-build-config=bootstrap-lto-lean --enable-link-mutex
Thread model: posix
Supported LTO compression algorithms: zlib zstd
gcc version 10.2.1 20210110 (Debian 10.2.1-6) 
COMPILER_PATH=/usr/lib/gcc/x86_64-linux-gnu/10/:/usr/lib/gcc/x86_64-linux-gnu/10/:/usr/lib/gcc/x86_64-linux-gnu/:/usr/lib/gcc/x86_64-linux-gnu/10/:/usr/lib/gcc/x86_64-linux-gnu/
LIBRARY_PATH=/usr/lib/gcc/x86_64-linux-gnu/10/:/usr/lib/gcc/x86_64-linux-gnu/10/../../../x86_64-linux-gnu/:/usr/lib/gcc/x86_64-linux-gnu/10/../../../../lib/:/lib/x86_64-linux-gnu/:/lib/../lib/:/usr/lib/x86_64-linux-gnu/:/usr/lib/../lib/:/usr/lib/gcc/x86_64-linux-gnu/10/../../../:/lib/:/usr/lib/
COLLECT_GCC_OPTIONS='-v' '-o' 'cmTC_a65a6' '-shared-libgcc' '-mtune=generic' '-march=x86-64'
 /usr/lib/gcc/x86_64-linux-gnu/10/collect2 -plugin /usr/lib/gcc/x86_64-linux-gnu/10/liblto_plugin.so -plugin-opt=/usr/lib/gcc/x86_64-linux-gnu/10/lto-wrapper -plugin-opt=-fresolution=/tmp/ccwwCOGe.res -plugin-opt=-pass-through=-lgcc_s -plugin-opt=-pass-through=-lgcc -plugin-opt=-pass-through=-lc -plugin-opt=-pass-through=-lgcc_s -plugin-opt=-pass-through=-lgcc --build-id --eh-frame-hdr -m elf_x86_64 --hash-style=gnu --as-needed -dynamic-linker /lib64/ld-linux-x86-64.so.2 -pie -o cmTC_a65a6 /usr/lib/gcc/x86_64-linux-gnu/10/../../../x86_64-linux-gnu/Scrt1.o /usr/lib/gcc/x86_64-linux-gnu/10/../../../x86_64-linux-gnu/crti.o /usr/lib/gcc/x86_64-linux-gnu/10/crtbeginS.o -L/usr/lib/gcc/x86_64-linux-gnu/10 -L/usr/lib/gcc/x86_64-linux-gnu/10/../../../x86_64-linux-gnu -L/usr/lib/gcc/x86_64-linux-gnu/10/../../../../lib -L/lib/x86_64-linux-gnu -L/lib/../lib -L/usr/lib/x86_64-linux-gnu -L/usr/lib/../lib -L/usr/lib/gcc/x86_64-linux-gnu/10/../../.. CMakeFiles/cmTC_a65a6.dir/CMakeCXXCompilerABI.cpp.o -lstdc++ -lm -lgcc_s -lgcc -lc -lgcc_s -lgcc /usr/lib/gcc/x86_64-linux-gnu/10/crtendS.o /usr/lib/gcc/x86_64-linux-gnu/10/../../../x86_64-linux-gnu/crtn.o
COLLECT_GCC_OPTIONS='-v' '-o' 'cmTC_a65a6' '-shared-libgcc' '-mtune=generic' '-march=x86-64'
gmake[1]: Leaving directory '/home/ion/src/cuems/xjadeo/build/CMakeFiles/CMakeTmp'



Parsed CXX implicit include dir info from above output: rv=done
  found start of include info
  found start of implicit include info
    add: [/usr/include/c++/10]
    add: [/usr/include/x86_64-linux-gnu/c++/10]
    add: [/usr/include/c++/10/backward]
    add: [/usr/lib/gcc/x86_64-linux-gnu/10/include]
    add: [/usr/local/include]
    add: [/usr/include/x86_64-linux-gnu]
    add: [/usr/include]
  end of search list found
  collapse include dir [/usr/include/c++/10] ==> [/usr/include/c++/10]
  collapse include dir [/usr/include/x86_64-linux-gnu/c++/10] ==> [/usr/include/x86_64-linux-gnu/c++/10]
  collapse include dir [/usr/include/c++/10/backward] ==> [/usr/include/c++/10/backward]
  collapse include dir [/usr/lib/gcc/x86_64-linux-gnu/10/include] ==> [/usr/lib/gcc/x86_64-linux-gnu/10/include]
  collapse include dir [/usr/local/include] ==> [/usr/local/include]
  collapse include dir [/usr/include/x86_64-linux-gnu] ==> [/usr/include/x86_64-linux-gnu]
  collapse include dir [/usr/include] ==> [/usr/include]
  implicit include dirs: [/usr/include/c++/10;/usr/include/x86_64-linux-gnu/c++/10;/usr/include/c++/10/backward;/usr/lib/gcc/x86_64-linux-gnu/10/include;/usr/local/include;/usr/include/x86_64-linux-gnu;/usr/include]


Parsed CXX implicit link information from above output:
  link line regex: [^( *|.*[/\])(ld|CMAKE_LINK_STARTFILE-NOTFOUND|([^/\]+-)?ld|collect2)[^/\]*( |$)]
  ignore line: [Change Dir: /home/ion/src/cuems/xjadeo/build/CMakeFiles/CMakeTmp]
  ignore line: []
  ignore line: [Run Build Command(s):/usr/bin/gmake cmTC_a65a6/fast && /usr/bin/gmake  -f CMakeFiles/cmTC_a65a6.dir/build.make CMakeFiles/cmTC_a65a6.dir/build]
  ignore line: [gmake[1]: Entering directory '/home/ion/src/cuems/xjadeo/build/CMakeFiles/CMakeTmp']
  ignore line: [Building CXX object CMakeFiles/cmTC_a65a6.dir/CMakeCXXCompilerABI.cpp.o]
  ignore line: [/usr/bin/c++   -v -o CMakeFiles/cmTC_a65a6.dir/CMakeCXXCompilerABI.cpp.o -c /usr/share/cmake-3.18/Modules/CMakeCXXCompilerABI.cpp]
  ignore line: [Using built-in specs.]
  ignore line: [COLLECT_GCC=/usr/bin/c++]
  ignore line: [OFFLOAD_TARGET_NAMES=nvptx-none:amdgcn-amdhsa:hsa]
  ignore line: [OFFLOAD_TARGET_DEFAULT=1]
  ignore line: [Target: x86_64-linux-gnu]
  ignore line: [Configured with: ../src/configure -v --with-pkgversion='Debian 10.2.1-6' --with-bugurl=file:///usr/share/doc/gcc-10/README.Bugs --enable-languages=c ada c++ go brig d fortran objc obj-c++ m2 --prefix=/usr --with-gcc-major-version-only --program-suffix=-10 --program-prefix=x86_64-linux-gnu- --enable-shared --enable-linker-build-id --libexecdir=/usr/lib --without-included-gettext --enable-threads=posix --libdir=/usr/lib --enable-nls --enable-bootstrap --enable-clocale=gnu --enable-libstdcxx-debug --enable-libstdcxx-time=yes --with-default-libstdcxx-abi=new --enable-gnu-unique-object --disable-vtable-verify --enable-plugin --enable-default-pie --with-system-zlib --enable-libphobos-checking=release --with-target-system-zlib=auto --enable-objc-gc=auto --enable-multiarch --disable-werror --with-arch-32=i686 --with-abi=m64 --with-multilib-list=m32 m64 mx32 --enable-multilib --with-tune=generic --enable-offload-targets=nvptx-none=/build/gcc-10-Km9U7s/gcc-10-10.2.1/debian/tmp-nvptx/usr amdgcn-amdhsa=/build/gcc-10-Km9U7s/gcc-10-10.2.1/debian/tmp-gcn/usr hsa --without-cuda-driver --enable-checking=release --build=x86_64-linux-gnu --host=x86_64-linux-gnu --target=x86_64-linux-gnu --with-build-config=bootstrap-lto-lean --enable-link-mutex]
  ignore line: [Thread model: posix]
  ignore line: [Supported LTO compression algorithms: zlib zstd]
  ignore line: [gcc version 10.2.1 20210110 (Debian 10.2.1-6) ]
  ignore line: [COLLECT_GCC_OPTIONS='-v' '-o' 'CMakeFiles/cmTC_a65a6.dir/CMakeCXXCompilerABI.cpp.o' '-c' '-shared-libgcc' '-mtune=generic' '-march=x86-64']
  ignore line: [ /usr/lib/gcc/x86_64-linux-gnu/10/cc1plus -quiet -v -imultiarch x86_64-linux-gnu -D_GNU_SOURCE /usr/share/cmake-3.18/Modules/CMakeCXXCompilerABI.cpp -quiet -dumpbase CMakeCXXCompilerABI.cpp -mtune=generic -march=x86-64 -auxbase-strip CMakeFiles/cmTC_a65a6.dir/CMakeCXXCompilerABI.cpp.o -version -fasynchronous-unwind-tables -o /tmp/ccm5jsIG.s]
  ignore line: [GNU C++14 (Debian 10.2.1-6) version 10.2.1 20210110 (x86_64-linux-gnu)]
  ignore line: [	compiled by GNU C version 10.2.1 20210110  GMP version 6.2.1  MPFR version 4.1.0  MPC version 1.2.0  isl version isl-0.23-GMP]
  ignore line: []
  ignore line: [GGC heuristics: --param ggc-min-expand=100 --param ggc-min-heapsize=131072]
  ignore line: [ignoring duplicate directory "/usr/include/x86_64-linux-gnu/c++/10"]
  ignore line: [ignoring nonexistent directory "/usr/local/include/x86_64-linux-gnu"]
  ignore line: [ignoring nonexistent directory "/usr/lib/gcc/x86_64-linux-gnu/10/include-fixed"]
  ignore line: [ignoring nonexistent directory "/usr/lib/gcc/x86_64-linux-gnu/10/../../../../x86_64-linux-gnu/include"]
  ignore line: [#include "..." search starts here:]
  ignore line: [#include <...> search starts here:]
  ignore line: [ /usr/include/c++/10]
  ignore line: [ /usr/include/x86_64-linux-gnu/c++/10]
  ignore line: [ /usr/include/c++/10/backward]
  ignore line: [ /usr/lib/gcc/x86_64-linux-gnu/10/include]
  ignore line: [ /usr/local/include]
  ignore line: [ /usr/include/x86_64-linux-gnu]
  ignore line: [ /usr/include]
  ignore line: [End of search list.]
  ignore line: [GNU C++14 (Debian 10.2.1-6) version 10.2.1 20210110 (x86_64-linux-gnu)]
  ignore line: [	compiled by GNU C version 10.2.1 20210110  GMP version 6.2.1  MPFR version 4.1.0  MPC version 1.2.0  isl version isl-0.23-GMP]
  ignore line: []
  ignore line: [GGC heuristics: --param ggc-min-expand=100 --param ggc-min-heapsize=131072]
  ignore line: [Compiler executable checksum: 048fcaee3460a99eb0d68522358720e1]
  ignore line: [COLLECT_GCC_OPTIONS='-v' '-o' 'CMakeFiles/cmTC_a65a6.dir/CMakeCXXCompilerABI.cpp.o' '-c' '-shared-libgcc' '-mtune=generic' '-march=x86-64']
  ignore line: [ as -v --64 -o CMakeFiles/cmTC_a65a6.dir/CMakeCXXCompilerABI.cpp.o /tmp/ccm5jsIG.s]
  ignore line: [GNU assembler version 2.35.2 (x86_64-linux-gnu) using BFD version (GNU Binutils for Debian) 2.35.2]
  ignore line: [COMPILER_PATH=/usr/lib/gcc/x86_64-linux-gnu/10/:/usr/lib/gcc/x86_64-linux-gnu/10/:/usr/lib/gcc/x86_64-linux-gnu/:/usr/lib/gcc/x86_64-linux-gnu/10/:/usr/lib/gcc/x86_64-linux-gnu/]
  ignore line: [LIBRARY_PATH=/usr/lib/gcc/x86_64-linux-gnu/10/:/usr/lib/gcc/x86_64-linux-gnu/10/../../../x86_64-linux-gnu/:/usr/lib/gcc/x86_64-linux-gnu/10/../../../../lib/:/lib/x86_64-linux-gnu/:/lib/../lib/:/usr/lib/x86_64-linux-gnu/:/usr/lib/../lib/:/usr/lib/gcc/x86_64-linux-gnu/10/../../../:/lib/:/usr/lib/]
  ignore line: [COLLECT_GCC_OPTIONS='-v' '-o' 'CMakeFiles/cmTC_a65a6.dir/CMakeCXXCompilerABI.cpp.o' '-c' '-shared-libgcc' '-mtune=generic' '-march=x86-64']
  ignore line: [Linking CXX executable cmTC_a65a6]
  ignore line: [/usr/bin/cmake -E cmake_link_script CMakeFiles/cmTC_a65a6.dir/link.txt --verbose=1]
  ignore line: [/usr/bin/c++  -v CMakeFiles/cmTC_a65a6.dir/CMakeCXXCompilerABI.cpp.o -o cmTC_a65a6 ]
  ignore line: [Using built-in specs.]
  ignore line: [COLLECT_GCC=/usr/bin/c++]
  ignore line: [COLLECT_LTO_WRAPPER=/usr/lib/gcc/x86_64-linux-gnu/10/lto-wrapper]
  ignore line: [OFFLOAD_TARGET_NAMES=nvptx-none:amdgcn-amdhsa:hsa]
  ignore line: [OFFLOAD_TARGET_DEFAULT=1]
  ignore line: [Target: x86_64-linux-gnu]
  ignore line: [Configured with: ../src/configure -v --with-pkgversion='Debian 10.2.1-6' --with-bugurl=file:///usr/share/doc/gcc-10/README.Bugs --enable-languages=c ada c++ go brig d fortran objc obj-c++ m2 --prefix=/usr --with-gcc-major-version-only --program-suffix=-10 --program-prefix=x86_64-linux-gnu- --enable-shared --enable-linker-build-id --libexecdir=/usr/lib --without-included-gettext --enable-threads=posix --libdir=/usr/lib --enable-nls --enable-bootstrap --enable-clocale=gnu --enable-libstdcxx-debug --enable-libstdcxx-time=yes --with-default-libstdcxx-abi=new --enable-gnu-unique-object --disable-vtable-verify --enable-plugin --enable-default-pie --with-system-zlib --enable-libphobos-checking=release --with-target-system-zlib=auto --enable-objc-gc=auto --enable-multiarch --disable-werror --with-arch-32=i686 --with-abi=m64 --with-multilib-list=m32 m64 mx32 --enable-multilib --with-tune=generic --enable-offload-targets=nvptx-none=/build/gcc-10-Km9U7s/gcc-10-10.2.1/debian/tmp-nvptx/usr amdgcn-amdhsa=/build/gcc-10-Km9U7s/gcc-10-10.2.1/debian/tmp-gcn/usr hsa --without-cuda-driver --enable-checking=release --build=x86_64-linux-gnu --host=x86_64-linux-gnu --target=x86_64-linux-gnu --with-build-config=bootstrap-lto-lean --enable-link-mutex]
  ignore line: [Thread model: posix]
  ignore line: [Supported LTO compression algorithms: zlib zstd]
  ignore line: [gcc version 10.2.1 20210110 (Debian 10.2.1-6) ]
  ignore line: [COMPILER_PATH=/usr/lib/gcc/x86_64-linux-gnu/10/:/usr/lib/gcc/x86_64-linux-gnu/10/:/usr/lib/gcc/x86_64-linux-gnu/:/usr/lib/gcc/x86_64-linux-gnu/10/:/usr/lib/gcc/x86_64-linux-gnu/]
  ignore line: [LIBRARY_PATH=/usr/lib/gcc/x86_64-linux-gnu/10/:/usr/lib/gcc/x86_64-linux-gnu/10/../../../x86_64-linux-gnu/:/usr/lib/gcc/x86_64-linux-gnu/10/../../../../lib/:/lib/x86_64-linux-gnu/:/lib/../lib/:/usr/lib/x86_64-linux-gnu/:/usr/lib/../lib/:/usr/lib/gcc/x86_64-linux-gnu/10/../../../:/lib/:/usr/lib/]
  ignore line: [COLLECT_GCC_OPTIONS='-v' '-o' 'cmTC_a65a6' '-shared-libgcc' '-mtune=generic' '-march=x86-64']
  link line: [ /usr/lib/gcc/x86_64-linux-gnu/10/collect2 -plugin /usr/lib/gcc/x86_64-linux-gnu/10/liblto_plugin.so -plugin-opt=/usr/lib/gcc/x86_64-linux-gnu/10/lto-wrapper -plugin-opt=-fresolution=/tmp/ccwwCOGe.res -plugin-opt=-pass-through=-lgcc_s -plugin-opt=-pass-through=-lgcc -plugin-opt=-pass-through=-lc -plugin-opt=-pass-through=-lgcc_s -plugin-opt=-pass-through=-lgcc --build-id --eh-frame-hdr -m elf_x86_64 --hash-style=gnu --as-needed -dynamic-linker /lib64/ld-linux-x86-64.so.2 -pie -o cmTC_a65a6 /usr/lib/gcc/x86_64-linux-gnu/10/../../../x86_64-linux-gnu/Scrt1.o /usr/lib/gcc/x86_64-linux-gnu/10/../../../x86_64-linux-gnu/crti.o /usr/lib/gcc/x86_64-linux-gnu/10/crtbeginS.o -L/usr/lib/gcc/x86_64-linux-gnu/10 -L/usr/lib/gcc/x86_64-linux-gnu/10/../../../x86_64-linux-gnu -L/usr/lib/gcc/x86_64-linux-gnu/10/../../../../lib -L/lib/x86_64-linux-gnu -L/lib/../lib -L/usr/lib/x86_64-linux-gnu -L/usr/lib/../lib -L/usr/lib/gcc/x86_64-linux-gnu/10/../../.. CMakeFiles/cmTC_a65a6.dir/CMakeCXXCompilerABI.cpp.o -lstdc++ -lm -lgcc_s -lgcc -lc -lgcc_s -lgcc /usr/lib/gcc/x86_64-linux-gnu/10/crtendS.o /usr/lib/gcc/x86_64-linux-gnu/10/../../../x86_64-linux-gnu/crtn.o]
    arg [/usr/lib/gcc/x86_64-linux-gnu/10/collect2] ==> ignore
    arg [-plugin] ==> ignore
    arg [/usr/lib/gcc/x86_64-linux-gnu/10/liblto_plugin.so] ==> ignore
    arg [-plugin-opt=/usr/lib/gcc/x86_64-linux-gnu/10/lto-wrapper] ==> ignore
    arg [-plugin-opt=-fresolution=/tmp/ccwwCOGe.res] ==> ignore
    arg [-plugin-opt=-pass-through=-lgcc_s] ==> ignore
    arg [-plugin-opt=-pass-through=-lgcc] ==> ignore
    arg [-plugin-opt=-pass-through=-lc] ==> ignore
    arg [-plugin-opt=-pass-through=-lgcc_s] ==> ignore
    arg [-plugin-opt=-pass-through=-lgcc] ==> ignore
    arg [--build-id] ==> ignore
    arg [--eh-frame-hdr] ==> ignore
    arg [-m] ==> ignore
    arg [elf_x86_64] ==> ignore
    arg [--hash-style=gnu] ==> ignore
    arg [--as-needed] ==> ignore
    arg [-dynamic-linker] ==> ignore
    arg [/lib64/ld-linux-x86-64.so.2] ==> ignore
    arg [-pie] ==> ignore
    arg [-o] ==> ignore
    arg [cmTC_a65a6] ==> ignore
    arg [/usr/lib/gcc/x86_64-linux-gnu/10/../../../x86_64-linux-gnu/Scrt1.o] ==> ignore
    arg [/usr/lib/gcc/x86_64-linux-gnu/10/../../../x86_64-linux-gnu/crti.o] ==> ignore
    arg [/usr/lib/gcc/x86_64-linux-gnu/10/crtbeginS.o] ==> ignore
    arg [-L/usr/lib/gcc/x86_64-linux-gnu/10] ==> dir [/usr/lib/gcc/x86_64-linux-gnu/10]
    arg [-L/usr/lib/gcc/x86_64-linux-gnu/10/../../../x86_64-linux-gnu] ==> dir [/usr/lib/gcc/x86_64-linux-gnu/10/../../../x86_64-linux-gnu]
    arg [-L/usr/lib/gcc/x86_64-linux-gnu/10/../../../../lib] ==> dir [/usr/lib/gcc/x86_64-linux-gnu/10/../../../../lib]
    arg [-L/lib/x86_64-linux-gnu] ==> dir [/lib/x86_64-linux-gnu]
    arg [-L/lib/../lib] ==> dir [/lib/../lib]
    arg [-L/usr/lib/x86_64-linux-gnu] ==> dir [/usr/lib/x86_64-linux-gnu]
    arg [-L/usr/lib/../lib] ==> dir [/usr/lib/../lib]
    arg [-L/usr/lib/gcc/x86_64-linux-gnu/10/../../..] ==> dir [/usr/lib/gcc/x86_64-linux-gnu/10/../../..]
    arg [CMakeFiles/cmTC_a65a6.dir/CMakeCXXCompilerABI.cpp.o] ==> ignore
    arg [-lstdc++] ==> lib [stdc++]
    arg [-lm] ==> lib [m]
    arg [-lgcc_s] ==> lib [gcc_s]
    arg [-lgcc] ==> lib [gcc]
    arg [-lc] ==> lib [c]
    arg [-lgcc_s] ==> lib [gcc_s]
    arg [-lgcc] ==> lib [gcc]
    arg [/usr/lib/gcc/x86_64-linux-gnu/10/crtendS.o] ==> ignore
    arg [/usr/lib/gcc/x86_64-linux-gnu/10/../../../x86_64-linux-gnu/crtn.o] ==> ignore
  collapse library dir [/usr/lib/gcc/x86_64-linux-gnu/10] ==> [/usr/lib/gcc/x86_64-linux-gnu/10]
  collapse library dir [/usr/lib/gcc/x86_64-linux-gnu/10/../../../x86_64-linux-gnu] ==> [/usr/lib/x86_64-linux-gnu]
  collapse library dir [/usr/lib/gcc/x86_64-linux-gnu/10/../../../../lib] ==> [/usr/lib]
  collapse library dir [/lib/x86_64-linux-gnu] ==> [/lib/x86_64-linux-gnu]
  collapse library dir [/lib/../lib] ==> [/lib]
  collapse library dir [/usr/lib/x86_64-linux-gnu] ==> [/usr/lib/x86_64-linux-gnu]
  collapse library dir [/usr/lib/../lib] ==> [/usr/lib]
  collapse library dir [/usr/lib/gcc/x86_64-linux-gnu/10/../../..] ==> [/usr/lib]
  implicit libs: [stdc++;m;gcc_s;gcc;c;gcc_s;gcc]
  implicit dirs: [/usr/lib/gcc/x86_64-linux-gnu/10;/usr/lib/x86_64-linux-gnu;/usr/lib;/lib/x86_64-linux-gnu;/lib]
  implicit fwks: []


Determining if the function XOpenDisplay exists in the /usr/lib/x86_64-linux-gnu/libX11.so;/usr/lib/x86_64-linux-gnu/libXext.so passed with the following output:
Change Dir: /home/ion/src/cuems/xjadeo/build/CMakeFiles/CMakeTmp

Run Build Command(s):/usr/bin/gmake cmTC_4758c/fast && /usr/bin/gmake  -f CMakeFiles/cmTC_4758c.dir/build.make CMakeFiles/cmTC_4758c.dir/build
gmake[1]: Entering directory '/home/ion/src/cuems/xjadeo/build/CMakeFiles/CMakeTmp'
Building C object CMakeFiles/cmTC_4758c.dir/CheckFunctionExists.c.o
/usr/bin/cc   -Wall -g -O3 -pthread -DCHECK_FUNCTION_EXISTS=XOpenDisplay -o CMakeFiles/cmTC_4758c.dir/CheckFunctionExists.c.o -c /usr/share/cmake-3.18/Modules/CheckFunctionExists.c
Linking C executable cmTC_4758c
/usr/bin/cmake -E cmake_link_script CMakeFiles/cmTC_4758c.dir/link.txt --verbose=1
/usr/bin/cc  -Wall -g -O3 -pthread -DCHECK_FUNCTION_EXISTS=XOpenDisplay CMakeFiles/cmTC_4758c.dir/CheckFunctionExists.c.o -o cmTC_4758c  /usr/lib/x86_64-linux-gnu/libX11.so /usr/lib/x86_64-linux-gnu/libXext.so 
gmake[1]: Leaving directory '/home/ion/src/cuems/xjadeo/build/CMakeFiles/CMakeTmp'



Determining if the function gethostbyname exists passed with the following output:
Change Dir: /home/ion/src/cuems/xjadeo/build/CMakeFiles/CMakeTmp

Run Build Command(s):/usr/bin/gmake cmTC_ee936/fast && /usr/bin/gmake  -f CMakeFiles/cmTC_ee936.dir/build.make CMakeFiles/cmTC_ee936.dir/build
gmake[1]: Entering directory '/home/ion/src/cuems/xjadeo/build/CMakeFiles/CMakeTmp'
Building C object CMakeFiles/cmTC_ee936.dir/CheckFunctionExists.c.o
/usr/bin/cc   -Wall -g -O3 -pthread -DCHECK_FUNCTION_EXISTS=gethostbyname -o CMakeFiles/cmTC_ee936.dir/CheckFunctionExists.c.o -c /usr/share/cmake-3.18/Modules/CheckFunctionExists.c
Linking C executable cmTC_ee936
/usr/bin/cmake -E cmake_link_script CMakeFiles/cmTC_ee936.dir/link.txt --verbose=1
/usr/bin/cc  -Wall -g -O3 -pthread -DCHECK_FUNCTION_EXISTS=gethostbyname CMakeFiles/cmTC_ee936.dir/CheckFunctionExists.c.o -o cmTC_ee936 
gmake[1]: Leaving directory '/home/ion/src/cuems/xjadeo/build/CMakeFiles/CMakeTmp'



Determining if the function connect exists passed with the following output:
Change Dir: /home/ion/src/cuems/xjadeo/build/CMakeFiles/CMakeTmp

Run Build Command(s):/usr/bin/gmake cmTC_641e8/fast && /usr/bin/gmake  -f CMakeFiles/cmTC_641e8.dir/build.make CMakeFiles/cmTC_641e8.dir/build
gmake[1]: Entering directory '/home/ion/src/cuems/xjadeo/build/CMakeFiles/CMakeTmp'
Building C object CMakeFiles/cmTC_641e8.dir/CheckFunctionExists.c.o
/usr/bin/cc   -Wall -g -O3 -pthread -DCHECK_FUNCTION_EXISTS=connect -o CMakeFiles/cmTC_641e8.dir/CheckFunctionExists.c.o -c /usr/share/cmake-3.18/Modules/CheckFunctionExists.c
Linking C executable cmTC_641e8
/usr/bin/cmake -E cmake_link_script CMakeFiles/cmTC_641e8.dir/link.txt --verbose=1
/usr/bin/cc  -Wall -g -O3 -pthread -DCHECK_FUNCTION_EXISTS=connect CMakeFiles/cmTC_641e8.dir/CheckFunctionExists.c.o -o cmTC_641e8 
gmake[1]: Leaving directory '/home/ion/src/cuems/xjadeo/build/CMakeFiles/CMakeTmp'



Determining if the function remove exists passed with the following output:
Change Dir: /home/ion/src/cuems/xjadeo/build/CMakeFiles/CMakeTmp

Run Build Command(s):/usr/bin/gmake cmTC_2bee5/fast && /usr/bin/gmake  -f CMakeFiles/cmTC_2bee5.dir/build.make CMakeFiles/cmTC_2bee5.dir/build
gmake[1]: Entering directory '/home/ion/src/cuems/xjadeo/build/CMakeFiles/CMakeTmp'
Building C object CMakeFiles/cmTC_2bee5.dir/CheckFunctionExists.c.o
/usr/bin/cc   -Wall -g -O3 -pthread -DCHECK_FUNCTION_EXISTS=remove -o CMakeFiles/cmTC_2bee5.dir/CheckFunctionExists.c.o -c /usr/share/cmake-3.18/Modules/CheckFunctionExists.c
Linking C executable cmTC_2bee5
/usr/bin/cmake -E cmake_link_script CMakeFiles/cmTC_2bee5.dir/link.txt --verbose=1
/usr/bin/cc  -Wall -g -O3 -pthread -DCHECK_FUNCTION_EXISTS=remove CMakeFiles/cmTC_2bee5.dir/CheckFunctionExists.c.o -o cmTC_2bee5 
gmake[1]: Leaving directory '/home/ion/src/cuems/xjadeo/build/CMakeFiles/CMakeTmp'



Determining if the function shmat exists passed with the following output:
Change Dir: /home/ion/src/cuems/xjadeo/build/CMakeFiles/CMakeTmp

Run Build Command(s):/usr/bin/gmake cmTC_03f13/fast && /usr/bin/gmake  -f CMakeFiles/cmTC_03f13.dir/build.make CMakeFiles/cmTC_03f13.dir/build
gmake[1]: Entering directory '/home/ion/src/cuems/xjadeo/build/CMakeFiles/CMakeTmp'
Building C object CMakeFiles/cmTC_03f13.dir/CheckFunctionExists.c.o
/usr/bin/cc   -Wall -g -O3 -pthread -DCHECK_FUNCTION_EXISTS=shmat -o CMakeFiles/cmTC_03f13.dir/CheckFunctionExists.c.o -c /usr/share/cmake-3.18/Modules/CheckFunctionExists.c
Linking C executable cmTC_03f13
/usr/bin/cmake -E cmake_link_script CMakeFiles/cmTC_03f13.dir/link.txt --verbose=1
/usr/bin/cc  -Wall -g -O3 -pthread -DCHECK_FUNCTION_EXISTS=shmat CMakeFiles/cmTC_03f13.dir/CheckFunctionExists.c.o -o cmTC_03f13 
gmake[1]: Leaving directory '/home/ion/src/cuems/xjadeo/build/CMakeFiles/CMakeTmp'



Determining if the function IceConnectionNumber exists in the ICE passed with the following output:
Change Dir: /home/ion/src/cuems/xjadeo/build/CMakeFiles/CMakeTmp

Run Build Command(s):/usr/bin/gmake cmTC_60aa4/fast && /usr/bin/gmake  -f CMakeFiles/cmTC_60aa4.dir/build.make CMakeFiles/cmTC_60aa4.dir/build
gmake[1]: Entering directory '/home/ion/src/cuems/xjadeo/build/CMakeFiles/CMakeTmp'
Building C object CMakeFiles/cmTC_60aa4.dir/CheckFunctionExists.c.o
/usr/bin/cc   -Wall -g -O3 -pthread -DCHECK_FUNCTION_EXISTS=IceConnectionNumber -o CMakeFiles/cmTC_60aa4.dir/CheckFunctionExists.c.o -c /usr/share/cmake-3.18/Modules/CheckFunctionExists.c
Linking C executable cmTC_60aa4
/usr/bin/cmake -E cmake_link_script CMakeFiles/cmTC_60aa4.dir/link.txt --verbose=1
/usr/bin/cc  -Wall -g -O3 -pthread -DCHECK_FUNCTION_EXISTS=IceConnectionNumber CMakeFiles/cmTC_60aa4.dir/CheckFunctionExists.c.o -o cmTC_60aa4  -lICE 
gmake[1]: Leaving directory '/home/ion/src/cuems/xjadeo/build/CMakeFiles/CMakeTmp'



The system is: Linux - 5.10.0-35-amd64 - x86_64
Compiling the C compiler identification source file "CMakeCCompilerId.c" succeeded.
Compiler: /usr/bin/cc 
Build flags: 
Id flags:  

The output was:
0


Compilation of the C compiler identification source "CMakeCCompilerId.c" produced "a.out"

The C compiler identification is GNU, found in "/home/ion/src/cuems/xjadeo/build/CMakeFiles/3.18.4/CompilerIdC/a.out"

Compiling the CXX compiler identification source file "CMakeCXXCompilerId.cpp" succeeded.
Compiler: /usr/bin/c++ 
Build flags: 
Id flags:  

The output was:
0


Compilation of the CXX compiler identification source "CMakeCXXCompilerId.cpp" produced "a.out"

The CXX compiler identification is GNU, found in "/home/ion/src/cuems/xjadeo/build/CMakeFiles/3.18.4/CompilerIdCXX/a.out"

Detecting C compiler ABI info compiled with the following output:
Change Dir: /home/ion/src/cuems/xjadeo/build/CMakeFiles/CMakeTmp

Run Build Command(s):/usr/bin/gmake cmTC_5564d/fast && /usr/bin/gmake  -f CMakeFiles/cmTC_5564d.dir/build.make CMakeFiles/cmTC_5564d.dir/build
gmake[1]: Entering directory '/home/ion/src/cuems/xjadeo/build/CMakeFiles/CMakeTmp'
Building C object CMakeFiles/cmTC_5564d.dir/CMakeCCompilerABI.c.o
/usr/bin/cc   -v -o CMakeFiles/cmTC_5564d.dir/CMakeCCompilerABI.c.o -c /usr/share/cmake-3.18/Modules/CMakeCCompilerABI.c
Using built-in specs.
COLLECT_GCC=/usr/bin/cc
OFFLOAD_TARGET_NAMES=nvptx-none:amdgcn-amdhsa:hsa
OFFLOAD_TARGET_DEFAULT=1
Target: x86_64-linux-gnu
Configured with: ../src/configure -v --with-pkgversion='Debian 10.2.1-6' --with-bugurl=file:///usr/share/doc/gcc-10/README.Bugs --enable-languages=c,ada,c++,go,brig,d,fortran,objc,obj-c++,m2 --prefix=/usr --with-gcc-major-version-only --program-suffix=-10 --program-prefix=x86_64-linux-gnu- --enable-shared --enable-linker-build-id --libexecdir=/usr/lib --without-included-gettext --enable-threads=posix --libdir=/usr/lib --enable-nls --enable-bootstrap --enable-clocale=gnu --enable-libstdcxx-debug --enable-libstdcxx-time=yes --with-default-libstdcxx-abi=new --enable-gnu-unique-object --disable-vtable-verify --enable-plugin --enable-default-pie --with-system-zlib --enable-libphobos-checking=release --with-target-system-zlib=auto --enable-objc-gc=auto --enable-multiarch --disable-werror --with-arch-32=i686 --with-abi=m64 --with-multilib-list=m32,m64,mx32 --enable-multilib --with-tune=generic --enable-offload-targets=nvptx-none=/build/gcc-10-Km9U7s/gcc-10-10.2.1/debian/tmp-nvptx/usr,amdgcn-amdhsa=/build/gcc-10-Km9U7s/gcc-10-10.2.1/debian/tmp-gcn/usr,hsa --without-cuda-driver --enable-checking=release --build=x86_64-linux-gnu --host=x86_64-linux-gnu --target=x86_64-linux-gnu --with-build-config=bootstrap-lto-lean --enable-link-mutex
Thread model: posix
Supported LTO compression algorithms: zlib zstd
gcc version 10.2.1 20210110 (Debian 10.2.1-6) 
COLLECT_GCC_OPTIONS='-v' '-o' 'CMakeFiles/cmTC_5564d.dir/CMakeCCompilerABI.c.o' '-c' '-mtune=generic' '-march=x86-64'
 /usr/lib/gcc/x86_64-linux-gnu/10/cc1 -quiet -v -imultiarch x86_64-linux-gnu /usr/share/cmake-3.18/Modules/CMakeCCompilerABI.c -quiet -dumpbase CMakeCCompilerABI.c -mtune=generic -march=x86-64 -auxbase-strip CMakeFiles/cmTC_5564d.dir/CMakeCCompilerABI.c.o -version -fasynchronous-unwind-tables -o /tmp/ccPkOs9n.s
GNU C17 (Debian 10.2.1-6) version 10.2.1 20210110 (x86_64-linux-gnu)
	compiled by GNU C version 10.2.1 20210110, GMP version 6.2.1, MPFR version 4.1.0, MPC version 1.2.0, isl version isl-0.23-GMP

GGC heuristics: --param ggc-min-expand=100 --param ggc-min-heapsize=131072
ignoring nonexistent directory "/usr/local/include/x86_64-linux-gnu"
ignoring nonexistent directory "/usr/lib/gcc/x86_64-linux-gnu/10/include-fixed"
ignoring nonexistent directory "/usr/lib/gcc/x86_64-linux-gnu/10/../../../../x86_64-linux-gnu/include"
#include "..." search starts here:
#include <...> search starts here:
 /usr/lib/gcc/x86_64-linux-gnu/10/include
 /usr/local/include
 /usr/include/x86_64-linux-gnu
 /usr/include
End of search list.
GNU C17 (Debian 10.2.1-6) version 10.2.1 20210110 (x86_64-linux-gnu)
	compiled by GNU C version 10.2.1 20210110, GMP version 6.2.1, MPFR version 4.1.0, MPC version 1.2.0, isl version isl-0.23-GMP

GGC heuristics: --param ggc-min-expand=100 --param ggc-min-heapsize=131072
Compiler executable checksum: 1f803793fa2e3418c492b25e7d3eac2f
COLLECT_GCC_OPTIONS='-v' '-o' 'CMakeFiles/cmTC_5564d.dir/CMakeCCompilerABI.c.o' '-c' '-mtune=generic' '-march=x86-64'
 as -v --64 -o CMakeFiles/cmTC_5564d.dir/CMakeCCompilerABI.c.o /tmp/ccPkOs9n.s
GNU assembler version 2.35.2 (x86_64-linux-gnu) using BFD version (GNU Binutils for Debian) 2.35.2
COMPILER_PATH=/usr/lib/gcc/x86_64-linux-gnu/10/:/usr/lib/gcc/x86_64-linux-gnu/10/:/usr/lib/gcc/x86_64-linux-gnu/:/usr/lib/gcc/x86_64-linux-gnu/10/:/usr/lib/gcc/x86_64-linux-gnu/
LIBRARY_PATH=/usr/lib/gcc/x86_64-linux-gnu/10/:/usr/lib/gcc/x86_64-linux-gnu/10/../../../x86_64-linux-gnu/:/usr/lib/gcc/x86_64-linux-gnu/10/../../../../lib/:/lib/x86_64-linux-gnu/:/lib/../lib/:/usr/lib/x86_64-linux-gnu/:/usr/lib/../lib/:/usr/lib/gcc/x86_64-linux-gnu/10/../../../:/lib/:/usr/lib/
COLLECT_GCC_OPTIONS='-v' '-o' 'CMakeFiles/cmTC_5564d.dir/CMakeCCompilerABI.c.o' '-c' '-mtune=generic' '-march=x86-64'
Linking C executable cmTC_5564d
/usr/bin/cmake -E cmake_link_script CMakeFiles/cmTC_5564d.dir/link.txt --verbose=1
/usr/bin/cc  -v CMakeFiles/cmTC_5564d.dir/CMakeCCompilerABI.c.o -o cmTC_5564d 
Using built-in specs.
COLLECT_GCC=/usr/bin/cc
COLLECT_LTO_WRAPPER=/usr/lib/gcc/x86_64-linux-gnu/10/lto-wrapper
OFFLOAD_TARGET_NAMES=nvptx-none:amdgcn-amdhsa:hsa
OFFLOAD_TARGET_DEFAULT=1
Target: x86_64-linux-gnu
Configured with: ../src/configure -v --with-pkgversion='Debian 10.2.1-6' --with-bugurl=file:///usr/share/doc/gcc-10/README.Bugs --enable-languages=c,ada,c++,go,brig,d,fortran,objc,obj-c++,m2 --prefix=/usr --with-gcc-major-version-only --program-suffix=-10 --program-prefix=x86_64-linux-gnu- --enable-shared --enable-linker-build-id --libexecdir=/usr/lib --without-included-gettext --enable-threads=posix --libdir=/usr/lib --enable-nls --enable-bootstrap --enable-clocale=gnu --enable-libstdcxx-debug --enable-libstdcxx-time=yes --with-default-libstdcxx-abi=new --enable-gnu-unique-object --disable-vtable-verify --enable-plugin --enable-default-pie --with-system-zlib --enable-libphobos-checking=release --with-target-system-zlib=auto --enable-objc-gc=auto --enable-multiarch --disable-werror --with-arch-32=i686 --with-abi=m64 --with-multilib-list=m32,m64,mx32 --enable-multilib --with-tune=generic --enable-offload-targets=nvptx-none=/build/gcc-10-Km9U7s/gcc-10-10.2.1/debian/tmp-nvptx/usr,amdgcn-amdhsa=/build/gcc-10-Km9U7s/gcc-10-10.2.1/debian/tmp-gcn/usr,hsa --without-cuda-driver --enable-checking=release --build=x86_64-linux-gnu --host=x86_64-linux-gnu --target=x86_64-linux-gnu --with-build-config=bootstrap-lto-lean --enable-link-mutex
Thread model: posix
Supported LTO compression algorithms: zlib zstd
gcc version 10.2.1 20210110 (Debian 10.2.1-6) 
COMPILER_PATH=/usr/lib/gcc/x86_64-linux-gnu/10/:/usr/lib/gcc/x86_64-linux-gnu/10/:/usr/lib/gcc/x86_64-linux-gnu/:/usr/lib/gcc/x86_64-linux-gnu/10/:/usr/lib/gcc/x86_64-linux-gnu/
LIBRARY_PATH=/usr/lib/gcc/x86_64-linux-gnu/10/:/usr/lib/gcc/x86_64-linux-gnu/10/../../../x86_64-linux-gnu/:/usr/lib/gcc/x86_64-linux-gnu/10/../../../../lib/:/lib/x86_64-linux-gnu/:/lib/../lib/:/usr/lib/x86_64-linux-gnu/:/usr/lib/../lib/:/usr/lib/gcc/x86_64-linux-gnu/10/../../../:/lib/:/usr/lib/
COLLECT_GCC_OPTIONS='-v' '-o' 'cmTC_5564d' '-mtune=generic' '-march=x86-64'
 /usr/lib/gcc/x86_64-linux-gnu/10/collect2 -plugin /usr/lib/gcc/x86_64-linux-gnu/10/liblto_plugin.so -plugin-opt=/usr/lib/gcc/x86_64-linux-gnu/10/lto-wrapper -plugin-opt=-fresolution=/tmp/ccuXqs1U.res -plugin-opt=-pass-through=-lgcc -plugin-opt=-pass-through=-lgcc_s -plugin-opt=-pass-through=-lc -plugin-opt=-pass-through=-lgcc -plugin-opt=-pass-through=-lgcc_s --build-id --eh-frame-hdr -m elf_x86_64 --hash-style=gnu --as-needed -dynamic-linker /lib64/ld-linux-x86-64.so.2 -pie -o cmTC_5564d /usr/lib/gcc/x86_64-linux-gnu/10/../../../x86_64-linux-gnu/Scrt1.o /usr/lib/gcc/x86_64-linux-gnu/10/../../../x86_64-linux-gnu/crti.o /usr/lib/gcc/x86_64-linux-gnu/10/crtbeginS.o -L/usr/lib/gcc/x86_64-linux-gnu/10 -L/usr/lib/gcc/x86_64-linux-gnu/10/../../../x86_64-linux-gnu -L/usr/lib/gcc/x86_64-linux-gnu/10/../../../../lib -L/lib/x86_64-linux-gnu -L/lib/../lib -L/usr/lib/x86_64-linux-gnu -L/usr/lib/../lib -L/usr/lib/gcc/x86_64-linux-gnu/10/../../.. CMakeFiles/cmTC_5564d.dir/CMakeCCompilerABI.c.o -lgcc --push-state --as-needed -lgcc_s --pop-state -lc -lgcc --push-state --as-needed -lgcc_s --pop-state /usr/lib/gcc/x86_64-linux-gnu/10/crtendS.o /usr/lib/gcc/x86_64-linux-gnu/10/../../../x86_64-linux-gnu/crtn.o
COLLECT_GCC_OPTIONS='-v' '-o' 'cmTC_5564d' '-mtune=generic' '-march=x86-64'
gmake[1]: Leaving directory '/home/ion/src/cuems/xjadeo/build/CMakeFiles/CMakeTmp'



Parsed C implicit include dir info from above output: rv=done
  found start of include info
  found start of implicit include info
    add: [/usr/lib/gcc/x86_64-linux-gnu/10/include]
    add: [/usr/local/include]
    add: [/usr/include/x86_64-linux-gnu]
    add: [/usr/include]
  end of search list found
  collapse include dir [/usr/lib/gcc/x86_64-linux-gnu/10/include] ==> [/usr/lib/gcc/x86_64-linux-gnu/10/include]
  collapse include dir [/usr/local/include] ==> [/usr/local/include]
  collapse include dir [/usr/include/x86_64-linux-gnu] ==> [/usr/include/x86_64-linux-gnu]
  collapse include dir [/usr/include] ==> [/usr/include]
  implicit include dirs: [/usr/lib/gcc/x86_64-linux-gnu/10/include;/usr/local/include;/usr/include/x86_64-linux-gnu;/usr/include]


Parsed C implicit link information from above output:
  link line regex: [^( *|.*[/\])(ld|CMAKE_LINK_STARTFILE-NOTFOUND|([^/\]+-)?ld|collect2)[^/\]*( |$)]
  ignore line: [Change Dir: /home/ion/src/cuems/xjadeo/build/CMakeFiles/CMakeTmp]
  ignore line: []
  ignore line: [Run Build Command(s):/usr/bin/gmake cmTC_5564d/fast && /usr/bin/gmake  -f CMakeFiles/cmTC_5564d.dir/build.make CMakeFiles/cmTC_5564d.dir/build]
  ignore line: [gmake[1]: Entering directory '/home/ion/src/cuems/xjadeo/build/CMakeFiles/CMakeTmp']
  ignore line: [Building C object CMakeFiles/cmTC_5564d.dir/CMakeCCompilerABI.c.o]
  ignore line: [/usr/bin/cc   -v -o CMakeFiles/cmTC_5564d.dir/CMakeCCompilerABI.c.o -c /usr/share/cmake-3.18/Modules/CMakeCCompilerABI.c]
  ignore line: [Using built-in specs.]
  ignore line: [COLLECT_GCC=/usr/bin/cc]
  ignore line: [OFFLOAD_TARGET_NAMES=nvptx-none:amdgcn-amdhsa:hsa]
  ignore line: [OFFLOAD_TARGET_DEFAULT=1]
  ignore line: [Target: x86_64-linux-gnu]
  ignore line: [Configured with: ../src/configure -v --with-pkgversion='Debian 10.2.1-6' --with-bugurl=file:///usr/share/doc/gcc-10/README.Bugs --enable-languages=c ada c++ go brig d fortran objc obj-c++ m2 --prefix=/usr --with-gcc-major-version-only --program-suffix=-10 --program-prefix=x86_64-linux-gnu- --enable-shared --enable-linker-build-id --libexecdir=/usr/lib --without-included-gettext --enable-threads=posix --libdir=/usr/lib --enable-nls --enable-bootstrap --enable-clocale=gnu --enable-libstdcxx-debug --enable-libstdcxx-time=yes --with-default-libstdcxx-abi=new --enable-gnu-unique-object --disable-vtable-verify --enable-plugin --enable-default-pie --with-system-zlib --enable-libphobos-checking=release --with-target-system-zlib=auto --enable-objc-gc=auto --enable-multiarch --disable-werror --with-arch-32=i686 --with-abi=m64 --with-multilib-list=m32 m64 mx32 --enable-multilib --with-tune=generic --enable-offload-targets=nvptx-none=/build/gcc-10-Km9U7s/gcc-10-10.2.1/debian/tmp-nvptx/usr amdgcn-amdhsa=/build/gcc-10-Km9U7s/gcc-10-10.2.1/debian/tmp-gcn/usr hsa --without-cuda-driver --enable-checking=release --build=x86_64-linux-gnu --host=x86_64-linux-gnu --target=x86_64-linux-gnu --with-build-config=bootstrap-lto-lean --enable-link-mutex]
  ignore line: [Thread model: posix]
  ignore line: [Supported LTO compression algorithms: zlib zstd]
  ignore line: [gcc version 10.2.1 20210110 (Debian 10.2.1-6) ]
  ignore line: [COLLECT_GCC_OPTIONS='-v' '-o' 'CMakeFiles/cmTC_5564d.dir/CMakeCCompilerABI.c.o' '-c' '-mtune=generic' '-march=x86-64']
  ignore line: [ /usr/lib/gcc/x86_64-linux-gnu/10/cc1 -quiet -v -imultiarch x86_64-linux-gnu /usr/share/cmake-3.18/Modules/CMakeCCompilerABI.c -quiet -dumpbase CMakeCCompilerABI.c -mtune=generic -march=x86-64 -auxbase-strip CMakeFiles/cmTC_5564d.dir/CMakeCCompilerABI.c.o -version -fasynchronous-unwind-tables -o /tmp/ccPkOs9n.s]
  ignore line: [GNU C17 (Debian 10.2.1-6) version 10.2.1 20210110 (x86_64-linux-gnu)]
  ignore line: [	compiled by GNU C version 10.2.1 20210110  GMP version 6.2.1  MPFR version 4.1.0  MPC version 1.2.0  isl version isl-0.23-GMP]
  ignore line: []
  ignore line: [GGC heuristics: --param ggc-min-expand=100 --param ggc-min-heapsize=131072]
  ignore line: [ignoring nonexistent directory "/usr/local/include/x86_64-linux-gnu"]
  ignore line: [ignoring nonexistent directory "/usr/lib/gcc/x86_64-linux-gnu/10/include-fixed"]
  ignore line: [ignoring nonexistent directory "/usr/lib/gcc/x86_64-linux-gnu/10/../../../../x86_64-linux-gnu/include"]
  ignore line: [#include "..." search starts here:]
  ignore line: [#include <...> search starts here:]
  ignore line: [ /usr/lib/gcc/x86_64-linux-gnu/10/include]
  ignore line: [ /usr/local/include]
  ignore line: [ /usr/include/x86_64-linux-gnu]
  ignore line: [ /usr/include]
  ignore line: [End of search list.]
  ignore line: [GNU C17 (Debian 10.2.1-6) version 10.2.1 20210110 (x86_64-linux-gnu)]
  ignore line: [	compiled by GNU C version 10.2.1 20210110  GMP version 6.2.1  MPFR version 4.1.0  MPC version 1.2.0  isl version isl-0.23-GMP]
  ignore line: []
  ignore line: [GGC heuristics: --param ggc-min-expand=100 --param ggc-min-heapsize=131072]
  ignore line: [Compiler executable checksum: 1f803793fa2e3418c492b25e7d3eac2f]
  ignore line: [COLLECT_GCC_OPTIONS='-v' '-o' 'CMakeFiles/cmTC_5564d.dir/CMakeCCompilerABI.c.o' '-c' '-mtune=generic' '-march=x86-64']
  ignore line: [ as -v --64 -o CMakeFiles/cmTC_5564d.dir/CMakeCCompilerABI.c.o /tmp/ccPkOs9n.s]
  ignore line: [GNU assembler version 2.35.2 (x86_64-linux-gnu) using BFD version (GNU Binutils for Debian) 2.35.2]
  ignore line: [COMPILER_PATH=/usr/lib/gcc/x86_64-linux-gnu/10/:/usr/lib/gcc/x86_64-linux-gnu/10/:/usr/lib/gcc/x86_64-linux-gnu/:/usr/lib/gcc/x86_64-linux-gnu/10/:/usr/lib/gcc/x86_64-linux-gnu/]
  ignore line: [LIBRARY_PATH=/usr/lib/gcc/x86_64-linux-gnu/10/:/usr/lib/gcc/x86_64-linux-gnu/10/../../../x86_64-linux-gnu/:/usr/lib/gcc/x86_64-linux-gnu/10/../../../../lib/:/lib/x86_64-linux-gnu/:/lib/../lib/:/usr/lib/x86_64-linux-gnu/:/usr/lib/../lib/:/usr/lib/gcc/x86_64-linux-gnu/10/../../../:/lib/:/usr/lib/]
  ignore line: [COLLECT_GCC_OPTIONS='-v' '-o' 'CMakeFiles/cmTC_5564d.dir/CMakeCCompilerABI.c.o' '-c' '-mtune=generic' '-march=x86-64']
  ignore line: [Linking C executable cmTC_5564d]
  ignore line: [/usr/bin/cmake -E cmake_link_script CMakeFiles/cmTC_5564d.dir/link.txt --verbose=1]
  ignore line: [/usr/bin/cc  -v CMakeFiles/cmTC_5564d.dir/CMakeCCompilerABI.c.o -o cmTC_5564d ]
  ignore line: [Using built-in specs.]
  ignore line: [COLLECT_GCC=/usr/bin/cc]
  ignore line: [COLLECT_LTO_WRAPPER=/usr/lib/gcc/x86_64-linux-gnu/10/lto-wrapper]
  ignore line: [OFFLOAD_TARGET_NAMES=nvptx-none:amdgcn-amdhsa:hsa]
  ignore line: [OFFLOAD_TARGET_DEFAULT=1]
  ignore line: [Target: x86_64-linux-gnu]
  ignore line: [Configured with: ../src/configure -v --with-pkgversion='Debian 10.2.1-6' --with-bugurl=file:///usr/share/doc/gcc-10/README.Bugs --enable-languages=c ada c++ go brig d fortran objc obj-c++ m2 --prefix=/usr --with-gcc-major-version-only --program-suffix=-10 --program-prefix=x86_64-linux-gnu- --enable-shared --enable-linker-build-id --libexecdir=/usr/lib --without-included-gettext --enable-threads=posix --libdir=/usr/lib --enable-nls --enable-bootstrap --enable-clocale=gnu --enable-libstdcxx-debug --enable-libstdcxx-time=yes --with-default-libstdcxx-abi=new --enable-gnu-unique-object --disable-vtable-verify --enable-plugin --enable-default-pie --with-system-zlib --enable-libphobos-checking=release --with-target-system-zlib=auto --enable-objc-gc=auto --enable-multiarch --disable-werror --with-arch-32=i686 --with-abi=m64 --with-multilib-list=m32 m64 mx32 --enable-multilib --with-tune=generic --enable-offload-targets=nvptx-none=/build/gcc-10-Km9U7s/gcc-10-10.2.1/debian/tmp-nvptx/usr amdgcn-amdhsa=/build/gcc-10-Km9U7s/gcc-10-10.2.1/debian/tmp-gcn/usr hsa --without-cuda-driver --enable-checking=release --build=x86_64-linux-gnu --host=x86_64-linux-gnu --target=x86_64-linux-gnu --with-build-config=bootstrap-lto-lean --enable-link-mutex]
  ignore line: [Thread model: posix]
  ignore line: [Supported LTO compression algorithms: zlib zstd]
  ignore line: [gcc version 10.2.1 20210110 (Debian 10.2.1-6) ]
  ignore line: [COMPILER_PATH=/usr/lib/gcc/x86_64-linux-gnu/10/:/usr/lib/gcc/x86_64-linux-gnu/10/:/usr/lib/gcc/x86_64-linux-gnu/:/usr/lib/gcc/x86_64-linux-gnu/10/:/usr/lib/gcc/x86_64-linux-gnu/]
  ignore line: [LIBRARY_PATH=/usr/lib/gcc/x86_64-linux-gnu/10/:/usr/lib/gcc/x86_64-linux-gnu/10/../../../x86_64-linux-gnu/:/usr/lib/gcc/x86_64-linux-gnu/10/../../../../lib/:/lib/x86_64-linux-gnu/:/lib/../lib/:/usr/lib/x86_64-linux-gnu/:/usr/lib/../lib/:/usr/lib/gcc/x86_64-linux-gnu/10/../../../:/lib/:/usr/lib/]
  ignore line: [COLLECT_GCC_OPTIONS='-v' '-o' 'cmTC_5564d' '-mtune=generic' '-march=x86-64']
  link line: [ /usr/lib/gcc/x86_64-linux-gnu/10/collect2 -plugin /usr/lib/gcc/x86_64-linux-gnu/10/liblto_plugin.so -plugin-opt=/usr/lib/gcc/x86_64-linux-gnu/10/lto-wrapper -plugin-opt=-fresolution=/tmp/ccuXqs1U.res -plugin-opt=-pass-through=-lgcc -plugin-opt=-pass-through=-lgcc_s -plugin-opt=-pass-through=-lc -plugin-opt=-pass-through=-lgcc -plugin-opt=-pass-through=-lgcc_s --build-id --eh-frame-hdr -m elf_x86_64 --hash-style=gnu --as-needed -dynamic-linker /lib64/ld-linux-x86-64.so.2 -pie -o cmTC_5564d /usr/lib/gcc/x86_64-linux-gnu/10/../../../x86_64-linux-gnu/Scrt1.o /usr/lib/gcc/x86_64-linux-gnu/10/../../../x86_64-linux-gnu/crti.o /usr/lib/gcc/x86_64-linux-gnu/10/crtbeginS.o -L/usr/lib/gcc/x86_64-linux-gnu/10 -L/usr/lib/gcc/x86_64-linux-gnu/10/../../../x86_64-linux-gnu -L/usr/lib/gcc/x86_64-linux-gnu/10/../../../../lib -L/lib/x86_64-linux-gnu -L/lib/../lib -L/usr/lib/x86_64-linux-gnu -L/usr/lib/../lib -L/usr/lib/gcc/x86_64-linux-gnu/10/../../.. CMakeFiles/cmTC_5564d.dir/CMakeCCompilerABI.c.o -lgcc --push-state --as-needed -lgcc_s --pop-state -lc -lgcc --push-state --as-needed -lgcc_s --pop-state /usr/lib/gcc/x86_64-linux-gnu/10/crtendS.o /usr/lib/gcc/x86_64-linux-gnu/10/../../../x86_64-linux-gnu/crtn.o]
    arg [/usr/lib/gcc/x86_64-linux-gnu/10/collect2] ==> ignore
    arg [-plugin] ==> ignore
    arg [/usr/lib/gcc/x86_64-linux-gnu/10/liblto_plugin.so] ==> ignore
    arg [-plugin-opt=/usr/lib/gcc/x86_64-linux-gnu/10/lto-wrapper] ==> ignore
    arg [-plugin-opt=-fresolution=/tmp/ccuXqs1U.res] ==> ignore
    arg [-plugin-opt=-pass-through=-lgcc] ==> ignore
    arg [-plugin-opt=-pass-through=-lgcc_s] ==> ignore
    arg [-plugin-opt=-pass-through=-lc] ==> ignore
    arg [-plugin-opt=-pass-through=-lgcc] ==> ignore
    arg [-plugin-opt=-pass-through=-lgcc_s] ==> ignore
    arg [--build-id] ==> ignore
    arg [--eh-frame-hdr] ==> ignore
    arg [-m] ==> ignore
    arg [elf_x86_64] ==> ignore
    arg [--hash-style=gnu] ==> ignore
    arg [--as-needed] ==> ignore
    arg [-dynamic-linker] ==> ignore
    arg [/lib64/ld-linux-x86-64.so.2] ==> ignore
    arg [-pie] ==> ignore
    arg [-o] ==> ignore
    arg [cmTC_5564d] ==> ignore
    arg [/usr/lib/gcc/x86_64-linux-gnu/10/../../../x86_64-linux-gnu/Scrt1.o] ==> ignore
    arg [/usr/lib/gcc/x86_64-linux-gnu/10/../../../x86_64-linux-gnu/crti.o] ==> ignore
    arg [/usr/lib/gcc/x86_64-linux-gnu/10/crtbeginS.o] ==> ignore
    arg [-L/usr/lib/gcc/x86_64-linux-gnu/10] ==> dir [/usr/lib/gcc/x86_64-linux-gnu/10]
    arg [-L/usr/lib/gcc/x86_64-linux-gnu/10/../../../x86_64-linux-gnu] ==> dir [/usr/lib/gcc/x86_64-linux-gnu/10/../../../x86_64-linux-gnu]
    arg [-L/usr/lib/gcc/x86_64-linux-gnu/10/../../../../lib] ==> dir [/usr/lib/gcc/x86_64-linux-gnu/10/../../../../lib]
    arg [-L/lib/x86_64-linux-gnu] ==> dir [/lib/x86_64-linux-gnu]
    arg [-L/lib/../lib] ==> dir [/lib/../lib]
    arg [-L/usr/lib/x86_64-linux-gnu] ==> dir [/usr/lib/x86_64-linux-gnu]
    arg [-L/usr/lib/../lib] ==> dir [/usr/lib/../lib]
    arg [-L/usr/lib/gcc/x86_64-linux-gnu/10/../../..] ==> dir [/usr/lib/gcc/x86_64-linux-gnu/10/../../..]
    arg [CMakeFiles/cmTC_5564d.dir/CMakeCCompilerABI.c.o] ==> ignore
    arg [-lgcc] ==> lib [gcc]
    arg [--push-state] ==> ignore
    arg [--as-needed] ==> ignore
    arg [-lgcc_s] ==> lib [gcc_s]
    arg [--pop-state] ==> ignore
    arg [-lc] ==> lib [c]
    arg [-lgcc] ==> lib [gcc]
    arg [--push-state] ==> ignore
    arg [--as-needed] ==> ignore
    arg [-lgcc_s] ==> lib [gcc_s]
    arg [--pop-state] ==> ignore
    arg [/usr/lib/gcc/x86_64-linux-gnu/10/crtendS.o] ==> ignore
    arg [/usr/lib/gcc/x86_64-linux-gnu/10/../../../x86_64-linux-gnu/crtn.o] ==> ignore
  collapse library dir [/usr/lib/gcc/x86_64-linux-gnu/10] ==> [/usr/lib/gcc/x86_64-linux-gnu/10]
  collapse library dir [/usr/lib/gcc/x86_64-linux-gnu/10/../../../x86_64-linux-gnu] ==> [/usr/lib/x86_64-linux-gnu]
  collapse library dir [/usr/lib/gcc/x86_64-linux-gnu/10/../../../../lib] ==> [/usr/lib]
  collapse library dir [/lib/x86_64-linux-gnu] ==> [/lib/x86_64-linux-gnu]
  collapse library dir [/lib/../lib] ==> [/lib]
  collapse library dir [/usr/lib/x86_64-linux-gnu] ==> [/usr/lib/x86_64-linux-gnu]
  collapse library dir [/usr/lib/../lib] ==> [/usr/lib]
  collapse library dir [/usr/lib/gcc/x86_64-linux-gnu/10/../../..] ==> [/usr/lib]
  implicit libs: [gcc;gcc_s;c;gcc;gcc_s]
  implicit dirs: [/usr/lib/gcc/x86_64-linux-gnu/10;/usr/lib/x86_64-linux-gnu;/usr/lib;/lib/x86_64-linux-gnu;/lib]
  implicit fwks: []


Detecting CXX compiler ABI info compiled with the following output:
Change Dir: /home/ion/src/cuems/xjadeo/build/CMakeFiles/CMakeTmp

Run Build Command(s):/usr/bin/gmake cmTC_39f89/fast && /usr/bin/gmake  -f CMakeFiles/cmTC_39f89.dir/build.make CMakeFiles/cmTC_39f89.dir/build
gmake[1]: Entering directory '/home/ion/src/cuems/xjadeo/build/CMakeFiles/CMakeTmp'
Building CXX object CMakeFiles/cmTC_39f89.dir/CMakeCXXCompilerABI.cpp.o
/usr/bin/c++   -v -o CMakeFiles/cmTC_39f89.dir/CMakeCXXCompilerABI.cpp.o -c /usr/share/cmake-3.18/Modules/CMakeCXXCompilerABI.cpp
Using built-in specs.
COLLECT_GCC=/usr/bin/c++
OFFLOAD_TARGET_NAMES=nvptx-none:amdgcn-amdhsa:hsa
OFFLOAD_TARGET_DEFAULT=1
Target: x86_64-linux-gnu
Configured with: ../src/configure -v --with-pkgversion='Debian 10.2.1-6' --with-bugurl=file:///usr/share/doc/gcc-10/README.Bugs --enable-languages=c,ada,c++,go,brig,d,fortran,objc,obj-c++,m2 --prefix=/usr --with-gcc-major-version-only --program-suffix=-10 --program-prefix=x86_64-linux-gnu- --enable-shared --enable-linker-build-id --libexecdir=/usr/lib --without-included-gettext --enable-threads=posix --libdir=/usr/lib --enable-nls --enable-bootstrap --enable-clocale=gnu --enable-libstdcxx-debug --enable-libstdcxx-time=yes --with-default-libstdcxx-abi=new --enable-gnu-unique-object --disable-vtable-verify --enable-plugin --enable-default-pie --with-system-zlib --enable-libphobos-checking=release --with-target-system-zlib=auto --enable-objc-gc=auto --enable-multiarch --disable-werror --with-arch-32=i686 --with-abi=m64 --with-multilib-list=m32,m64,mx32 --enable-multilib --with-tune=generic --enable-offload-targets=nvptx-none=/build/gcc-10-Km9U7s/gcc-10-10.2.1/debian/tmp-nvptx/usr,amdgcn-amdhsa=/build/gcc-10-Km9U7s/gcc-10-10.2.1/debian/tmp-gcn/usr,hsa --without-cuda-driver --enable-checking=release --build=x86_64-linux-gnu --host=x86_64-linux-gnu --target=x86_64-linux-gnu --with-build-config=bootstrap-lto-lean --enable-link-mutex
Thread model: posix
Supported LTO compression algorithms: zlib zstd
gcc version 10.2.1 20210110 (Debian 10.2.1-6) 
COLLECT_GCC_OPTIONS='-v' '-o' 'CMakeFiles/cmTC_39f89.dir/CMakeCXXCompilerABI.cpp.o' '-c' '-shared-libgcc' '-mtune=generic' '-march=x86-64'
 /usr/lib/gcc/x86_64-linux-gnu/10/cc1plus -quiet -v -imultiarch x86_64-linux-gnu -D_GNU_SOURCE /usr/share/cmake-3.18/Modules/CMakeCXXCompilerABI.cpp -quiet -dumpbase CMakeCXXCompilerABI.cpp -mtune=generic -march=x86-64 -auxbase-strip CMakeFiles/cmTC_39f89.dir/CMakeCXXCompilerABI.cpp.o -version -fasynchronous-unwind-tables -o /tmp/ccCHsQwD.s
GNU C++14 (Debian 10.2.1-6) version 10.2.1 20210110 (x86_64-linux-gnu)
	compiled by GNU C version 10.2.1 20210110, GMP version 6.2.1, MPFR version 4.1.0, MPC version 1.2.0, isl version isl-0.23-GMP

GGC heuristics: --param ggc-min-expand=100 --param ggc-min-heapsize=131072
ignoring duplicate directory "/usr/include/x86_64-linux-gnu/c++/10"
ignoring nonexistent directory "/usr/local/include/x86_64-linux-gnu"
ignoring nonexistent directory "/usr/lib/gcc/x86_64-linux-gnu/10/include-fixed"
ignoring nonexistent directory "/usr/lib/gcc/x86_64-linux-gnu/10/../../../../x86_64-linux-gnu/include"
#include "..." search starts here:
#include <...> search starts here:
 /usr/include/c++/10
 /usr/include/x86_64-linux-gnu/c++/10
 /usr/include/c++/10/backward
 /usr/lib/gcc/x86_64-linux-gnu/10/include
 /usr/local/include
 /usr/include/x86_64-linux-gnu
 /usr/include
End of search list.
GNU C++14 (Debian 10.2.1-6) version 10.2.1 20210110 (x86_64-linux-gnu)
	compiled by GNU C version 10.2.1 20210110, GMP version 6.2.1, MPFR version 4.1.0, MPC version 1.2.0, isl version isl-0.23-GMP

GGC heuristics: --param ggc-min-expand=100 --param ggc-min-heapsize=131072
Compiler executable checksum: 048fcaee3460a99eb0d68522358720e1
COLLECT_GCC_OPTIONS='-v' '-o' 'CMakeFiles/cmTC_39f89.dir/CMakeCXXCompilerABI.cpp.o' '-c' '-shared-libgcc' '-mtune=generic' '-march=x86-64'
 as -v --64 -o CMakeFiles/cmTC_39f89.dir/CMakeCXXCompilerABI.cpp.o /tmp/ccCHsQwD.s
GNU assembler version 2.35.2 (x86_64-linux-gnu) using BFD version (GNU Binutils for Debian) 2.35.2
COMPILER_PATH=/usr/lib/gcc/x86_64-linux-gnu/10/:/usr/lib/gcc/x86_64-linux-gnu/10/:/usr/lib/gcc/x86_64-linux-gnu/:/usr/lib/gcc/x86_64-linux-gnu/10/:/usr/lib/gcc/x86_64-linux-gnu/
LIBRARY_PATH=/usr/lib/gcc/x86_64-linux-gnu/10/:/usr/lib/gcc/x86_64-linux-gnu/10/../../../x86_64-linux-gnu/:/usr/lib/gcc/x86_64-linux-gnu/10/../../../../lib/:/lib/x86_64-linux-gnu/:/lib/../lib/:/usr/lib/x86_64-linux-gnu/:/usr/lib/../lib/:/usr/lib/gcc/x86_64-linux-gnu/10/../../../:/lib/:/usr/lib/
COLLECT_GCC_OPTIONS='-v' '-o' 'CMakeFiles/cmTC_39f89.dir/CMakeCXXCompilerABI.cpp.o' '-c' '-shared-libgcc' '-mtune=generic' '-march=x86-64'
Linking CXX executable cmTC_39f89
/usr/bin/cmake -E cmake_link_script CMakeFiles/cmTC_39f89.dir/link.txt --verbose=1
/usr/bin/c++  -v CMakeFiles/cmTC_39f89.dir/CMakeCXXCompilerABI.cpp.o -o cmTC_39f89 
Using built-in specs.
COLLECT_GCC=/usr/bin/c++
COLLECT_LTO_WRAPPER=/usr/lib/gcc/x86_64-linux-gnu/10/lto-wrapper
OFFLOAD_TARGET_NAMES=nvptx-none:amdgcn-amdhsa:hsa
OFFLOAD_TARGET_DEFAULT=1
Target: x86_64-linux-gnu
Configured with: ../src/configure -v --with-pkgversion='Debian 10.2.1-6' --with-bugurl=file:///usr/share/doc/gcc-10/README.Bugs --enable-languages=c,ada,c++,go,brig,d,fortran,objc,obj-c++,m2 --prefix=/usr --with-gcc-major-version-only --program-suffix=-10 --program-prefix=x86_64-linux-gnu- --enable-shared --enable-linker-build-id --libexecdir=/usr/lib --without-included-gettext --enable-threads=posix --libdir=/usr/lib --enable-nls --enable-bootstrap --enable-clocale=gnu --enable-libstdcxx-debug --enable-libstdcxx-time=yes --with-default-libstdcxx-abi=new --enable-gnu-unique-object --disable-vtable-verify --enable-plugin --enable-default-pie --with-system-zlib --enable-libphobos-checking=release --with-target-system-zlib=auto --enable-objc-gc=auto --enable-multiarch --disable-werror --with-arch-32=i686 --with-abi=m64 --with-multilib-list=m32,m64,mx32 --enable-multilib --with-tune=generic --enable-offload-targets=nvptx-none=/build/gcc-10-Km9U7s/gcc-10-10.2.1/debian/tmp-nvptx/usr,amdgcn-amdhsa=/build/gcc-10-Km9U7s/gcc-10-10.2.1/debian/tmp-gcn/usr,hsa --without-cuda-driver --enable-checking=release --build=x86_64-linux-gnu --host=x86_64-linux-gnu --target=x86_64-linux-gnu --with-build-config=bootstrap-lto-lean --enable-link-mutex
Thread model: posix
Supported LTO compression algorithms: zlib zstd
gcc version 10.2.1 20210110 (Debian 10.2.1-6) 
COMPILER_PATH=/usr/lib/gcc/x86_64-linux-gnu/10/:/usr/lib/gcc/x86_64-linux-gnu/10/:/usr/lib/gcc/x86_64-linux-gnu/:/usr/lib/gcc/x86_64-linux-gnu/10/:/usr/lib/gcc/x86_64-linux-gnu/
LIBRARY_PATH=/usr/lib/gcc/x86_64-linux-gnu/10/:/usr/lib/gcc/x86_64-linux-gnu/10/../../../x86_64-linux-gnu/:/usr/lib/gcc/x86_64-linux-gnu/10/../../../../lib/:/lib/x86_64-linux-gnu/:/lib/../lib/:/usr/lib/x86_64-linux-gnu/:/usr/lib/../lib/:/usr/lib/gcc/x86_64-linux-gnu/10/../../../:/lib/:/usr/lib/
COLLECT_GCC_OPTIONS='-v' '-o' 'cmTC_39f89' '-shared-libgcc' '-mtune=generic' '-march=x86-64'
 /usr/lib/gcc/x86_64-linux-gnu/10/collect2 -plugin /usr/lib/gcc/x86_64-linux-gnu/10/liblto_plugin.so -plugin-opt=/usr/lib/gcc/x86_64-linux-gnu/10/lto-wrapper -plugin-opt=-fresolution=/tmp/ccJhzEp3.res -plugin-opt=-pass-through=-lgcc_s -plugin-opt=-pass-through=-lgcc -plugin-opt=-pass-through=-lc -plugin-opt=-pass-through=-lgcc_s -plugin-opt=-pass-through=-lgcc --build-id --eh-frame-hdr -m elf_x86_64 --hash-style=gnu --as-needed -dynamic-linker /lib64/ld-linux-x86-64.so.2 -pie -o cmTC_39f89 /usr/lib/gcc/x86_64-linux-gnu/10/../../../x86_64-linux-gnu/Scrt1.o /usr/lib/gcc/x86_64-linux-gnu/10/../../../x86_64-linux-gnu/crti.o /usr/lib/gcc/x86_64-linux-gnu/10/crtbeginS.o -L/usr/lib/gcc/x86_64-linux-gnu/10 -L/usr/lib/gcc/x86_64-linux-gnu/10/../../../x86_64-linux-gnu -L/usr/lib/gcc/x86_64-linux-gnu/10/../../../../lib -L/lib/x86_64-linux-gnu -L/lib/../lib -L/usr/lib/x86_64-linux-gnu -L/usr/lib/../lib -L/usr/lib/gcc/x86_64-linux-gnu/10/../../.. CMakeFiles/cmTC_39f89.dir/CMakeCXXCompilerABI.cpp.o -lstdc++ -lm -lgcc_s -lgcc -lc -lgcc_s -lgcc /usr/lib/gcc/x86_64-linux-gnu/10/crtendS.o /usr/lib/gcc/x86_64-linux-gnu/10/../../../x86_64-linux-gnu/crtn.o
COLLECT_GCC_OPTIONS='-v' '-o' 'cmTC_39f89' '-shared-libgcc' '-mtune=generic' '-march=x86-64'
gmake[1]: Leaving directory '/home/ion/src/cuems/xjadeo/build/CMakeFiles/CMakeTmp'



Parsed CXX implicit include dir info from above output: rv=done
  found start of include info
  found start of implicit include info
    add: [/usr/include/c++/10]
    add: [/usr/include/x86_64-linux-gnu/c++/10]
    add: [/usr/include/c++/10/backward]
    add: [/usr/lib/gcc/x86_64-linux-gnu/10/include]
    add: [/usr/local/include]
    add: [/usr/include/x86_64-linux-gnu]
    add: [/usr/include]
  end of search list found
  collapse include dir [/usr/include/c++/10] ==> [/usr/include/c++/10]
  collapse include dir [/usr/include/x86_64-linux-gnu/c++/10] ==> [/usr/include/x86_64-linux-gnu/c++/10]
  collapse include dir [/usr/include/c++/10/backward] ==> [/usr/include/c++/10/backward]
  collapse include dir [/usr/lib/gcc/x86_64-linux-gnu/10/include] ==> [/usr/lib/gcc/x86_64-linux-gnu/10/include]
  collapse include dir [/usr/local/include] ==> [/usr/local/include]
  collapse include dir [/usr/include/x86_64-linux-gnu] ==> [/usr/include/x86_64-linux-gnu]
  collapse include dir [/usr/include] ==> [/usr/include]
  implicit include dirs: [/usr/include/c++/10;/usr/include/x86_64-linux-gnu/c++/10;/usr/include/c++/10/backward;/usr/lib/gcc/x86_64-linux-gnu/10/include;/usr/local/include;/usr/include/x86_64-linux-gnu;/usr/include]


Parsed CXX implicit link information from above output:
  link line regex: [^( *|.*[/\])(ld|CMAKE_LINK_STARTFILE-NOTFOUND|([^/\]+-)?ld|collect2)[^/\]*( |$)]
  ignore line: [Change Dir: /home/ion/src/cuems/xjadeo/build/CMakeFiles/CMakeTmp]
  ignore line: []
  ignore line: [Run Build Command(s):/usr/bin/gmake cmTC_39f89/fast && /usr/bin/gmake  -f CMakeFiles/cmTC_39f89.dir/build.make CMakeFiles/cmTC_39f89.dir/build]
  ignore line: [gmake[1]: Entering directory '/home/ion/src/cuems/xjadeo/build/CMakeFiles/CMakeTmp']
  ignore line: [Building CXX object CMakeFiles/cmTC_39f89.dir/CMakeCXXCompilerABI.cpp.o]
  ignore line: [/usr/bin/c++   -v -o CMakeFiles/cmTC_39f89.dir/CMakeCXXCompilerABI.cpp.o -c /usr/share/cmake-3.18/Modules/CMakeCXXCompilerABI.cpp]
  ignore line: [Using built-in specs.]
  ignore line: [COLLECT_GCC=/usr/bin/c++]
  ignore line: [OFFLOAD_TARGET_NAMES=nvptx-none:amdgcn-amdhsa:hsa]
  ignore line: [OFFLOAD_TARGET_DEFAULT=1]
  ignore line: [Target: x86_64-linux-gnu]
  ignore line: [Configured with: ../src/configure -v --with-pkgversion='Debian 10.2.1-6' --with-bugurl=file:///usr/share/doc/gcc-10/README.Bugs --enable-languages=c ada c++ go brig d fortran objc obj-c++ m2 --prefix=/usr --with-gcc-major-version-only --program-suffix=-10 --program-prefix=x86_64-linux-gnu- --enable-shared --enable-linker-build-id --libexecdir=/usr/lib --without-included-gettext --enable-threads=posix --libdir=/usr/lib --enable-nls --enable-bootstrap --enable-clocale=gnu --enable-libstdcxx-debug --enable-libstdcxx-time=yes --with-default-libstdcxx-abi=new --enable-gnu-unique-object --disable-vtable-verify --enable-plugin --enable-default-pie --with-system-zlib --enable-libphobos-checking=release --with-target-system-zlib=auto --enable-objc-gc=auto --enable-multiarch --disable-werror --with-arch-32=i686 --with-abi=m64 --with-multilib-list=m32 m64 mx32 --enable-multilib --with-tune=generic --enable-offload-targets=nvptx-none=/build/gcc-10-Km9U7s/gcc-10-10.2.1/debian/tmp-nvptx/usr amdgcn-amdhsa=/build/gcc-10-Km9U7s/gcc-10-10.2.1/debian/tmp-gcn/usr hsa --without-cuda-driver --enable-checking=release --build=x86_64-linux-gnu --host=x86_64-linux-gnu --target=x86_64-linux-gnu --with-build-config=bootstrap-lto-lean --enable-link-mutex]
  ignore line: [Thread model: posix]
  ignore line: [Supported LTO compression algorithms: zlib zstd]
  ignore line: [gcc version 10.2.1 20210110 (Debian 10.2.1-6) ]
  ignore line: [COLLECT_GCC_OPTIONS='-v' '-o' 'CMakeFiles/cmTC_39f89.dir/CMakeCXXCompilerABI.cpp.o' '-c' '-shared-libgcc' '-mtune=generic' '-march=x86-64']
  ignore line: [ /usr/lib/gcc/x86_64-linux-gnu/10/cc1plus -quiet -v -imultiarch x86_64-linux-gnu -D_GNU_SOURCE /usr/share/cmake-3.18/Modules/CMakeCXXCompilerABI.cpp -quiet -dumpbase CMakeCXXCompilerABI.cpp -mtune=generic -march=x86-64 -auxbase-strip CMakeFiles/cmTC_39f89.dir/CMakeCXXCompilerABI.cpp.o -version -fasynchronous-unwind-tables -o /tmp/ccCHsQwD.s]
  ignore line: [GNU C++14 (Debian 10.2.1-6) version 10.2.1 20210110 (x86_64-linux-gnu)]
  ignore line: [	compiled by GNU C version 10.2.1 20210110  GMP version 6.2.1  MPFR version 4.1.0  MPC version 1.2.0  isl version isl-0.23-GMP]
  ignore line: []
  ignore line: [GGC heuristics: --param ggc-min-expand=100 --param ggc-min-heapsize=131072]
  ignore line: [ignoring duplicate directory "/usr/include/x86_64-linux-gnu/c++/10"]
  ignore line: [ignoring nonexistent directory "/usr/local/include/x86_64-linux-gnu"]
  ignore line: [ignoring nonexistent directory "/usr/lib/gcc/x86_64-linux-gnu/10/include-fixed"]
  ignore line: [ignoring nonexistent directory "/usr/lib/gcc/x86_64-linux-gnu/10/../../../../x86_64-linux-gnu/include"]
  ignore line: [#include "..." search starts here:]
  ignore line: [#include <...> search starts here:]
  ignore line: [ /usr/include/c++/10]
  ignore line: [ /usr/include/x86_64-linux-gnu/c++/10]
  ignore line: [ /usr/include/c++/10/backward]
  ignore line: [ /usr/lib/gcc/x86_64-linux-gnu/10/include]
  ignore line: [ /usr/local/include]
  ignore line: [ /usr/include/x86_64-linux-gnu]
  ignore line: [ /usr/include]
  ignore line: [End of search list.]
  ignore line: [GNU C++14 (Debian 10.2.1-6) version 10.2.1 20210110 (x86_64-linux-gnu)]
  ignore line: [	compiled by GNU C version 10.2.1 20210110  GMP version 6.2.1  MPFR version 4.1.0  MPC version 1.2.0  isl version isl-0.23-GMP]
  ignore line: []
  ignore line: [GGC heuristics: --param ggc-min-expand=100 --param ggc-min-heapsize=131072]
  ignore line: [Compiler executable checksum: 048fcaee3460a99eb0d68522358720e1]
  ignore line: [COLLECT_GCC_OPTIONS='-v' '-o' 'CMakeFiles/cmTC_39f89.dir/CMakeCXXCompilerABI.cpp.o' '-c' '-shared-libgcc' '-mtune=generic' '-march=x86-64']
  ignore line: [ as -v --64 -o CMakeFiles/cmTC_39f89.dir/CMakeCXXCompilerABI.cpp.o /tmp/ccCHsQwD.s]
  ignore line: [GNU assembler version 2.35.2 (x86_64-linux-gnu) using BFD version (GNU Binutils for Debian) 2.35.2]
  ignore line: [COMPILER_PATH=/usr/lib/gcc/x86_64-linux-gnu/10/:/usr/lib/gcc/x86_64-linux-gnu/10/:/usr/lib/gcc/x86_64-linux-gnu/:/usr/lib/gcc/x86_64-linux-gnu/10/:/usr/lib/gcc/x86_64-linux-gnu/]
  ignore line: [LIBRARY_PATH=/usr/lib/gcc/x86_64-linux-gnu/10/:/usr/lib/gcc/x86_64-linux-gnu/10/../../../x86_64-linux-gnu/:/usr/lib/gcc/x86_64-linux-gnu/10/../../../../lib/:/lib/x86_64-linux-gnu/:/lib/../lib/:/usr/lib/x86_64-linux-gnu/:/usr/lib/../lib/:/usr/lib/gcc/x86_64-linux-gnu/10/../../../:/lib/:/usr/lib/]
  ignore line: [COLLECT_GCC_OPTIONS='-v' '-o' 'CMakeFiles/cmTC_39f89.dir/CMakeCXXCompilerABI.cpp.o' '-c' '-shared-libgcc' '-mtune=generic' '-march=x86-64']
  ignore line: [Linking CXX executable cmTC_39f89]
  ignore line: [/usr/bin/cmake -E cmake_link_script CMakeFiles/cmTC_39f89.dir/link.txt --verbose=1]
  ignore line: [/usr/bin/c++  -v CMakeFiles/cmTC_39f89.dir/CMakeCXXCompilerABI.cpp.o -o cmTC_39f89 ]
  ignore line: [Using built-in specs.]
  ignore line: [COLLECT_GCC=/usr/bin/c++]
  ignore line: [COLLECT_LTO_WRAPPER=/usr/lib/gcc/x86_64-linux-gnu/10/lto-wrapper]
  ignore line: [OFFLOAD_TARGET_NAMES=nvptx-none:amdgcn-amdhsa:hsa]
  ignore line: [OFFLOAD_TARGET_DEFAULT=1]
  ignore line: [Target: x86_64-linux-gnu]
  ignore line: [Configured with: ../src/configure -v --with-pkgversion='Debian 10.2.1-6' --with-bugurl=file:///usr/share/doc/gcc-10/README.Bugs --enable-languages=c ada c++ go brig d fortran objc obj-c++ m2 --prefix=/usr --with-gcc-major-version-only --program-suffix=-10 --program-prefix=x86_64-linux-gnu- --enable-shared --enable-linker-build-id --libexecdir=/usr/lib --without-included-gettext --enable-threads=posix --libdir=/usr/lib --enable-nls --enable-bootstrap --enable-clocale=gnu --enable-libstdcxx-debug --enable-libstdcxx-time=yes --with-default-libstdcxx-abi=new --enable-gnu-unique-object --disable-vtable-verify --enable-plugin --enable-default-pie --with-system-zlib --enable-libphobos-checking=release --with-target-system-zlib=auto --enable-objc-gc=auto --enable-multiarch --disable-werror --with-arch-32=i686 --with-abi=m64 --with-multilib-list=m32 m64 mx32 --enable-multilib --with-tune=generic --enable-offload-targets=nvptx-none=/build/gcc-10-Km9U7s/gcc-10-10.2.1/debian/tmp-nvptx/usr amdgcn-amdhsa=/build/gcc-10-Km9U7s/gcc-10-10.2.1/debian/tmp-gcn/usr hsa --without-cuda-driver --enable-checking=release --build=x86_64-linux-gnu --host=x86_64-linux-gnu --target=x86_64-linux-gnu --with-build-config=bootstrap-lto-lean --enable-link-mutex]
  ignore line: [Thread model: posix]
  ignore line: [Supported LTO compression algorithms: zlib zstd]
  ignore line: [gcc version 10.2.1 20210110 (Debian 10.2.1-6) ]
  ignore line: [COMPILER_PATH=/usr/lib/gcc/x86_64-linux-gnu/10/:/usr/lib/gcc/x86_64-linux-gnu/10/:/usr/lib/gcc/x86_64-linux-gnu/:/usr/lib/gcc/x86_64-linux-gnu/10/:/usr/lib/gcc/x86_64-linux-gnu/]
  ignore line: [LIBRARY_PATH=/usr/lib/gcc/x86_64-linux-gnu/10/:/usr/lib/gcc/x86_64-linux-gnu/10/../../../x86_64-linux-gnu/:/usr/lib/gcc/x86_64-linux-gnu/10/../../../../lib/:/lib/x86_64-linux-gnu/:/lib/../lib/:/usr/lib/x86_64-linux-gnu/:/usr/lib/../lib/:/usr/lib/gcc/x86_64-linux-gnu/10/../../../:/lib/:/usr/lib/]
  ignore line: [COLLECT_GCC_OPTIONS='-v' '-o' 'cmTC_39f89' '-shared-libgcc' '-mtune=generic' '-march=x86-64']
  link line: [ /usr/lib/gcc/x86_64-linux-gnu/10/collect2 -plugin /usr/lib/gcc/x86_64-linux-gnu/10/liblto_plugin.so -plugin-opt=/usr/lib/gcc/x86_64-linux-gnu/10/lto-wrapper -plugin-opt=-fresolution=/tmp/ccJhzEp3.res -plugin-opt=-pass-through=-lgcc_s -plugin-opt=-pass-through=-lgcc -plugin-opt=-pass-through=-lc -plugin-opt=-pass-through=-lgcc_s -plugin-opt=-pass-through=-lgcc --build-id --eh-frame-hdr -m elf_x86_64 --hash-style=gnu --as-needed -dynamic-linker /lib64/ld-linux-x86-64.so.2 -pie -o cmTC_39f89 /usr/lib/gcc/x86_64-linux-gnu/10/../../../x86_64-linux-gnu/Scrt1.o /usr/lib/gcc/x86_64-linux-gnu/10/../../../x86_64-linux-gnu/crti.o /usr/lib/gcc/x86_64-linux-gnu/10/crtbeginS.o -L/usr/lib/gcc/x86_64-linux-gnu/10 -L/usr/lib/gcc/x86_64-linux-gnu/10/../../../x86_64-linux-gnu -L/usr/lib/gcc/x86_64-linux-gnu/10/../../../../lib -L/lib/x86_64-linux-gnu -L/lib/../lib -L/usr/lib/x86_64-linux-gnu -L/usr/lib/../lib -L/usr/lib/gcc/x86_64-linux-gnu/10/../../.. CMakeFiles/cmTC_39f89.dir/CMakeCXXCompilerABI.cpp.o -lstdc++ -lm -lgcc_s -lgcc -lc -lgcc_s -lgcc /usr/lib/gcc/x86_64-linux-gnu/10/crtendS.o /usr/lib/gcc/x86_64-linux-gnu/10/../../../x86_64-linux-gnu/crtn.o]
    arg [/usr/lib/gcc/x86_64-linux-gnu/10/collect2] ==> ignore
    arg [-plugin] ==> ignore
    arg [/usr/lib/gcc/x86_64-linux-gnu/10/liblto_plugin.so] ==> ignore
    arg [-plugin-opt=/usr/lib/gcc/x86_64-linux-gnu/10/lto-wrapper] ==> ignore
    arg [-plugin-opt=-fresolution=/tmp/ccJhzEp3.res] ==> ignore
    arg [-plugin-opt=-pass-through=-lgcc_s] ==> ignore
    arg [-plugin-opt=-pass-through=-lgcc] ==> ignore
    arg [-plugin-opt=-pass-through=-lc] ==> ignore
    arg [-plugin-opt=-pass-through=-lgcc_s] ==> ignore
    arg [-plugin-opt=-pass-through=-lgcc] ==> ignore
    arg [--build-id] ==> ignore
    arg [--eh-frame-hdr] ==> ignore
    arg [-m] ==> ignore
    arg [elf_x86_64] ==> ignore
    arg [--hash-style=gnu] ==> ignore
    arg [--as-needed] ==> ignore
    arg [-dynamic-linker] ==> ignore
    arg [/lib64/ld-linux-x86-64.so.2] ==> ignore
    arg [-pie] ==> ignore
    arg [-o] ==> ignore
    arg [cmTC_39f89] ==> ignore
    arg [/usr/lib/gcc/x86_64-linux-gnu/10/../../../x86_64-linux-gnu/Scrt1.o] ==> ignore
    arg [/usr/lib/gcc/x86_64-linux-gnu/10/../../../x86_64-linux-gnu/crti.o] ==> ignore
    arg [/usr/lib/gcc/x86_64-linux-gnu/10/crtbeginS.o] ==> ignore
    arg [-L/usr/lib/gcc/x86_64-linux-gnu/10] ==> dir [/usr/lib/gcc/x86_64-linux-gnu/10]
    arg [-L/usr/lib/gcc/x86_64-linux-gnu/10/../../../x86_64-linux-gnu] ==> dir [/usr/lib/gcc/x86_64-linux-gnu/10/../../../x86_64-linux-gnu]
    arg [-L/usr/lib/gcc/x86_64-linux-gnu/10/../../../../lib] ==> dir [/usr/lib/gcc/x86_64-linux-gnu/10/../../../../lib]
    arg [-L/lib/x86_64-linux-gnu] ==> dir [/lib/x86_64-linux-gnu]
    arg [-L/lib/../lib] ==> dir [/lib/../lib]
    arg [-L/usr/lib/x86_64-linux-gnu] ==> dir [/usr/lib/x86_64-linux-gnu]
    arg [-L/usr/lib/../lib] ==> dir [/usr/lib/../lib]
    arg [-L/usr/lib/gcc/x86_64-linux-gnu/10/../../..] ==> dir [/usr/lib/gcc/x86_64-linux-gnu/10/../../..]
    arg [CMakeFiles/cmTC_39f89.dir/CMakeCXXCompilerABI.cpp.o] ==> ignore
    arg [-lstdc++] ==> lib [stdc++]
    arg [-lm] ==> lib [m]
    arg [-lgcc_s] ==> lib [gcc_s]
    arg [-lgcc] ==> lib [gcc]
    arg [-lc] ==> lib [c]
    arg [-lgcc_s] ==> lib [gcc_s]
    arg [-lgcc] ==> lib [gcc]
    arg [/usr/lib/gcc/x86_64-linux-gnu/10/crtendS.o] ==> ignore
    arg [/usr/lib/gcc/x86_64-linux-gnu/10/../../../x86_64-linux-gnu/crtn.o] ==> ignore
  collapse library dir [/usr/lib/gcc/x86_64-linux-gnu/10] ==> [/usr/lib/gcc/x86_64-linux-gnu/10]
  collapse library dir [/usr/lib/gcc/x86_64-linux-gnu/10/../../../x86_64-linux-gnu] ==> [/usr/lib/x86_64-linux-gnu]
  collapse library dir [/usr/lib/gcc/x86_64-linux-gnu/10/../../../../lib] ==> [/usr/lib]
  collapse library dir [/lib/x86_64-linux-gnu] ==> [/lib/x86_64-linux-gnu]
  collapse library dir [/lib/../lib] ==> [/lib]
  collapse library dir [/usr/lib/x86_64-linux-gnu] ==> [/usr/lib/x86_64-linux-gnu]
  collapse library dir [/usr/lib/../lib] ==> [/usr/lib]
  collapse library dir [/usr/lib/gcc/x86_64-linux-gnu/10/../../..] ==> [/usr/lib]
  implicit libs: [stdc++;m;gcc_s;gcc;c;gcc_s;gcc]
  implicit dirs: [/usr/lib/gcc/x86_64-linux-gnu/10;/usr/lib/x86_64-linux-gnu;/usr/lib;/lib/x86_64-linux-gnu;/lib]
  implicit fwks: []


Determining if the function XOpenDisplay exists in the /usr/lib/x86_64-linux-gnu/libX11.so;/usr/lib/x86_64-linux-gnu/libXext.so passed with the following output:
Change Dir: /home/ion/src/cuems/xjadeo/build/CMakeFiles/CMakeTmp

Run Build Command(s):/usr/bin/gmake cmTC_1617c/fast && /usr/bin/gmake  -f CMakeFiles/cmTC_1617c.dir/build.make CMakeFiles/cmTC_1617c.dir/build
gmake[1]: Entering directory '/home/ion/src/cuems/xjadeo/build/CMakeFiles/CMakeTmp'
Building C object CMakeFiles/cmTC_1617c.dir/CheckFunctionExists.c.o
/usr/bin/cc   -Wall -g -O3 -pthread -DCHECK_FUNCTION_EXISTS=XOpenDisplay -o CMakeFiles/cmTC_1617c.dir/CheckFunctionExists.c.o -c /usr/share/cmake-3.18/Modules/CheckFunctionExists.c
Linking C executable cmTC_1617c
/usr/bin/cmake -E cmake_link_script CMakeFiles/cmTC_1617c.dir/link.txt --verbose=1
/usr/bin/cc  -Wall -g -O3 -pthread -DCHECK_FUNCTION_EXISTS=XOpenDisplay CMakeFiles/cmTC_1617c.dir/CheckFunctionExists.c.o -o cmTC_1617c  /usr/lib/x86_64-linux-gnu/libX11.so /usr/lib/x86_64-linux-gnu/libXext.so 
gmake[1]: Leaving directory '/home/ion/src/cuems/xjadeo/build/CMakeFiles/CMakeTmp'



Determining if the function gethostbyname exists passed with the following output:
Change Dir: /home/ion/src/cuems/xjadeo/build/CMakeFiles/CMakeTmp

Run Build Command(s):/usr/bin/gmake cmTC_c07ad/fast && /usr/bin/gmake  -f CMakeFiles/cmTC_c07ad.dir/build.make CMakeFiles/cmTC_c07ad.dir/build
gmake[1]: Entering directory '/home/ion/src/cuems/xjadeo/build/CMakeFiles/CMakeTmp'
Building C object CMakeFiles/cmTC_c07ad.dir/CheckFunctionExists.c.o
/usr/bin/cc   -Wall -g -O3 -pthread -DCHECK_FUNCTION_EXISTS=gethostbyname -o CMakeFiles/cmTC_c07ad.dir/CheckFunctionExists.c.o -c /usr/share/cmake-3.18/Modules/CheckFunctionExists.c
Linking C executable cmTC_c07ad
/usr/bin/cmake -E cmake_link_script CMakeFiles/cmTC_c07ad.dir/link.txt --verbose=1
/usr/bin/cc  -Wall -g -O3 -pthread -DCHECK_FUNCTION_EXISTS=gethostbyname CMakeFiles/cmTC_c07ad.dir/CheckFunctionExists.c.o -o cmTC_c07ad 
gmake[1]: Leaving directory '/home/ion/src/cuems/xjadeo/build/CMakeFiles/CMakeTmp'



Determining if the function connect exists passed with the following output:
Change Dir: /home/ion/src/cuems/xjadeo/build/CMakeFiles/CMakeTmp

Run Build Command(s):/usr/bin/gmake cmTC_a633b/fast && /usr/bin/gmake  -f CMakeFiles/cmTC_a633b.dir/build.make CMakeFiles/cmTC_a633b.dir/build
gmake[1]: Entering directory '/home/ion/src/cuems/xjadeo/build/CMakeFiles/CMakeTmp'
Building C object CMakeFiles/cmTC_a633b.dir/CheckFunctionExists.c.o
/usr/bin/cc   -Wall -g -O3 -pthread -DCHECK_FUNCTION_EXISTS=connect -o CMakeFiles/cmTC_a633b.dir/CheckFunctionExists.c.o -c /usr/share/cmake-3.18/Modules/CheckFunctionExists.c
Linking C executable cmTC_a633b
/usr/bin/cmake -E cmake_link_script CMakeFiles/cmTC_a633b.dir/link.txt --verbose=1
/usr/bin/cc  -Wall -g -O3 -pthread -DCHECK_FUNCTION_EXISTS=connect CMakeFiles/cmTC_a633b.dir/CheckFunctionExists.c.o -o cmTC_a633b 
gmake[1]: Leaving directory '/home/ion/src/cuems/xjadeo/build/CMakeFiles/CMakeTmp'



Determining if the function remove exists passed with the following output:
Change Dir: /home/ion/src/cuems/xjadeo/build/CMakeFiles/CMakeTmp

Run Build Command(s):/usr/bin/gmake cmTC_46672/fast && /usr/bin/gmake  -f CMakeFiles/cmTC_46672.dir/build.make CMakeFiles/cmTC_46672.dir/build
gmake[1]: Entering directory '/home/ion/src/cuems/xjadeo/build/CMakeFiles/CMakeTmp'
Building C object CMakeFiles/cmTC_46672.dir/CheckFunctionExists.c.o
/usr/bin/cc   -Wall -g -O3 -pthread -DCHECK_FUNCTION_EXISTS=remove -o CMakeFiles/cmTC_46672.dir/CheckFunctionExists.c.o -c /usr/share/cmake-3.18/Modules/CheckFunctionExists.c
Linking C executable cmTC_46672
/usr/bin/cmake -E cmake_link_script CMakeFiles/cmTC_46672.dir/link.txt --verbose=1
/usr/bin/cc  -Wall -g -O3 -pthread -DCHECK_FUNCTION_EXISTS=remove CMakeFiles/cmTC_46672.dir/CheckFunctionExists.c.o -o cmTC_46672 
gmake[1]: Leaving directory '/home/ion/src/cuems/xjadeo/build/CMakeFiles/CMakeTmp'



Determining if the function shmat exists passed with the following output:
Change Dir: /home/ion/src/cuems/xjadeo/build/CMakeFiles/CMakeTmp

Run Build Command(s):/usr/bin/gmake cmTC_823ae/fast && /usr/bin/gmake  -f CMakeFiles/cmTC_823ae.dir/build.make CMakeFiles/cmTC_823ae.dir/build
gmake[1]: Entering directory '/home/ion/src/cuems/xjadeo/build/CMakeFiles/CMakeTmp'
Building C object CMakeFiles/cmTC_823ae.dir/CheckFunctionExists.c.o
/usr/bin/cc   -Wall -g -O3 -pthread -DCHECK_FUNCTION_EXISTS=shmat -o CMakeFiles/cmTC_823ae.dir/CheckFunctionExists.c.o -c /usr/share/cmake-3.18/Modules/CheckFunctionExists.c
Linking C executable cmTC_823ae
/usr/bin/cmake -E cmake_link_script CMakeFiles/cmTC_823ae.dir/link.txt --verbose=1
/usr/bin/cc  -Wall -g -O3 -pthread -DCHECK_FUNCTION_EXISTS=shmat CMakeFiles/cmTC_823ae.dir/CheckFunctionExists.c.o -o cmTC_823ae 
gmake[1]: Leaving directory '/home/ion/src/cuems/xjadeo/build/CMakeFiles/CMakeTmp'



Determining if the function IceConnectionNumber exists in the ICE passed with the following output:
Change Dir: /home/ion/src/cuems/xjadeo/build/CMakeFiles/CMakeTmp

Run Build Command(s):/usr/bin/gmake cmTC_526be/fast && /usr/bin/gmake  -f CMakeFiles/cmTC_526be.dir/build.make CMakeFiles/cmTC_526be.dir/build
gmake[1]: Entering directory '/home/ion/src/cuems/xjadeo/build/CMakeFiles/CMakeTmp'
Building C object CMakeFiles/cmTC_526be.dir/CheckFunctionExists.c.o
/usr/bin/cc   -Wall -g -O3 -pthread -DCHECK_FUNCTION_EXISTS=IceConnectionNumber -o CMakeFiles/cmTC_526be.dir/CheckFunctionExists.c.o -c /usr/share/cmake-3.18/Modules/CheckFunctionExists.c
Linking C executable cmTC_526be
/usr/bin/cmake -E cmake_link_script CMakeFiles/cmTC_526be.dir/link.txt --verbose=1
/usr/bin/cc  -Wall -g -O3 -pthread -DCHECK_FUNCTION_EXISTS=IceConnectionNumber CMakeFiles/cmTC_526be.dir/CheckFunctionExists.c.o -o cmTC_526be  -lICE 
gmake[1]: Leaving directory '/home/ion/src/cuems/xjadeo/build/CMakeFiles/CMakeTmp'



The system is: Linux - 5.10.0-35-amd64 - x86_64
Compiling the C compiler identification source file "CMakeCCompilerId.c" succeeded.
Compiler: /usr/bin/cc 
Build flags: 
Id flags:  

The output was:
0


Compilation of the C compiler identification source "CMakeCCompilerId.c" produced "a.out"

The C compiler identification is GNU, found in "/home/ion/src/cuems/xjadeo/build/CMakeFiles/3.18.4/CompilerIdC/a.out"

Compiling the CXX compiler identification source file "CMakeCXXCompilerId.cpp" succeeded.
Compiler: /usr/bin/c++ 
Build flags: 
Id flags:  

The output was:
0


Compilation of the CXX compiler identification source "CMakeCXXCompilerId.cpp" produced "a.out"

The CXX compiler identification is GNU, found in "/home/ion/src/cuems/xjadeo/build/CMakeFiles/3.18.4/CompilerIdCXX/a.out"

Detecting C compiler ABI info compiled with the following output:
Change Dir: /home/ion/src/cuems/xjadeo/build/CMakeFiles/CMakeTmp

Run Build Command(s):/usr/bin/gmake cmTC_6a010/fast && /usr/bin/gmake  -f CMakeFiles/cmTC_6a010.dir/build.make CMakeFiles/cmTC_6a010.dir/build
gmake[1]: Entering directory '/home/ion/src/cuems/xjadeo/build/CMakeFiles/CMakeTmp'
Building C object CMakeFiles/cmTC_6a010.dir/CMakeCCompilerABI.c.o
/usr/bin/cc   -v -o CMakeFiles/cmTC_6a010.dir/CMakeCCompilerABI.c.o -c /usr/share/cmake-3.18/Modules/CMakeCCompilerABI.c
Using built-in specs.
COLLECT_GCC=/usr/bin/cc
OFFLOAD_TARGET_NAMES=nvptx-none:amdgcn-amdhsa:hsa
OFFLOAD_TARGET_DEFAULT=1
Target: x86_64-linux-gnu
Configured with: ../src/configure -v --with-pkgversion='Debian 10.2.1-6' --with-bugurl=file:///usr/share/doc/gcc-10/README.Bugs --enable-languages=c,ada,c++,go,brig,d,fortran,objc,obj-c++,m2 --prefix=/usr --with-gcc-major-version-only --program-suffix=-10 --program-prefix=x86_64-linux-gnu- --enable-shared --enable-linker-build-id --libexecdir=/usr/lib --without-included-gettext --enable-threads=posix --libdir=/usr/lib --enable-nls --enable-bootstrap --enable-clocale=gnu --enable-libstdcxx-debug --enable-libstdcxx-time=yes --with-default-libstdcxx-abi=new --enable-gnu-unique-object --disable-vtable-verify --enable-plugin --enable-default-pie --with-system-zlib --enable-libphobos-checking=release --with-target-system-zlib=auto --enable-objc-gc=auto --enable-multiarch --disable-werror --with-arch-32=i686 --with-abi=m64 --with-multilib-list=m32,m64,mx32 --enable-multilib --with-tune=generic --enable-offload-targets=nvptx-none=/build/gcc-10-Km9U7s/gcc-10-10.2.1/debian/tmp-nvptx/usr,amdgcn-amdhsa=/build/gcc-10-Km9U7s/gcc-10-10.2.1/debian/tmp-gcn/usr,hsa --without-cuda-driver --enable-checking=release --build=x86_64-linux-gnu --host=x86_64-linux-gnu --target=x86_64-linux-gnu --with-build-config=bootstrap-lto-lean --enable-link-mutex
Thread model: posix
Supported LTO compression algorithms: zlib zstd
gcc version 10.2.1 20210110 (Debian 10.2.1-6) 
COLLECT_GCC_OPTIONS='-v' '-o' 'CMakeFiles/cmTC_6a010.dir/CMakeCCompilerABI.c.o' '-c' '-mtune=generic' '-march=x86-64'
 /usr/lib/gcc/x86_64-linux-gnu/10/cc1 -quiet -v -imultiarch x86_64-linux-gnu /usr/share/cmake-3.18/Modules/CMakeCCompilerABI.c -quiet -dumpbase CMakeCCompilerABI.c -mtune=generic -march=x86-64 -auxbase-strip CMakeFiles/cmTC_6a010.dir/CMakeCCompilerABI.c.o -version -fasynchronous-unwind-tables -o /tmp/ccHyYjVV.s
GNU C17 (Debian 10.2.1-6) version 10.2.1 20210110 (x86_64-linux-gnu)
	compiled by GNU C version 10.2.1 20210110, GMP version 6.2.1, MPFR version 4.1.0, MPC version 1.2.0, isl version isl-0.23-GMP

GGC heuristics: --param ggc-min-expand=100 --param ggc-min-heapsize=131072
ignoring nonexistent directory "/usr/local/include/x86_64-linux-gnu"
ignoring nonexistent directory "/usr/lib/gcc/x86_64-linux-gnu/10/include-fixed"
ignoring nonexistent directory "/usr/lib/gcc/x86_64-linux-gnu/10/../../../../x86_64-linux-gnu/include"
#include "..." search starts here:
#include <...> search starts here:
 /usr/lib/gcc/x86_64-linux-gnu/10/include
 /usr/local/include
 /usr/include/x86_64-linux-gnu
 /usr/include
End of search list.
GNU C17 (Debian 10.2.1-6) version 10.2.1 20210110 (x86_64-linux-gnu)
	compiled by GNU C version 10.2.1 20210110, GMP version 6.2.1, MPFR version 4.1.0, MPC version 1.2.0, isl version isl-0.23-GMP

GGC heuristics: --param ggc-min-expand=100 --param ggc-min-heapsize=131072
Compiler executable checksum: 1f803793fa2e3418c492b25e7d3eac2f
COLLECT_GCC_OPTIONS='-v' '-o' 'CMakeFiles/cmTC_6a010.dir/CMakeCCompilerABI.c.o' '-c' '-mtune=generic' '-march=x86-64'
 as -v --64 -o CMakeFiles/cmTC_6a010.dir/CMakeCCompilerABI.c.o /tmp/ccHyYjVV.s
GNU assembler version 2.35.2 (x86_64-linux-gnu) using BFD version (GNU Binutils for Debian) 2.35.2
COMPILER_PATH=/usr/lib/gcc/x86_64-linux-gnu/10/:/usr/lib/gcc/x86_64-linux-gnu/10/:/usr/lib/gcc/x86_64-linux-gnu/:/usr/lib/gcc/x86_64-linux-gnu/10/:/usr/lib/gcc/x86_64-linux-gnu/
LIBRARY_PATH=/usr/lib/gcc/x86_64-linux-gnu/10/:/usr/lib/gcc/x86_64-linux-gnu/10/../../../x86_64-linux-gnu/:/usr/lib/gcc/x86_64-linux-gnu/10/../../../../lib/:/lib/x86_64-linux-gnu/:/lib/../lib/:/usr/lib/x86_64-linux-gnu/:/usr/lib/../lib/:/usr/lib/gcc/x86_64-linux-gnu/10/../../../:/lib/:/usr/lib/
COLLECT_GCC_OPTIONS='-v' '-o' 'CMakeFiles/cmTC_6a010.dir/CMakeCCompilerABI.c.o' '-c' '-mtune=generic' '-march=x86-64'
Linking C executable cmTC_6a010
/usr/bin/cmake -E cmake_link_script CMakeFiles/cmTC_6a010.dir/link.txt --verbose=1
/usr/bin/cc  -v CMakeFiles/cmTC_6a010.dir/CMakeCCompilerABI.c.o -o cmTC_6a010 
Using built-in specs.
COLLECT_GCC=/usr/bin/cc
COLLECT_LTO_WRAPPER=/usr/lib/gcc/x86_64-linux-gnu/10/lto-wrapper
OFFLOAD_TARGET_NAMES=nvptx-none:amdgcn-amdhsa:hsa
OFFLOAD_TARGET_DEFAULT=1
Target: x86_64-linux-gnu
Configured with: ../src/configure -v --with-pkgversion='Debian 10.2.1-6' --with-bugurl=file:///usr/share/doc/gcc-10/README.Bugs --enable-languages=c,ada,c++,go,brig,d,fortran,objc,obj-c++,m2 --prefix=/usr --with-gcc-major-version-only --program-suffix=-10 --program-prefix=x86_64-linux-gnu- --enable-shared --enable-linker-build-id --libexecdir=/usr/lib --without-included-gettext --enable-threads=posix --libdir=/usr/lib --enable-nls --enable-bootstrap --enable-clocale=gnu --enable-libstdcxx-debug --enable-libstdcxx-time=yes --with-default-libstdcxx-abi=new --enable-gnu-unique-object --disable-vtable-verify --enable-plugin --enable-default-pie --with-system-zlib --enable-libphobos-checking=release --with-target-system-zlib=auto --enable-objc-gc=auto --enable-multiarch --disable-werror --with-arch-32=i686 --with-abi=m64 --with-multilib-list=m32,m64,mx32 --enable-multilib --with-tune=generic --enable-offload-targets=nvptx-none=/build/gcc-10-Km9U7s/gcc-10-10.2.1/debian/tmp-nvptx/usr,amdgcn-amdhsa=/build/gcc-10-Km9U7s/gcc-10-10.2.1/debian/tmp-gcn/usr,hsa --without-cuda-driver --enable-checking=release --build=x86_64-linux-gnu --host=x86_64-linux-gnu --target=x86_64-linux-gnu --with-build-config=bootstrap-lto-lean --enable-link-mutex
Thread model: posix
Supported LTO compression algorithms: zlib zstd
gcc version 10.2.1 20210110 (Debian 10.2.1-6) 
COMPILER_PATH=/usr/lib/gcc/x86_64-linux-gnu/10/:/usr/lib/gcc/x86_64-linux-gnu/10/:/usr/lib/gcc/x86_64-linux-gnu/:/usr/lib/gcc/x86_64-linux-gnu/10/:/usr/lib/gcc/x86_64-linux-gnu/
LIBRARY_PATH=/usr/lib/gcc/x86_64-linux-gnu/10/:/usr/lib/gcc/x86_64-linux-gnu/10/../../../x86_64-linux-gnu/:/usr/lib/gcc/x86_64-linux-gnu/10/../../../../lib/:/lib/x86_64-linux-gnu/:/lib/../lib/:/usr/lib/x86_64-linux-gnu/:/usr/lib/../lib/:/usr/lib/gcc/x86_64-linux-gnu/10/../../../:/lib/:/usr/lib/
COLLECT_GCC_OPTIONS='-v' '-o' 'cmTC_6a010' '-mtune=generic' '-march=x86-64'
 /usr/lib/gcc/x86_64-linux-gnu/10/collect2 -plugin /usr/lib/gcc/x86_64-linux-gnu/10/liblto_plugin.so -plugin-opt=/usr/lib/gcc/x86_64-linux-gnu/10/lto-wrapper -plugin-opt=-fresolution=/tmp/cciwElEp.res -plugin-opt=-pass-through=-lgcc -plugin-opt=-pass-through=-lgcc_s -plugin-opt=-pass-through=-lc -plugin-opt=-pass-through=-lgcc -plugin-opt=-pass-through=-lgcc_s --build-id --eh-frame-hdr -m elf_x86_64 --hash-style=gnu --as-needed -dynamic-linker /lib64/ld-linux-x86-64.so.2 -pie -o cmTC_6a010 /usr/lib/gcc/x86_64-linux-gnu/10/../../../x86_64-linux-gnu/Scrt1.o /usr/lib/gcc/x86_64-linux-gnu/10/../../../x86_64-linux-gnu/crti.o /usr/lib/gcc/x86_64-linux-gnu/10/crtbeginS.o -L/usr/lib/gcc/x86_64-linux-gnu/10 -L/usr/lib/gcc/x86_64-linux-gnu/10/../../../x86_64-linux-gnu -L/usr/lib/gcc/x86_64-linux-gnu/10/../../../../lib -L/lib/x86_64-linux-gnu -L/lib/../lib -L/usr/lib/x86_64-linux-gnu -L/usr/lib/../lib -L/usr/lib/gcc/x86_64-linux-gnu/10/../../.. CMakeFiles/cmTC_6a010.dir/CMakeCCompilerABI.c.o -lgcc --push-state --as-needed -lgcc_s --pop-state -lc -lgcc --push-state --as-needed -lgcc_s --pop-state /usr/lib/gcc/x86_64-linux-gnu/10/crtendS.o /usr/lib/gcc/x86_64-linux-gnu/10/../../../x86_64-linux-gnu/crtn.o
COLLECT_GCC_OPTIONS='-v' '-o' 'cmTC_6a010' '-mtune=generic' '-march=x86-64'
gmake[1]: Leaving directory '/home/ion/src/cuems/xjadeo/build/CMakeFiles/CMakeTmp'



Parsed C implicit include dir info from above output: rv=done
  found start of include info
  found start of implicit include info
    add: [/usr/lib/gcc/x86_64-linux-gnu/10/include]
    add: [/usr/local/include]
    add: [/usr/include/x86_64-linux-gnu]
    add: [/usr/include]
  end of search list found
  collapse include dir [/usr/lib/gcc/x86_64-linux-gnu/10/include] ==> [/usr/lib/gcc/x86_64-linux-gnu/10/include]
  collapse include dir [/usr/local/include] ==> [/usr/local/include]
  collapse include dir [/usr/include/x86_64-linux-gnu] ==> [/usr/include/x86_64-linux-gnu]
  collapse include dir [/usr/include] ==> [/usr/include]
  implicit include dirs: [/usr/lib/gcc/x86_64-linux-gnu/10/include;/usr/local/include;/usr/include/x86_64-linux-gnu;/usr/include]


Parsed C implicit link information from above output:
  link line regex: [^( *|.*[/\])(ld|CMAKE_LINK_STARTFILE-NOTFOUND|([^/\]+-)?ld|collect2)[^/\]*( |$)]
  ignore line: [Change Dir: /home/ion/src/cuems/xjadeo/build/CMakeFiles/CMakeTmp]
  ignore line: []
  ignore line: [Run Build Command(s):/usr/bin/gmake cmTC_6a010/fast && /usr/bin/gmake  -f CMakeFiles/cmTC_6a010.dir/build.make CMakeFiles/cmTC_6a010.dir/build]
  ignore line: [gmake[1]: Entering directory '/home/ion/src/cuems/xjadeo/build/CMakeFiles/CMakeTmp']
  ignore line: [Building C object CMakeFiles/cmTC_6a010.dir/CMakeCCompilerABI.c.o]
  ignore line: [/usr/bin/cc   -v -o CMakeFiles/cmTC_6a010.dir/CMakeCCompilerABI.c.o -c /usr/share/cmake-3.18/Modules/CMakeCCompilerABI.c]
  ignore line: [Using built-in specs.]
  ignore line: [COLLECT_GCC=/usr/bin/cc]
  ignore line: [OFFLOAD_TARGET_NAMES=nvptx-none:amdgcn-amdhsa:hsa]
  ignore line: [OFFLOAD_TARGET_DEFAULT=1]
  ignore line: [Target: x86_64-linux-gnu]
  ignore line: [Configured with: ../src/configure -v --with-pkgversion='Debian 10.2.1-6' --with-bugurl=file:///usr/share/doc/gcc-10/README.Bugs --enable-languages=c ada c++ go brig d fortran objc obj-c++ m2 --prefix=/usr --with-gcc-major-version-only --program-suffix=-10 --program-prefix=x86_64-linux-gnu- --enable-shared --enable-linker-build-id --libexecdir=/usr/lib --without-included-gettext --enable-threads=posix --libdir=/usr/lib --enable-nls --enable-bootstrap --enable-clocale=gnu --enable-libstdcxx-debug --enable-libstdcxx-time=yes --with-default-libstdcxx-abi=new --enable-gnu-unique-object --disable-vtable-verify --enable-plugin --enable-default-pie --with-system-zlib --enable-libphobos-checking=release --with-target-system-zlib=auto --enable-objc-gc=auto --enable-multiarch --disable-werror --with-arch-32=i686 --with-abi=m64 --with-multilib-list=m32 m64 mx32 --enable-multilib --with-tune=generic --enable-offload-targets=nvptx-none=/build/gcc-10-Km9U7s/gcc-10-10.2.1/debian/tmp-nvptx/usr amdgcn-amdhsa=/build/gcc-10-Km9U7s/gcc-10-10.2.1/debian/tmp-gcn/usr hsa --without-cuda-driver --enable-checking=release --build=x86_64-linux-gnu --host=x86_64-linux-gnu --target=x86_64-linux-gnu --with-build-config=bootstrap-lto-lean --enable-link-mutex]
  ignore line: [Thread model: posix]
  ignore line: [Supported LTO compression algorithms: zlib zstd]
  ignore line: [gcc version 10.2.1 20210110 (Debian 10.2.1-6) ]
  ignore line: [COLLECT_GCC_OPTIONS='-v' '-o' 'CMakeFiles/cmTC_6a010.dir/CMakeCCompilerABI.c.o' '-c' '-mtune=generic' '-march=x86-64']
  ignore line: [ /usr/lib/gcc/x86_64-linux-gnu/10/cc1 -quiet -v -imultiarch x86_64-linux-gnu /usr/share/cmake-3.18/Modules/CMakeCCompilerABI.c -quiet -dumpbase CMakeCCompilerABI.c -mtune=generic -march=x86-64 -auxbase-strip CMakeFiles/cmTC_6a010.dir/CMakeCCompilerABI.c.o -version -fasynchronous-unwind-tables -o /tmp/ccHyYjVV.s]
  ignore line: [GNU C17 (Debian 10.2.1-6) version 10.2.1 20210110 (x86_64-linux-gnu)]
  ignore line: [	compiled by GNU C version 10.2.1 20210110  GMP version 6.2.1  MPFR version 4.1.0  MPC version 1.2.0  isl version isl-0.23-GMP]
  ignore line: []
  ignore line: [GGC heuristics: --param ggc-min-expand=100 --param ggc-min-heapsize=131072]
  ignore line: [ignoring nonexistent directory "/usr/local/include/x86_64-linux-gnu"]
  ignore line: [ignoring nonexistent directory "/usr/lib/gcc/x86_64-linux-gnu/10/include-fixed"]
  ignore line: [ignoring nonexistent directory "/usr/lib/gcc/x86_64-linux-gnu/10/../../../../x86_64-linux-gnu/include"]
  ignore line: [#include "..." search starts here:]
  ignore line: [#include <...> search starts here:]
  ignore line: [ /usr/lib/gcc/x86_64-linux-gnu/10/include]
  ignore line: [ /usr/local/include]
  ignore line: [ /usr/include/x86_64-linux-gnu]
  ignore line: [ /usr/include]
  ignore line: [End of search list.]
  ignore line: [GNU C17 (Debian 10.2.1-6) version 10.2.1 20210110 (x86_64-linux-gnu)]
  ignore line: [	compiled by GNU C version 10.2.1 20210110  GMP version 6.2.1  MPFR version 4.1.0  MPC version 1.2.0  isl version isl-0.23-GMP]
  ignore line: []
  ignore line: [GGC heuristics: --param ggc-min-expand=100 --param ggc-min-heapsize=131072]
  ignore line: [Compiler executable checksum: 1f803793fa2e3418c492b25e7d3eac2f]
  ignore line: [COLLECT_GCC_OPTIONS='-v' '-o' 'CMakeFiles/cmTC_6a010.dir/CMakeCCompilerABI.c.o' '-c' '-mtune=generic' '-march=x86-64']
  ignore line: [ as -v --64 -o CMakeFiles/cmTC_6a010.dir/CMakeCCompilerABI.c.o /tmp/ccHyYjVV.s]
  ignore line: [GNU assembler version 2.35.2 (x86_64-linux-gnu) using BFD version (GNU Binutils for Debian) 2.35.2]
  ignore line: [COMPILER_PATH=/usr/lib/gcc/x86_64-linux-gnu/10/:/usr/lib/gcc/x86_64-linux-gnu/10/:/usr/lib/gcc/x86_64-linux-gnu/:/usr/lib/gcc/x86_64-linux-gnu/10/:/usr/lib/gcc/x86_64-linux-gnu/]
  ignore line: [LIBRARY_PATH=/usr/lib/gcc/x86_64-linux-gnu/10/:/usr/lib/gcc/x86_64-linux-gnu/10/../../../x86_64-linux-gnu/:/usr/lib/gcc/x86_64-linux-gnu/10/../../../../lib/:/lib/x86_64-linux-gnu/:/lib/../lib/:/usr/lib/x86_64-linux-gnu/:/usr/lib/../lib/:/usr/lib/gcc/x86_64-linux-gnu/10/../../../:/lib/:/usr/lib/]
  ignore line: [COLLECT_GCC_OPTIONS='-v' '-o' 'CMakeFiles/cmTC_6a010.dir/CMakeCCompilerABI.c.o' '-c' '-mtune=generic' '-march=x86-64']
  ignore line: [Linking C executable cmTC_6a010]
  ignore line: [/usr/bin/cmake -E cmake_link_script CMakeFiles/cmTC_6a010.dir/link.txt --verbose=1]
  ignore line: [/usr/bin/cc  -v CMakeFiles/cmTC_6a010.dir/CMakeCCompilerABI.c.o -o cmTC_6a010 ]
  ignore line: [Using built-in specs.]
  ignore line: [COLLECT_GCC=/usr/bin/cc]
  ignore line: [COLLECT_LTO_WRAPPER=/usr/lib/gcc/x86_64-linux-gnu/10/lto-wrapper]
  ignore line: [OFFLOAD_TARGET_NAMES=nvptx-none:amdgcn-amdhsa:hsa]
  ignore line: [OFFLOAD_TARGET_DEFAULT=1]
  ignore line: [Target: x86_64-linux-gnu]
  ignore line: [Configured with: ../src/configure -v --with-pkgversion='Debian 10.2.1-6' --with-bugurl=file:///usr/share/doc/gcc-10/README.Bugs --enable-languages=c ada c++ go brig d fortran objc obj-c++ m2 --prefix=/usr --with-gcc-major-version-only --program-suffix=-10 --program-prefix=x86_64-linux-gnu- --enable-shared --enable-linker-build-id --libexecdir=/usr/lib --without-included-gettext --enable-threads=posix --libdir=/usr/lib --enable-nls --enable-bootstrap --enable-clocale=gnu --enable-libstdcxx-debug --enable-libstdcxx-time=yes --with-default-libstdcxx-abi=new --enable-gnu-unique-object --disable-vtable-verify --enable-plugin --enable-default-pie --with-system-zlib --enable-libphobos-checking=release --with-target-system-zlib=auto --enable-objc-gc=auto --enable-multiarch --disable-werror --with-arch-32=i686 --with-abi=m64 --with-multilib-list=m32 m64 mx32 --enable-multilib --with-tune=generic --enable-offload-targets=nvptx-none=/build/gcc-10-Km9U7s/gcc-10-10.2.1/debian/tmp-nvptx/usr amdgcn-amdhsa=/build/gcc-10-Km9U7s/gcc-10-10.2.1/debian/tmp-gcn/usr hsa --without-cuda-driver --enable-checking=release --build=x86_64-linux-gnu --host=x86_64-linux-gnu --target=x86_64-linux-gnu --with-build-config=bootstrap-lto-lean --enable-link-mutex]
  ignore line: [Thread model: posix]
  ignore line: [Supported LTO compression algorithms: zlib zstd]
  ignore line: [gcc version 10.2.1 20210110 (Debian 10.2.1-6) ]
  ignore line: [COMPILER_PATH=/usr/lib/gcc/x86_64-linux-gnu/10/:/usr/lib/gcc/x86_64-linux-gnu/10/:/usr/lib/gcc/x86_64-linux-gnu/:/usr/lib/gcc/x86_64-linux-gnu/10/:/usr/lib/gcc/x86_64-linux-gnu/]
  ignore line: [LIBRARY_PATH=/usr/lib/gcc/x86_64-linux-gnu/10/:/usr/lib/gcc/x86_64-linux-gnu/10/../../../x86_64-linux-gnu/:/usr/lib/gcc/x86_64-linux-gnu/10/../../../../lib/:/lib/x86_64-linux-gnu/:/lib/../lib/:/usr/lib/x86_64-linux-gnu/:/usr/lib/../lib/:/usr/lib/gcc/x86_64-linux-gnu/10/../../../:/lib/:/usr/lib/]
  ignore line: [COLLECT_GCC_OPTIONS='-v' '-o' 'cmTC_6a010' '-mtune=generic' '-march=x86-64']
  link line: [ /usr/lib/gcc/x86_64-linux-gnu/10/collect2 -plugin /usr/lib/gcc/x86_64-linux-gnu/10/liblto_plugin.so -plugin-opt=/usr/lib/gcc/x86_64-linux-gnu/10/lto-wrapper -plugin-opt=-fresolution=/tmp/cciwElEp.res -plugin-opt=-pass-through=-lgcc -plugin-opt=-pass-through=-lgcc_s -plugin-opt=-pass-through=-lc -plugin-opt=-pass-through=-lgcc -plugin-opt=-pass-through=-lgcc_s --build-id --eh-frame-hdr -m elf_x86_64 --hash-style=gnu --as-needed -dynamic-linker /lib64/ld-linux-x86-64.so.2 -pie -o cmTC_6a010 /usr/lib/gcc/x86_64-linux-gnu/10/../../../x86_64-linux-gnu/Scrt1.o /usr/lib/gcc/x86_64-linux-gnu/10/../../../x86_64-linux-gnu/crti.o /usr/lib/gcc/x86_64-linux-gnu/10/crtbeginS.o -L/usr/lib/gcc/x86_64-linux-gnu/10 -L/usr/lib/gcc/x86_64-linux-gnu/10/../../../x86_64-linux-gnu -L/usr/lib/gcc/x86_64-linux-gnu/10/../../../../lib -L/lib/x86_64-linux-gnu -L/lib/../lib -L/usr/lib/x86_64-linux-gnu -L/usr/lib/../lib -L/usr/lib/gcc/x86_64-linux-gnu/10/../../.. CMakeFiles/cmTC_6a010.dir/CMakeCCompilerABI.c.o -lgcc --push-state --as-needed -lgcc_s --pop-state -lc -lgcc --push-state --as-needed -lgcc_s --pop-state /usr/lib/gcc/x86_64-linux-gnu/10/crtendS.o /usr/lib/gcc/x86_64-linux-gnu/10/../../../x86_64-linux-gnu/crtn.o]
    arg [/usr/lib/gcc/x86_64-linux-gnu/10/collect2] ==> ignore
    arg [-plugin] ==> ignore
    arg [/usr/lib/gcc/x86_64-linux-gnu/10/liblto_plugin.so] ==> ignore
    arg [-plugin-opt=/usr/lib/gcc/x86_64-linux-gnu/10/lto-wrapper] ==> ignore
    arg [-plugin-opt=-fresolution=/tmp/cciwElEp.res] ==> ignore
    arg [-plugin-opt=-pass-through=-lgcc] ==> ignore
    arg [-plugin-opt=-pass-through=-lgcc_s] ==> ignore
    arg [-plugin-opt=-pass-through=-lc] ==> ignore
    arg [-plugin-opt=-pass-through=-lgcc] ==> ignore
    arg [-plugin-opt=-pass-through=-lgcc_s] ==> ignore
    arg [--build-id] ==> ignore
    arg [--eh-frame-hdr] ==> ignore
    arg [-m] ==> ignore
    arg [elf_x86_64] ==> ignore
    arg [--hash-style=gnu] ==> ignore
    arg [--as-needed] ==> ignore
    arg [-dynamic-linker] ==> ignore
    arg [/lib64/ld-linux-x86-64.so.2] ==> ignore
    arg [-pie] ==> ignore
    arg [-o] ==> ignore
    arg [cmTC_6a010] ==> ignore
    arg [/usr/lib/gcc/x86_64-linux-gnu/10/../../../x86_64-linux-gnu/Scrt1.o] ==> ignore
    arg [/usr/lib/gcc/x86_64-linux-gnu/10/../../../x86_64-linux-gnu/crti.o] ==> ignore
    arg [/usr/lib/gcc/x86_64-linux-gnu/10/crtbeginS.o] ==> ignore
    arg [-L/usr/lib/gcc/x86_64-linux-gnu/10] ==> dir [/usr/lib/gcc/x86_64-linux-gnu/10]
    arg [-L/usr/lib/gcc/x86_64-linux-gnu/10/../../../x86_64-linux-gnu] ==> dir [/usr/lib/gcc/x86_64-linux-gnu/10/../../../x86_64-linux-gnu]
    arg [-L/usr/lib/gcc/x86_64-linux-gnu/10/../../../../lib] ==> dir [/usr/lib/gcc/x86_64-linux-gnu/10/../../../../lib]
    arg [-L/lib/x86_64-linux-gnu] ==> dir [/lib/x86_64-linux-gnu]
    arg [-L/lib/../lib] ==> dir [/lib/../lib]
    arg [-L/usr/lib/x86_64-linux-gnu] ==> dir [/usr/lib/x86_64-linux-gnu]
    arg [-L/usr/lib/../lib] ==> dir [/usr/lib/../lib]
    arg [-L/usr/lib/gcc/x86_64-linux-gnu/10/../../..] ==> dir [/usr/lib/gcc/x86_64-linux-gnu/10/../../..]
    arg [CMakeFiles/cmTC_6a010.dir/CMakeCCompilerABI.c.o] ==> ignore
    arg [-lgcc] ==> lib [gcc]
    arg [--push-state] ==> ignore
    arg [--as-needed] ==> ignore
    arg [-lgcc_s] ==> lib [gcc_s]
    arg [--pop-state] ==> ignore
    arg [-lc] ==> lib [c]
    arg [-lgcc] ==> lib [gcc]
    arg [--push-state] ==> ignore
    arg [--as-needed] ==> ignore
    arg [-lgcc_s] ==> lib [gcc_s]
    arg [--pop-state] ==> ignore
    arg [/usr/lib/gcc/x86_64-linux-gnu/10/crtendS.o] ==> ignore
    arg [/usr/lib/gcc/x86_64-linux-gnu/10/../../../x86_64-linux-gnu/crtn.o] ==> ignore
  collapse library dir [/usr/lib/gcc/x86_64-linux-gnu/10] ==> [/usr/lib/gcc/x86_64-linux-gnu/10]
  collapse library dir [/usr/lib/gcc/x86_64-linux-gnu/10/../../../x86_64-linux-gnu] ==> [/usr/lib/x86_64-linux-gnu]
  collapse library dir [/usr/lib/gcc/x86_64-linux-gnu/10/../../../../lib] ==> [/usr/lib]
  collapse library dir [/lib/x86_64-linux-gnu] ==> [/lib/x86_64-linux-gnu]
  collapse library dir [/lib/../lib] ==> [/lib]
  collapse library dir [/usr/lib/x86_64-linux-gnu] ==> [/usr/lib/x86_64-linux-gnu]
  collapse library dir [/usr/lib/../lib] ==> [/usr/lib]
  collapse library dir [/usr/lib/gcc/x86_64-linux-gnu/10/../../..] ==> [/usr/lib]
  implicit libs: [gcc;gcc_s;c;gcc;gcc_s]
  implicit dirs: [/usr/lib/gcc/x86_64-linux-gnu/10;/usr/lib/x86_64-linux-gnu;/usr/lib;/lib/x86_64-linux-gnu;/lib]
  implicit fwks: []


Detecting CXX compiler ABI info compiled with the following output:
Change Dir: /home/ion/src/cuems/xjadeo/build/CMakeFiles/CMakeTmp

Run Build Command(s):/usr/bin/gmake cmTC_2cc94/fast && /usr/bin/gmake  -f CMakeFiles/cmTC_2cc94.dir/build.make CMakeFiles/cmTC_2cc94.dir/build
gmake[1]: Entering directory '/home/ion/src/cuems/xjadeo/build/CMakeFiles/CMakeTmp'
Building CXX object CMakeFiles/cmTC_2cc94.dir/CMakeCXXCompilerABI.cpp.o
/usr/bin/c++   -v -o CMakeFiles/cmTC_2cc94.dir/CMakeCXXCompilerABI.cpp.o -c /usr/share/cmake-3.18/Modules/CMakeCXXCompilerABI.cpp
Using built-in specs.
COLLECT_GCC=/usr/bin/c++
OFFLOAD_TARGET_NAMES=nvptx-none:amdgcn-amdhsa:hsa
OFFLOAD_TARGET_DEFAULT=1
Target: x86_64-linux-gnu
Configured with: ../src/configure -v --with-pkgversion='Debian 10.2.1-6' --with-bugurl=file:///usr/share/doc/gcc-10/README.Bugs --enable-languages=c,ada,c++,go,brig,d,fortran,objc,obj-c++,m2 --prefix=/usr --with-gcc-major-version-only --program-suffix=-10 --program-prefix=x86_64-linux-gnu- --enable-shared --enable-linker-build-id --libexecdir=/usr/lib --without-included-gettext --enable-threads=posix --libdir=/usr/lib --enable-nls --enable-bootstrap --enable-clocale=gnu --enable-libstdcxx-debug --enable-libstdcxx-time=yes --with-default-libstdcxx-abi=new --enable-gnu-unique-object --disable-vtable-verify --enable-plugin --enable-default-pie --with-system-zlib --enable-libphobos-checking=release --with-target-system-zlib=auto --enable-objc-gc=auto --enable-multiarch --disable-werror --with-arch-32=i686 --with-abi=m64 --with-multilib-list=m32,m64,mx32 --enable-multilib --with-tune=generic --enable-offload-targets=nvptx-none=/build/gcc-10-Km9U7s/gcc-10-10.2.1/debian/tmp-nvptx/usr,amdgcn-amdhsa=/build/gcc-10-Km9U7s/gcc-10-10.2.1/debian/tmp-gcn/usr,hsa --without-cuda-driver --enable-checking=release --build=x86_64-linux-gnu --host=x86_64-linux-gnu --target=x86_64-linux-gnu --with-build-config=bootstrap-lto-lean --enable-link-mutex
Thread model: posix
Supported LTO compression algorithms: zlib zstd
gcc version 10.2.1 20210110 (Debian 10.2.1-6) 
COLLECT_GCC_OPTIONS='-v' '-o' 'CMakeFiles/cmTC_2cc94.dir/CMakeCXXCompilerABI.cpp.o' '-c' '-shared-libgcc' '-mtune=generic' '-march=x86-64'
 /usr/lib/gcc/x86_64-linux-gnu/10/cc1plus -quiet -v -imultiarch x86_64-linux-gnu -D_GNU_SOURCE /usr/share/cmake-3.18/Modules/CMakeCXXCompilerABI.cpp -quiet -dumpbase CMakeCXXCompilerABI.cpp -mtune=generic -march=x86-64 -auxbase-strip CMakeFiles/cmTC_2cc94.dir/CMakeCXXCompilerABI.cpp.o -version -fasynchronous-unwind-tables -o /tmp/ccUx3IaW.s
GNU C++14 (Debian 10.2.1-6) version 10.2.1 20210110 (x86_64-linux-gnu)
	compiled by GNU C version 10.2.1 20210110, GMP version 6.2.1, MPFR version 4.1.0, MPC version 1.2.0, isl version isl-0.23-GMP

GGC heuristics: --param ggc-min-expand=100 --param ggc-min-heapsize=131072
ignoring duplicate directory "/usr/include/x86_64-linux-gnu/c++/10"
ignoring nonexistent directory "/usr/local/include/x86_64-linux-gnu"
ignoring nonexistent directory "/usr/lib/gcc/x86_64-linux-gnu/10/include-fixed"
ignoring nonexistent directory "/usr/lib/gcc/x86_64-linux-gnu/10/../../../../x86_64-linux-gnu/include"
#include "..." search starts here:
#include <...> search starts here:
 /usr/include/c++/10
 /usr/include/x86_64-linux-gnu/c++/10
 /usr/include/c++/10/backward
 /usr/lib/gcc/x86_64-linux-gnu/10/include
 /usr/local/include
 /usr/include/x86_64-linux-gnu
 /usr/include
End of search list.
GNU C++14 (Debian 10.2.1-6) version 10.2.1 20210110 (x86_64-linux-gnu)
	compiled by GNU C version 10.2.1 20210110, GMP version 6.2.1, MPFR version 4.1.0, MPC version 1.2.0, isl version isl-0.23-GMP

GGC heuristics: --param ggc-min-expand=100 --param ggc-min-heapsize=131072
Compiler executable checksum: 048fcaee3460a99eb0d68522358720e1
COLLECT_GCC_OPTIONS='-v' '-o' 'CMakeFiles/cmTC_2cc94.dir/CMakeCXXCompilerABI.cpp.o' '-c' '-shared-libgcc' '-mtune=generic' '-march=x86-64'
 as -v --64 -o CMakeFiles/cmTC_2cc94.dir/CMakeCXXCompilerABI.cpp.o /tmp/ccUx3IaW.s
GNU assembler version 2.35.2 (x86_64-linux-gnu) using BFD version (GNU Binutils for Debian) 2.35.2
COMPILER_PATH=/usr/lib/gcc/x86_64-linux-gnu/10/:/usr/lib/gcc/x86_64-linux-gnu/10/:/usr/lib/gcc/x86_64-linux-gnu/:/usr/lib/gcc/x86_64-linux-gnu/10/:/usr/lib/gcc/x86_64-linux-gnu/
LIBRARY_PATH=/usr/lib/gcc/x86_64-linux-gnu/10/:/usr/lib/gcc/x86_64-linux-gnu/10/../../../x86_64-linux-gnu/:/usr/lib/gcc/x86_64-linux-gnu/10/../../../../lib/:/lib/x86_64-linux-gnu/:/lib/../lib/:/usr/lib/x86_64-linux-gnu/:/usr/lib/../lib/:/usr/lib/gcc/x86_64-linux-gnu/10/../../../:/lib/:/usr/lib/
COLLECT_GCC_OPTIONS='-v' '-o' 'CMakeFiles/cmTC_2cc94.dir/CMakeCXXCompilerABI.cpp.o' '-c' '-shared-libgcc' '-mtune=generic' '-march=x86-64'
Linking CXX executable cmTC_2cc94
/usr/bin/cmake -E cmake_link_script CMakeFiles/cmTC_2cc94.dir/link.txt --verbose=1
/usr/bin/c++  -v CMakeFiles/cmTC_2cc94.dir/CMakeCXXCompilerABI.cpp.o -o cmTC_2cc94 
Using built-in specs.
COLLECT_GCC=/usr/bin/c++
COLLECT_LTO_WRAPPER=/usr/lib/gcc/x86_64-linux-gnu/10/lto-wrapper
OFFLOAD_TARGET_NAMES=nvptx-none:amdgcn-amdhsa:hsa
OFFLOAD_TARGET_DEFAULT=1
Target: x86_64-linux-gnu
Configured with: ../src/configure -v --with-pkgversion='Debian 10.2.1-6' --with-bugurl=file:///usr/share/doc/gcc-10/README.Bugs --enable-languages=c,ada,c++,go,brig,d,fortran,objc,obj-c++,m2 --prefix=/usr --with-gcc-major-version-only --program-suffix=-10 --program-prefix=x86_64-linux-gnu- --enable-shared --enable-linker-build-id --libexecdir=/usr/lib --without-included-gettext --enable-threads=posix --libdir=/usr/lib --enable-nls --enable-bootstrap --enable-clocale=gnu --enable-libstdcxx-debug --enable-libstdcxx-time=yes --with-default-libstdcxx-abi=new --enable-gnu-unique-object --disable-vtable-verify --enable-plugin --enable-default-pie --with-system-zlib --enable-libphobos-checking=release --with-target-system-zlib=auto --enable-objc-gc=auto --enable-multiarch --disable-werror --with-arch-32=i686 --with-abi=m64 --with-multilib-list=m32,m64,mx32 --enable-multilib --with-tune=generic --enable-offload-targets=nvptx-none=/build/gcc-10-Km9U7s/gcc-10-10.2.1/debian/tmp-nvptx/usr,amdgcn-amdhsa=/build/gcc-10-Km9U7s/gcc-10-10.2.1/debian/tmp-gcn/usr,hsa --without-cuda-driver --enable-checking=release --build=x86_64-linux-gnu --host=x86_64-linux-gnu --target=x86_64-linux-gnu --with-build-config=bootstrap-lto-lean --enable-link-mutex
Thread model: posix
Supported LTO compression algorithms: zlib zstd
gcc version 10.2.1 20210110 (Debian 10.2.1-6) 
COMPILER_PATH=/usr/lib/gcc/x86_64-linux-gnu/10/:/usr/lib/gcc/x86_64-linux-gnu/10/:/usr/lib/gcc/x86_64-linux-gnu/:/usr/lib/gcc/x86_64-linux-gnu/10/:/usr/lib/gcc/x86_64-linux-gnu/
LIBRARY_PATH=/usr/lib/gcc/x86_64-linux-gnu/10/:/usr/lib/gcc/x86_64-linux-gnu/10/../../../x86_64-linux-gnu/:/usr/lib/gcc/x86_64-linux-gnu/10/../../../../lib/:/lib/x86_64-linux-gnu/:/lib/../lib/:/usr/lib/x86_64-linux-gnu/:/usr/lib/../lib/:/usr/lib/gcc/x86_64-linux-gnu/10/../../../:/lib/:/usr/lib/
COLLECT_GCC_OPTIONS='-v' '-o' 'cmTC_2cc94' '-shared-libgcc' '-mtune=generic' '-march=x86-64'
 /usr/lib/gcc/x86_64-linux-gnu/10/collect2 -plugin /usr/lib/gcc/x86_64-linux-gnu/10/liblto_plugin.so -plugin-opt=/usr/lib/gcc/x86_64-linux-gnu/10/lto-wrapper -plugin-opt=-fresolution=/tmp/ccGsmJyq.res -plugin-opt=-pass-through=-lgcc_s -plugin-opt=-pass-through=-lgcc -plugin-opt=-pass-through=-lc -plugin-opt=-pass-through=-lgcc_s -plugin-opt=-pass-through=-lgcc --build-id --eh-frame-hdr -m elf_x86_64 --hash-style=gnu --as-needed -dynamic-linker /lib64/ld-linux-x86-64.so.2 -pie -o cmTC_2cc94 /usr/lib/gcc/x86_64-linux-gnu/10/../../../x86_64-linux-gnu/Scrt1.o /usr/lib/gcc/x86_64-linux-gnu/10/../../../x86_64-linux-gnu/crti.o /usr/lib/gcc/x86_64-linux-gnu/10/crtbeginS.o -L/usr/lib/gcc/x86_64-linux-gnu/10 -L/usr/lib/gcc/x86_64-linux-gnu/10/../../../x86_64-linux-gnu -L/usr/lib/gcc/x86_64-linux-gnu/10/../../../../lib -L/lib/x86_64-linux-gnu -L/lib/../lib -L/usr/lib/x86_64-linux-gnu -L/usr/lib/../lib -L/usr/lib/gcc/x86_64-linux-gnu/10/../../.. CMakeFiles/cmTC_2cc94.dir/CMakeCXXCompilerABI.cpp.o -lstdc++ -lm -lgcc_s -lgcc -lc -lgcc_s -lgcc /usr/lib/gcc/x86_64-linux-gnu/10/crtendS.o /usr/lib/gcc/x86_64-linux-gnu/10/../../../x86_64-linux-gnu/crtn.o
COLLECT_GCC_OPTIONS='-v' '-o' 'cmTC_2cc94' '-shared-libgcc' '-mtune=generic' '-march=x86-64'
gmake[1]: Leaving directory '/home/ion/src/cuems/xjadeo/build/CMakeFiles/CMakeTmp'



Parsed CXX implicit include dir info from above output: rv=done
  found start of include info
  found start of implicit include info
    add: [/usr/include/c++/10]
    add: [/usr/include/x86_64-linux-gnu/c++/10]
    add: [/usr/include/c++/10/backward]
    add: [/usr/lib/gcc/x86_64-linux-gnu/10/include]
    add: [/usr/local/include]
    add: [/usr/include/x86_64-linux-gnu]
    add: [/usr/include]
  end of search list found
  collapse include dir [/usr/include/c++/10] ==> [/usr/include/c++/10]
  collapse include dir [/usr/include/x86_64-linux-gnu/c++/10] ==> [/usr/include/x86_64-linux-gnu/c++/10]
  collapse include dir [/usr/include/c++/10/backward] ==> [/usr/include/c++/10/backward]
  collapse include dir [/usr/lib/gcc/x86_64-linux-gnu/10/include] ==> [/usr/lib/gcc/x86_64-linux-gnu/10/include]
  collapse include dir [/usr/local/include] ==> [/usr/local/include]
  collapse include dir [/usr/include/x86_64-linux-gnu] ==> [/usr/include/x86_64-linux-gnu]
  collapse include dir [/usr/include] ==> [/usr/include]
  implicit include dirs: [/usr/include/c++/10;/usr/include/x86_64-linux-gnu/c++/10;/usr/include/c++/10/backward;/usr/lib/gcc/x86_64-linux-gnu/10/include;/usr/local/include;/usr/include/x86_64-linux-gnu;/usr/include]


Parsed CXX implicit link information from above output:
  link line regex: [^( *|.*[/\])(ld|CMAKE_LINK_STARTFILE-NOTFOUND|([^/\]+-)?ld|collect2)[^/\]*( |$)]
  ignore line: [Change Dir: /home/ion/src/cuems/xjadeo/build/CMakeFiles/CMakeTmp]
  ignore line: []
  ignore line: [Run Build Command(s):/usr/bin/gmake cmTC_2cc94/fast && /usr/bin/gmake  -f CMakeFiles/cmTC_2cc94.dir/build.make CMakeFiles/cmTC_2cc94.dir/build]
  ignore line: [gmake[1]: Entering directory '/home/ion/src/cuems/xjadeo/build/CMakeFiles/CMakeTmp']
  ignore line: [Building CXX object CMakeFiles/cmTC_2cc94.dir/CMakeCXXCompilerABI.cpp.o]
  ignore line: [/usr/bin/c++   -v -o CMakeFiles/cmTC_2cc94.dir/CMakeCXXCompilerABI.cpp.o -c /usr/share/cmake-3.18/Modules/CMakeCXXCompilerABI.cpp]
  ignore line: [Using built-in specs.]
  ignore line: [COLLECT_GCC=/usr/bin/c++]
  ignore line: [OFFLOAD_TARGET_NAMES=nvptx-none:amdgcn-amdhsa:hsa]
  ignore line: [OFFLOAD_TARGET_DEFAULT=1]
  ignore line: [Target: x86_64-linux-gnu]
  ignore line: [Configured with: ../src/configure -v --with-pkgversion='Debian 10.2.1-6' --with-bugurl=file:///usr/share/doc/gcc-10/README.Bugs --enable-languages=c ada c++ go brig d fortran objc obj-c++ m2 --prefix=/usr --with-gcc-major-version-only --program-suffix=-10 --program-prefix=x86_64-linux-gnu- --enable-shared --enable-linker-build-id --libexecdir=/usr/lib --without-included-gettext --enable-threads=posix --libdir=/usr/lib --enable-nls --enable-bootstrap --enable-clocale=gnu --enable-libstdcxx-debug --enable-libstdcxx-time=yes --with-default-libstdcxx-abi=new --enable-gnu-unique-object --disable-vtable-verify --enable-plugin --enable-default-pie --with-system-zlib --enable-libphobos-checking=release --with-target-system-zlib=auto --enable-objc-gc=auto --enable-multiarch --disable-werror --with-arch-32=i686 --with-abi=m64 --with-multilib-list=m32 m64 mx32 --enable-multilib --with-tune=generic --enable-offload-targets=nvptx-none=/build/gcc-10-Km9U7s/gcc-10-10.2.1/debian/tmp-nvptx/usr amdgcn-amdhsa=/build/gcc-10-Km9U7s/gcc-10-10.2.1/debian/tmp-gcn/usr hsa --without-cuda-driver --enable-checking=release --build=x86_64-linux-gnu --host=x86_64-linux-gnu --target=x86_64-linux-gnu --with-build-config=bootstrap-lto-lean --enable-link-mutex]
  ignore line: [Thread model: posix]
  ignore line: [Supported LTO compression algorithms: zlib zstd]
  ignore line: [gcc version 10.2.1 20210110 (Debian 10.2.1-6) ]
  ignore line: [COLLECT_GCC_OPTIONS='-v' '-o' 'CMakeFiles/cmTC_2cc94.dir/CMakeCXXCompilerABI.cpp.o' '-c' '-shared-libgcc' '-mtune=generic' '-march=x86-64']
  ignore line: [ /usr/lib/gcc/x86_64-linux-gnu/10/cc1plus -quiet -v -imultiarch x86_64-linux-gnu -D_GNU_SOURCE /usr/share/cmake-3.18/Modules/CMakeCXXCompilerABI.cpp -quiet -dumpbase CMakeCXXCompilerABI.cpp -mtune=generic -march=x86-64 -auxbase-strip CMakeFiles/cmTC_2cc94.dir/CMakeCXXCompilerABI.cpp.o -version -fasynchronous-unwind-tables -o /tmp/ccUx3IaW.s]
  ignore line: [GNU C++14 (Debian 10.2.1-6) version 10.2.1 20210110 (x86_64-linux-gnu)]
  ignore line: [	compiled by GNU C version 10.2.1 20210110  GMP version 6.2.1  MPFR version 4.1.0  MPC version 1.2.0  isl version isl-0.23-GMP]
  ignore line: []
  ignore line: [GGC heuristics: --param ggc-min-expand=100 --param ggc-min-heapsize=131072]
  ignore line: [ignoring duplicate directory "/usr/include/x86_64-linux-gnu/c++/10"]
  ignore line: [ignoring nonexistent directory "/usr/local/include/x86_64-linux-gnu"]
  ignore line: [ignoring nonexistent directory "/usr/lib/gcc/x86_64-linux-gnu/10/include-fixed"]
  ignore line: [ignoring nonexistent directory "/usr/lib/gcc/x86_64-linux-gnu/10/../../../../x86_64-linux-gnu/include"]
  ignore line: [#include "..." search starts here:]
  ignore line: [#include <...> search starts here:]
  ignore line: [ /usr/include/c++/10]
  ignore line: [ /usr/include/x86_64-linux-gnu/c++/10]
  ignore line: [ /usr/include/c++/10/backward]
  ignore line: [ /usr/lib/gcc/x86_64-linux-gnu/10/include]
  ignore line: [ /usr/local/include]
  ignore line: [ /usr/include/x86_64-linux-gnu]
  ignore line: [ /usr/include]
  ignore line: [End of search list.]
  ignore line: [GNU C++14 (Debian 10.2.1-6) version 10.2.1 20210110 (x86_64-linux-gnu)]
  ignore line: [	compiled by GNU C version 10.2.1 20210110  GMP version 6.2.1  MPFR version 4.1.0  MPC version 1.2.0  isl version isl-0.23-GMP]
  ignore line: []
  ignore line: [GGC heuristics: --param ggc-min-expand=100 --param ggc-min-heapsize=131072]
  ignore line: [Compiler executable checksum: 048fcaee3460a99eb0d68522358720e1]
  ignore line: [COLLECT_GCC_OPTIONS='-v' '-o' 'CMakeFiles/cmTC_2cc94.dir/CMakeCXXCompilerABI.cpp.o' '-c' '-shared-libgcc' '-mtune=generic' '-march=x86-64']
  ignore line: [ as -v --64 -o CMakeFiles/cmTC_2cc94.dir/CMakeCXXCompilerABI.cpp.o /tmp/ccUx3IaW.s]
  ignore line: [GNU assembler version 2.35.2 (x86_64-linux-gnu) using BFD version (GNU Binutils for Debian) 2.35.2]
  ignore line: [COMPILER_PATH=/usr/lib/gcc/x86_64-linux-gnu/10/:/usr/lib/gcc/x86_64-linux-gnu/10/:/usr/lib/gcc/x86_64-linux-gnu/:/usr/lib/gcc/x86_64-linux-gnu/10/:/usr/lib/gcc/x86_64-linux-gnu/]
  ignore line: [LIBRARY_PATH=/usr/lib/gcc/x86_64-linux-gnu/10/:/usr/lib/gcc/x86_64-linux-gnu/10/../../../x86_64-linux-gnu/:/usr/lib/gcc/x86_64-linux-gnu/10/../../../../lib/:/lib/x86_64-linux-gnu/:/lib/../lib/:/usr/lib/x86_64-linux-gnu/:/usr/lib/../lib/:/usr/lib/gcc/x86_64-linux-gnu/10/../../../:/lib/:/usr/lib/]
  ignore line: [COLLECT_GCC_OPTIONS='-v' '-o' 'CMakeFiles/cmTC_2cc94.dir/CMakeCXXCompilerABI.cpp.o' '-c' '-shared-libgcc' '-mtune=generic' '-march=x86-64']
  ignore line: [Linking CXX executable cmTC_2cc94]
  ignore line: [/usr/bin/cmake -E cmake_link_script CMakeFiles/cmTC_2cc94.dir/link.txt --verbose=1]
  ignore line: [/usr/bin/c++  -v CMakeFiles/cmTC_2cc94.dir/CMakeCXXCompilerABI.cpp.o -o cmTC_2cc94 ]
  ignore line: [Using built-in specs.]
  ignore line: [COLLECT_GCC=/usr/bin/c++]
  ignore line: [COLLECT_LTO_WRAPPER=/usr/lib/gcc/x86_64-linux-gnu/10/lto-wrapper]
  ignore line: [OFFLOAD_TARGET_NAMES=nvptx-none:amdgcn-amdhsa:hsa]
  ignore line: [OFFLOAD_TARGET_DEFAULT=1]
  ignore line: [Target: x86_64-linux-gnu]
  ignore line: [Configured with: ../src/configure -v --with-pkgversion='Debian 10.2.1-6' --with-bugurl=file:///usr/share/doc/gcc-10/README.Bugs --enable-languages=c ada c++ go brig d fortran objc obj-c++ m2 --prefix=/usr --with-gcc-major-version-only --program-suffix=-10 --program-prefix=x86_64-linux-gnu- --enable-shared --enable-linker-build-id --libexecdir=/usr/lib --without-included-gettext --enable-threads=posix --libdir=/usr/lib --enable-nls --enable-bootstrap --enable-clocale=gnu --enable-libstdcxx-debug --enable-libstdcxx-time=yes --with-default-libstdcxx-abi=new --enable-gnu-unique-object --disable-vtable-verify --enable-plugin --enable-default-pie --with-system-zlib --enable-libphobos-checking=release --with-target-system-zlib=auto --enable-objc-gc=auto --enable-multiarch --disable-werror --with-arch-32=i686 --with-abi=m64 --with-multilib-list=m32 m64 mx32 --enable-multilib --with-tune=generic --enable-offload-targets=nvptx-none=/build/gcc-10-Km9U7s/gcc-10-10.2.1/debian/tmp-nvptx/usr amdgcn-amdhsa=/build/gcc-10-Km9U7s/gcc-10-10.2.1/debian/tmp-gcn/usr hsa --without-cuda-driver --enable-checking=release --build=x86_64-linux-gnu --host=x86_64-linux-gnu --target=x86_64-linux-gnu --with-build-config=bootstrap-lto-lean --enable-link-mutex]
  ignore line: [Thread model: posix]
  ignore line: [Supported LTO compression algorithms: zlib zstd]
  ignore line: [gcc version 10.2.1 20210110 (Debian 10.2.1-6) ]
  ignore line: [COMPILER_PATH=/usr/lib/gcc/x86_64-linux-gnu/10/:/usr/lib/gcc/x86_64-linux-gnu/10/:/usr/lib/gcc/x86_64-linux-gnu/:/usr/lib/gcc/x86_64-linux-gnu/10/:/usr/lib/gcc/x86_64-linux-gnu/]
  ignore line: [LIBRARY_PATH=/usr/lib/gcc/x86_64-linux-gnu/10/:/usr/lib/gcc/x86_64-linux-gnu/10/../../../x86_64-linux-gnu/:/usr/lib/gcc/x86_64-linux-gnu/10/../../../../lib/:/lib/x86_64-linux-gnu/:/lib/../lib/:/usr/lib/x86_64-linux-gnu/:/usr/lib/../lib/:/usr/lib/gcc/x86_64-linux-gnu/10/../../../:/lib/:/usr/lib/]
  ignore line: [COLLECT_GCC_OPTIONS='-v' '-o' 'cmTC_2cc94' '-shared-libgcc' '-mtune=generic' '-march=x86-64']
  link line: [ /usr/lib/gcc/x86_64-linux-gnu/10/collect2 -plugin /usr/lib/gcc/x86_64-linux-gnu/10/liblto_plugin.so -plugin-opt=/usr/lib/gcc/x86_64-linux-gnu/10/lto-wrapper -plugin-opt=-fresolution=/tmp/ccGsmJyq.res -plugin-opt=-pass-through=-lgcc_s -plugin-opt=-pass-through=-lgcc -plugin-opt=-pass-through=-lc -plugin-opt=-pass-through=-lgcc_s -plugin-opt=-pass-through=-lgcc --build-id --eh-frame-hdr -m elf_x86_64 --hash-style=gnu --as-needed -dynamic-linker /lib64/ld-linux-x86-64.so.2 -pie -o cmTC_2cc94 /usr/lib/gcc/x86_64-linux-gnu/10/../../../x86_64-linux-gnu/Scrt1.o /usr/lib/gcc/x86_64-linux-gnu/10/../../../x86_64-linux-gnu/crti.o /usr/lib/gcc/x86_64-linux-gnu/10/crtbeginS.o -L/usr/lib/gcc/x86_64-linux-gnu/10 -L/usr/lib/gcc/x86_64-linux-gnu/10/../../../x86_64-linux-gnu -L/usr/lib/gcc/x86_64-linux-gnu/10/../../../../lib -L/lib/x86_64-linux-gnu -L/lib/../lib -L/usr/lib/x86_64-linux-gnu -L/usr/lib/../lib -L/usr/lib/gcc/x86_64-linux-gnu/10/../../.. CMakeFiles/cmTC_2cc94.dir/CMakeCXXCompilerABI.cpp.o -lstdc++ -lm -lgcc_s -lgcc -lc -lgcc_s -lgcc /usr/lib/gcc/x86_64-linux-gnu/10/crtendS.o /usr/lib/gcc/x86_64-linux-gnu/10/../../../x86_64-linux-gnu/crtn.o]
    arg [/usr/lib/gcc/x86_64-linux-gnu/10/collect2] ==> ignore
    arg [-plugin] ==> ignore
    arg [/usr/lib/gcc/x86_64-linux-gnu/10/liblto_plugin.so] ==> ignore
    arg [-plugin-opt=/usr/lib/gcc/x86_64-linux-gnu/10/lto-wrapper] ==> ignore
    arg [-plugin-opt=-fresolution=/tmp/ccGsmJyq.res] ==> ignore
    arg [-plugin-opt=-pass-through=-lgcc_s] ==> ignore
    arg [-plugin-opt=-pass-through=-lgcc] ==> ignore
    arg [-plugin-opt=-pass-through=-lc] ==> ignore
    arg [-plugin-opt=-pass-through=-lgcc_s] ==> ignore
    arg [-plugin-opt=-pass-through=-lgcc] ==> ignore
    arg [--build-id] ==> ignore
    arg [--eh-frame-hdr] ==> ignore
    arg [-m] ==> ignore
    arg [elf_x86_64] ==> ignore
    arg [--hash-style=gnu] ==> ignore
    arg [--as-needed] ==> ignore
    arg [-dynamic-linker] ==> ignore
    arg [/lib64/ld-linux-x86-64.so.2] ==> ignore
    arg [-pie] ==> ignore
    arg [-o] ==> ignore
    arg [cmTC_2cc94] ==> ignore
    arg [/usr/lib/gcc/x86_64-linux-gnu/10/../../../x86_64-linux-gnu/Scrt1.o] ==> ignore
    arg [/usr/lib/gcc/x86_64-linux-gnu/10/../../../x86_64-linux-gnu/crti.o] ==> ignore
    arg [/usr/lib/gcc/x86_64-linux-gnu/10/crtbeginS.o] ==> ignore
    arg [-L/usr/lib/gcc/x86_64-linux-gnu/10] ==> dir [/usr/lib/gcc/x86_64-linux-gnu/10]
    arg [-L/usr/lib/gcc/x86_64-linux-gnu/10/../../../x86_64-linux-gnu] ==> dir [/usr/lib/gcc/x86_64-linux-gnu/10/../../../x86_64-linux-gnu]
    arg [-L/usr/lib/gcc/x86_64-linux-gnu/10/../../../../lib] ==> dir [/usr/lib/gcc/x86_64-linux-gnu/10/../../../../lib]
    arg [-L/lib/x86_64-linux-gnu] ==> dir [/lib/x86_64-linux-gnu]
    arg [-L/lib/../lib] ==> dir [/lib/../lib]
    arg [-L/usr/lib/x86_64-linux-gnu] ==> dir [/usr/lib/x86_64-linux-gnu]
    arg [-L/usr/lib/../lib] ==> dir [/usr/lib/../lib]
    arg [-L/usr/lib/gcc/x86_64-linux-gnu/10/../../..] ==> dir [/usr/lib/gcc/x86_64-linux-gnu/10/../../..]
    arg [CMakeFiles/cmTC_2cc94.dir/CMakeCXXCompilerABI.cpp.o] ==> ignore
    arg [-lstdc++] ==> lib [stdc++]
    arg [-lm] ==> lib [m]
    arg [-lgcc_s] ==> lib [gcc_s]
    arg [-lgcc] ==> lib [gcc]
    arg [-lc] ==> lib [c]
    arg [-lgcc_s] ==> lib [gcc_s]
    arg [-lgcc] ==> lib [gcc]
    arg [/usr/lib/gcc/x86_64-linux-gnu/10/crtendS.o] ==> ignore
    arg [/usr/lib/gcc/x86_64-linux-gnu/10/../../../x86_64-linux-gnu/crtn.o] ==> ignore
  collapse library dir [/usr/lib/gcc/x86_64-linux-gnu/10] ==> [/usr/lib/gcc/x86_64-linux-gnu/10]
  collapse library dir [/usr/lib/gcc/x86_64-linux-gnu/10/../../../x86_64-linux-gnu] ==> [/usr/lib/x86_64-linux-gnu]
  collapse library dir [/usr/lib/gcc/x86_64-linux-gnu/10/../../../../lib] ==> [/usr/lib]
  collapse library dir [/lib/x86_64-linux-gnu] ==> [/lib/x86_64-linux-gnu]
  collapse library dir [/lib/../lib] ==> [/lib]
  collapse library dir [/usr/lib/x86_64-linux-gnu] ==> [/usr/lib/x86_64-linux-gnu]
  collapse library dir [/usr/lib/../lib] ==> [/usr/lib]
  collapse library dir [/usr/lib/gcc/x86_64-linux-gnu/10/../../..] ==> [/usr/lib]
  implicit libs: [stdc++;m;gcc_s;gcc;c;gcc_s;gcc]
  implicit dirs: [/usr/lib/gcc/x86_64-linux-gnu/10;/usr/lib/x86_64-linux-gnu;/usr/lib;/lib/x86_64-linux-gnu;/lib]
  implicit fwks: []


Determining if the function XOpenDisplay exists in the /usr/lib/x86_64-linux-gnu/libX11.so;/usr/lib/x86_64-linux-gnu/libXext.so passed with the following output:
Change Dir: /home/ion/src/cuems/xjadeo/build/CMakeFiles/CMakeTmp

Run Build Command(s):/usr/bin/gmake cmTC_48283/fast && /usr/bin/gmake  -f CMakeFiles/cmTC_48283.dir/build.make CMakeFiles/cmTC_48283.dir/build
gmake[1]: Entering directory '/home/ion/src/cuems/xjadeo/build/CMakeFiles/CMakeTmp'
Building C object CMakeFiles/cmTC_48283.dir/CheckFunctionExists.c.o
/usr/bin/cc   -Wall -g -O3 -pthread -DCHECK_FUNCTION_EXISTS=XOpenDisplay -o CMakeFiles/cmTC_48283.dir/CheckFunctionExists.c.o -c /usr/share/cmake-3.18/Modules/CheckFunctionExists.c
Linking C executable cmTC_48283
/usr/bin/cmake -E cmake_link_script CMakeFiles/cmTC_48283.dir/link.txt --verbose=1
/usr/bin/cc  -Wall -g -O3 -pthread -DCHECK_FUNCTION_EXISTS=XOpenDisplay CMakeFiles/cmTC_48283.dir/CheckFunctionExists.c.o -o cmTC_48283  /usr/lib/x86_64-linux-gnu/libX11.so /usr/lib/x86_64-linux-gnu/libXext.so 
gmake[1]: Leaving directory '/home/ion/src/cuems/xjadeo/build/CMakeFiles/CMakeTmp'



Determining if the function gethostbyname exists passed with the following output:
Change Dir: /home/ion/src/cuems/xjadeo/build/CMakeFiles/CMakeTmp

Run Build Command(s):/usr/bin/gmake cmTC_4624d/fast && /usr/bin/gmake  -f CMakeFiles/cmTC_4624d.dir/build.make CMakeFiles/cmTC_4624d.dir/build
gmake[1]: Entering directory '/home/ion/src/cuems/xjadeo/build/CMakeFiles/CMakeTmp'
Building C object CMakeFiles/cmTC_4624d.dir/CheckFunctionExists.c.o
/usr/bin/cc   -Wall -g -O3 -pthread -DCHECK_FUNCTION_EXISTS=gethostbyname -o CMakeFiles/cmTC_4624d.dir/CheckFunctionExists.c.o -c /usr/share/cmake-3.18/Modules/CheckFunctionExists.c
Linking C executable cmTC_4624d
/usr/bin/cmake -E cmake_link_script CMakeFiles/cmTC_4624d.dir/link.txt --verbose=1
/usr/bin/cc  -Wall -g -O3 -pthread -DCHECK_FUNCTION_EXISTS=gethostbyname CMakeFiles/cmTC_4624d.dir/CheckFunctionExists.c.o -o cmTC_4624d 
gmake[1]: Leaving directory '/home/ion/src/cuems/xjadeo/build/CMakeFiles/CMakeTmp'



Determining if the function connect exists passed with the following output:
Change Dir: /home/ion/src/cuems/xjadeo/build/CMakeFiles/CMakeTmp

Run Build Command(s):/usr/bin/gmake cmTC_1cec5/fast && /usr/bin/gmake  -f CMakeFiles/cmTC_1cec5.dir/build.make CMakeFiles/cmTC_1cec5.dir/build
gmake[1]: Entering directory '/home/ion/src/cuems/xjadeo/build/CMakeFiles/CMakeTmp'
Building C object CMakeFiles/cmTC_1cec5.dir/CheckFunctionExists.c.o
/usr/bin/cc   -Wall -g -O3 -pthread -DCHECK_FUNCTION_EXISTS=connect -o CMakeFiles/cmTC_1cec5.dir/CheckFunctionExists.c.o -c /usr/share/cmake-3.18/Modules/CheckFunctionExists.c
Linking C executable cmTC_1cec5
/usr/bin/cmake -E cmake_link_script CMakeFiles/cmTC_1cec5.dir/link.txt --verbose=1
/usr/bin/cc  -Wall -g -O3 -pthread -DCHECK_FUNCTION_EXISTS=connect CMakeFiles/cmTC_1cec5.dir/CheckFunctionExists.c.o -o cmTC_1cec5 
gmake[1]: Leaving directory '/home/ion/src/cuems/xjadeo/build/CMakeFiles/CMakeTmp'



Determining if the function remove exists passed with the following output:
Change Dir: /home/ion/src/cuems/xjadeo/build/CMakeFiles/CMakeTmp

Run Build Command(s):/usr/bin/gmake cmTC_78ac7/fast && /usr/bin/gmake  -f CMakeFiles/cmTC_78ac7.dir/build.make CMakeFiles/cmTC_78ac7.dir/build
gmake[1]: Entering directory '/home/ion/src/cuems/xjadeo/build/CMakeFiles/CMakeTmp'
Building C object CMakeFiles/cmTC_78ac7.dir/CheckFunctionExists.c.o
/usr/bin/cc   -Wall -g -O3 -pthread -DCHECK_FUNCTION_EXISTS=remove -o CMakeFiles/cmTC_78ac7.dir/CheckFunctionExists.c.o -c /usr/share/cmake-3.18/Modules/CheckFunctionExists.c
Linking C executable cmTC_78ac7
/usr/bin/cmake -E cmake_link_script CMakeFiles/cmTC_78ac7.dir/link.txt --verbose=1
/usr/bin/cc  -Wall -g -O3 -pthread -DCHECK_FUNCTION_EXISTS=remove CMakeFiles/cmTC_78ac7.dir/CheckFunctionExists.c.o -o cmTC_78ac7 
gmake[1]: Leaving directory '/home/ion/src/cuems/xjadeo/build/CMakeFiles/CMakeTmp'



Determining if the function shmat exists passed with the following output:
Change Dir: /home/ion/src/cuems/xjadeo/build/CMakeFiles/CMakeTmp

Run Build Command(s):/usr/bin/gmake cmTC_17a6c/fast && /usr/bin/gmake  -f CMakeFiles/cmTC_17a6c.dir/build.make CMakeFiles/cmTC_17a6c.dir/build
gmake[1]: Entering directory '/home/ion/src/cuems/xjadeo/build/CMakeFiles/CMakeTmp'
Building C object CMakeFiles/cmTC_17a6c.dir/CheckFunctionExists.c.o
/usr/bin/cc   -Wall -g -O3 -pthread -DCHECK_FUNCTION_EXISTS=shmat -o CMakeFiles/cmTC_17a6c.dir/CheckFunctionExists.c.o -c /usr/share/cmake-3.18/Modules/CheckFunctionExists.c
Linking C executable cmTC_17a6c
/usr/bin/cmake -E cmake_link_script CMakeFiles/cmTC_17a6c.dir/link.txt --verbose=1
/usr/bin/cc  -Wall -g -O3 -pthread -DCHECK_FUNCTION_EXISTS=shmat CMakeFiles/cmTC_17a6c.dir/CheckFunctionExists.c.o -o cmTC_17a6c 
gmake[1]: Leaving directory '/home/ion/src/cuems/xjadeo/build/CMakeFiles/CMakeTmp'



Determining if the function IceConnectionNumber exists in the ICE passed with the following output:
Change Dir: /home/ion/src/cuems/xjadeo/build/CMakeFiles/CMakeTmp

Run Build Command(s):/usr/bin/gmake cmTC_b2826/fast && /usr/bin/gmake  -f CMakeFiles/cmTC_b2826.dir/build.make CMakeFiles/cmTC_b2826.dir/build
gmake[1]: Entering directory '/home/ion/src/cuems/xjadeo/build/CMakeFiles/CMakeTmp'
Building C object CMakeFiles/cmTC_b2826.dir/CheckFunctionExists.c.o
/usr/bin/cc   -Wall -g -O3 -pthread -DCHECK_FUNCTION_EXISTS=IceConnectionNumber -o CMakeFiles/cmTC_b2826.dir/CheckFunctionExists.c.o -c /usr/share/cmake-3.18/Modules/CheckFunctionExists.c
Linking C executable cmTC_b2826
/usr/bin/cmake -E cmake_link_script CMakeFiles/cmTC_b2826.dir/link.txt --verbose=1
/usr/bin/cc  -Wall -g -O3 -pthread -DCHECK_FUNCTION_EXISTS=IceConnectionNumber CMakeFiles/cmTC_b2826.dir/CheckFunctionExists.c.o -o cmTC_b2826  -lICE 
gmake[1]: Leaving directory '/home/ion/src/cuems/xjadeo/build/CMakeFiles/CMakeTmp'



The system is: Linux - 5.10.0-35-amd64 - x86_64
Compiling the C compiler identification source file "CMakeCCompilerId.c" succeeded.
Compiler: /usr/bin/cc 
Build flags: 
Id flags:  

The output was:
0


Compilation of the C compiler identification source "CMakeCCompilerId.c" produced "a.out"

The C compiler identification is GNU, found in "/home/ion/src/cuems/xjadeo/build/CMakeFiles/3.18.4/CompilerIdC/a.out"

Compiling the CXX compiler identification source file "CMakeCXXCompilerId.cpp" succeeded.
Compiler: /usr/bin/c++ 
Build flags: 
Id flags:  

The output was:
0


Compilation of the CXX compiler identification source "CMakeCXXCompilerId.cpp" produced "a.out"

The CXX compiler identification is GNU, found in "/home/ion/src/cuems/xjadeo/build/CMakeFiles/3.18.4/CompilerIdCXX/a.out"

Detecting C compiler ABI info compiled with the following output:
Change Dir: /home/ion/src/cuems/xjadeo/build/CMakeFiles/CMakeTmp

Run Build Command(s):/usr/bin/gmake cmTC_99e57/fast && /usr/bin/gmake  -f CMakeFiles/cmTC_99e57.dir/build.make CMakeFiles/cmTC_99e57.dir/build
gmake[1]: Entering directory '/home/ion/src/cuems/xjadeo/build/CMakeFiles/CMakeTmp'
Building C object CMakeFiles/cmTC_99e57.dir/CMakeCCompilerABI.c.o
/usr/bin/cc   -v -o CMakeFiles/cmTC_99e57.dir/CMakeCCompilerABI.c.o -c /usr/share/cmake-3.18/Modules/CMakeCCompilerABI.c
Using built-in specs.
COLLECT_GCC=/usr/bin/cc
OFFLOAD_TARGET_NAMES=nvptx-none:amdgcn-amdhsa:hsa
OFFLOAD_TARGET_DEFAULT=1
Target: x86_64-linux-gnu
Configured with: ../src/configure -v --with-pkgversion='Debian 10.2.1-6' --with-bugurl=file:///usr/share/doc/gcc-10/README.Bugs --enable-languages=c,ada,c++,go,brig,d,fortran,objc,obj-c++,m2 --prefix=/usr --with-gcc-major-version-only --program-suffix=-10 --program-prefix=x86_64-linux-gnu- --enable-shared --enable-linker-build-id --libexecdir=/usr/lib --without-included-gettext --enable-threads=posix --libdir=/usr/lib --enable-nls --enable-bootstrap --enable-clocale=gnu --enable-libstdcxx-debug --enable-libstdcxx-time=yes --with-default-libstdcxx-abi=new --enable-gnu-unique-object --disable-vtable-verify --enable-plugin --enable-default-pie --with-system-zlib --enable-libphobos-checking=release --with-target-system-zlib=auto --enable-objc-gc=auto --enable-multiarch --disable-werror --with-arch-32=i686 --with-abi=m64 --with-multilib-list=m32,m64,mx32 --enable-multilib --with-tune=generic --enable-offload-targets=nvptx-none=/build/gcc-10-Km9U7s/gcc-10-10.2.1/debian/tmp-nvptx/usr,amdgcn-amdhsa=/build/gcc-10-Km9U7s/gcc-10-10.2.1/debian/tmp-gcn/usr,hsa --without-cuda-driver --enable-checking=release --build=x86_64-linux-gnu --host=x86_64-linux-gnu --target=x86_64-linux-gnu --with-build-config=bootstrap-lto-lean --enable-link-mutex
Thread model: posix
Supported LTO compression algorithms: zlib zstd
gcc version 10.2.1 20210110 (Debian 10.2.1-6) 
COLLECT_GCC_OPTIONS='-v' '-o' 'CMakeFiles/cmTC_99e57.dir/CMakeCCompilerABI.c.o' '-c' '-mtune=generic' '-march=x86-64'
 /usr/lib/gcc/x86_64-linux-gnu/10/cc1 -quiet -v -imultiarch x86_64-linux-gnu /usr/share/cmake-3.18/Modules/CMakeCCompilerABI.c -quiet -dumpbase CMakeCCompilerABI.c -mtune=generic -march=x86-64 -auxbase-strip CMakeFiles/cmTC_99e57.dir/CMakeCCompilerABI.c.o -version -fasynchronous-unwind-tables -o /tmp/ccbJKwEL.s
GNU C17 (Debian 10.2.1-6) version 10.2.1 20210110 (x86_64-linux-gnu)
	compiled by GNU C version 10.2.1 20210110, GMP version 6.2.1, MPFR version 4.1.0, MPC version 1.2.0, isl version isl-0.23-GMP

GGC heuristics: --param ggc-min-expand=100 --param ggc-min-heapsize=131072
ignoring nonexistent directory "/usr/local/include/x86_64-linux-gnu"
ignoring nonexistent directory "/usr/lib/gcc/x86_64-linux-gnu/10/include-fixed"
ignoring nonexistent directory "/usr/lib/gcc/x86_64-linux-gnu/10/../../../../x86_64-linux-gnu/include"
#include "..." search starts here:
#include <...> search starts here:
 /usr/lib/gcc/x86_64-linux-gnu/10/include
 /usr/local/include
 /usr/include/x86_64-linux-gnu
 /usr/include
End of search list.
GNU C17 (Debian 10.2.1-6) version 10.2.1 20210110 (x86_64-linux-gnu)
	compiled by GNU C version 10.2.1 20210110, GMP version 6.2.1, MPFR version 4.1.0, MPC version 1.2.0, isl version isl-0.23-GMP

GGC heuristics: --param ggc-min-expand=100 --param ggc-min-heapsize=131072
Compiler executable checksum: 1f803793fa2e3418c492b25e7d3eac2f
COLLECT_GCC_OPTIONS='-v' '-o' 'CMakeFiles/cmTC_99e57.dir/CMakeCCompilerABI.c.o' '-c' '-mtune=generic' '-march=x86-64'
 as -v --64 -o CMakeFiles/cmTC_99e57.dir/CMakeCCompilerABI.c.o /tmp/ccbJKwEL.s
GNU assembler version 2.35.2 (x86_64-linux-gnu) using BFD version (GNU Binutils for Debian) 2.35.2
COMPILER_PATH=/usr/lib/gcc/x86_64-linux-gnu/10/:/usr/lib/gcc/x86_64-linux-gnu/10/:/usr/lib/gcc/x86_64-linux-gnu/:/usr/lib/gcc/x86_64-linux-gnu/10/:/usr/lib/gcc/x86_64-linux-gnu/
LIBRARY_PATH=/usr/lib/gcc/x86_64-linux-gnu/10/:/usr/lib/gcc/x86_64-linux-gnu/10/../../../x86_64-linux-gnu/:/usr/lib/gcc/x86_64-linux-gnu/10/../../../../lib/:/lib/x86_64-linux-gnu/:/lib/../lib/:/usr/lib/x86_64-linux-gnu/:/usr/lib/../lib/:/usr/lib/gcc/x86_64-linux-gnu/10/../../../:/lib/:/usr/lib/
COLLECT_GCC_OPTIONS='-v' '-o' 'CMakeFiles/cmTC_99e57.dir/CMakeCCompilerABI.c.o' '-c' '-mtune=generic' '-march=x86-64'
Linking C executable cmTC_99e57
/usr/bin/cmake -E cmake_link_script CMakeFiles/cmTC_99e57.dir/link.txt --verbose=1
/usr/bin/cc  -v CMakeFiles/cmTC_99e57.dir/CMakeCCompilerABI.c.o -o cmTC_99e57 
Using built-in specs.
COLLECT_GCC=/usr/bin/cc
COLLECT_LTO_WRAPPER=/usr/lib/gcc/x86_64-linux-gnu/10/lto-wrapper
OFFLOAD_TARGET_NAMES=nvptx-none:amdgcn-amdhsa:hsa
OFFLOAD_TARGET_DEFAULT=1
Target: x86_64-linux-gnu
Configured with: ../src/configure -v --with-pkgversion='Debian 10.2.1-6' --with-bugurl=file:///usr/share/doc/gcc-10/README.Bugs --enable-languages=c,ada,c++,go,brig,d,fortran,objc,obj-c++,m2 --prefix=/usr --with-gcc-major-version-only --program-suffix=-10 --program-prefix=x86_64-linux-gnu- --enable-shared --enable-linker-build-id --libexecdir=/usr/lib --without-included-gettext --enable-threads=posix --libdir=/usr/lib --enable-nls --enable-bootstrap --enable-clocale=gnu --enable-libstdcxx-debug --enable-libstdcxx-time=yes --with-default-libstdcxx-abi=new --enable-gnu-unique-object --disable-vtable-verify --enable-plugin --enable-default-pie --with-system-zlib --enable-libphobos-checking=release --with-target-system-zlib=auto --enable-objc-gc=auto --enable-multiarch --disable-werror --with-arch-32=i686 --with-abi=m64 --with-multilib-list=m32,m64,mx32 --enable-multilib --with-tune=generic --enable-offload-targets=nvptx-none=/build/gcc-10-Km9U7s/gcc-10-10.2.1/debian/tmp-nvptx/usr,amdgcn-amdhsa=/build/gcc-10-Km9U7s/gcc-10-10.2.1/debian/tmp-gcn/usr,hsa --without-cuda-driver --enable-checking=release --build=x86_64-linux-gnu --host=x86_64-linux-gnu --target=x86_64-linux-gnu --with-build-config=bootstrap-lto-lean --enable-link-mutex
Thread model: posix
Supported LTO compression algorithms: zlib zstd
gcc version 10.2.1 20210110 (Debian 10.2.1-6) 
COMPILER_PATH=/usr/lib/gcc/x86_64-linux-gnu/10/:/usr/lib/gcc/x86_64-linux-gnu/10/:/usr/lib/gcc/x86_64-linux-gnu/:/usr/lib/gcc/x86_64-linux-gnu/10/:/usr/lib/gcc/x86_64-linux-gnu/
LIBRARY_PATH=/usr/lib/gcc/x86_64-linux-gnu/10/:/usr/lib/gcc/x86_64-linux-gnu/10/../../../x86_64-linux-gnu/:/usr/lib/gcc/x86_64-linux-gnu/10/../../../../lib/:/lib/x86_64-linux-gnu/:/lib/../lib/:/usr/lib/x86_64-linux-gnu/:/usr/lib/../lib/:/usr/lib/gcc/x86_64-linux-gnu/10/../../../:/lib/:/usr/lib/
COLLECT_GCC_OPTIONS='-v' '-o' 'cmTC_99e57' '-mtune=generic' '-march=x86-64'
 /usr/lib/gcc/x86_64-linux-gnu/10/collect2 -plugin /usr/lib/gcc/x86_64-linux-gnu/10/liblto_plugin.so -plugin-opt=/usr/lib/gcc/x86_64-linux-gnu/10/lto-wrapper -plugin-opt=-fresolution=/tmp/cc84wPRi.res -plugin-opt=-pass-through=-lgcc -plugin-opt=-pass-through=-lgcc_s -plugin-opt=-pass-through=-lc -plugin-opt=-pass-through=-lgcc -plugin-opt=-pass-through=-lgcc_s --build-id --eh-frame-hdr -m elf_x86_64 --hash-style=gnu --as-needed -dynamic-linker /lib64/ld-linux-x86-64.so.2 -pie -o cmTC_99e57 /usr/lib/gcc/x86_64-linux-gnu/10/../../../x86_64-linux-gnu/Scrt1.o /usr/lib/gcc/x86_64-linux-gnu/10/../../../x86_64-linux-gnu/crti.o /usr/lib/gcc/x86_64-linux-gnu/10/crtbeginS.o -L/usr/lib/gcc/x86_64-linux-gnu/10 -L/usr/lib/gcc/x86_64-linux-gnu/10/../../../x86_64-linux-gnu -L/usr/lib/gcc/x86_64-linux-gnu/10/../../../../lib -L/lib/x86_64-linux-gnu -L/lib/../lib -L/usr/lib/x86_64-linux-gnu -L/usr/lib/../lib -L/usr/lib/gcc/x86_64-linux-gnu/10/../../.. CMakeFiles/cmTC_99e57.dir/CMakeCCompilerABI.c.o -lgcc --push-state --as-needed -lgcc_s --pop-state -lc -lgcc --push-state --as-needed -lgcc_s --pop-state /usr/lib/gcc/x86_64-linux-gnu/10/crtendS.o /usr/lib/gcc/x86_64-linux-gnu/10/../../../x86_64-linux-gnu/crtn.o
COLLECT_GCC_OPTIONS='-v' '-o' 'cmTC_99e57' '-mtune=generic' '-march=x86-64'
gmake[1]: Leaving directory '/home/ion/src/cuems/xjadeo/build/CMakeFiles/CMakeTmp'



Parsed C implicit include dir info from above output: rv=done
  found start of include info
  found start of implicit include info
    add: [/usr/lib/gcc/x86_64-linux-gnu/10/include]
    add: [/usr/local/include]
    add: [/usr/include/x86_64-linux-gnu]
    add: [/usr/include]
  end of search list found
  collapse include dir [/usr/lib/gcc/x86_64-linux-gnu/10/include] ==> [/usr/lib/gcc/x86_64-linux-gnu/10/include]
  collapse include dir [/usr/local/include] ==> [/usr/local/include]
  collapse include dir [/usr/include/x86_64-linux-gnu] ==> [/usr/include/x86_64-linux-gnu]
  collapse include dir [/usr/include] ==> [/usr/include]
  implicit include dirs: [/usr/lib/gcc/x86_64-linux-gnu/10/include;/usr/local/include;/usr/include/x86_64-linux-gnu;/usr/include]


Parsed C implicit link information from above output:
  link line regex: [^( *|.*[/\])(ld|CMAKE_LINK_STARTFILE-NOTFOUND|([^/\]+-)?ld|collect2)[^/\]*( |$)]
  ignore line: [Change Dir: /home/ion/src/cuems/xjadeo/build/CMakeFiles/CMakeTmp]
  ignore line: []
  ignore line: [Run Build Command(s):/usr/bin/gmake cmTC_99e57/fast && /usr/bin/gmake  -f CMakeFiles/cmTC_99e57.dir/build.make CMakeFiles/cmTC_99e57.dir/build]
  ignore line: [gmake[1]: Entering directory '/home/ion/src/cuems/xjadeo/build/CMakeFiles/CMakeTmp']
  ignore line: [Building C object CMakeFiles/cmTC_99e57.dir/CMakeCCompilerABI.c.o]
  ignore line: [/usr/bin/cc   -v -o CMakeFiles/cmTC_99e57.dir/CMakeCCompilerABI.c.o -c /usr/share/cmake-3.18/Modules/CMakeCCompilerABI.c]
  ignore line: [Using built-in specs.]
  ignore line: [COLLECT_GCC=/usr/bin/cc]
  ignore line: [OFFLOAD_TARGET_NAMES=nvptx-none:amdgcn-amdhsa:hsa]
  ignore line: [OFFLOAD_TARGET_DEFAULT=1]
  ignore line: [Target: x86_64-linux-gnu]
  ignore line: [Configured with: ../src/configure -v --with-pkgversion='Debian 10.2.1-6' --with-bugurl=file:///usr/share/doc/gcc-10/README.Bugs --enable-languages=c ada c++ go brig d fortran objc obj-c++ m2 --prefix=/usr --with-gcc-major-version-only --program-suffix=-10 --program-prefix=x86_64-linux-gnu- --enable-shared --enable-linker-build-id --libexecdir=/usr/lib --without-included-gettext --enable-threads=posix --libdir=/usr/lib --enable-nls --enable-bootstrap --enable-clocale=gnu --enable-libstdcxx-debug --enable-libstdcxx-time=yes --with-default-libstdcxx-abi=new --enable-gnu-unique-object --disable-vtable-verify --enable-plugin --enable-default-pie --with-system-zlib --enable-libphobos-checking=release --with-target-system-zlib=auto --enable-objc-gc=auto --enable-multiarch --disable-werror --with-arch-32=i686 --with-abi=m64 --with-multilib-list=m32 m64 mx32 --enable-multilib --with-tune=generic --enable-offload-targets=nvptx-none=/build/gcc-10-Km9U7s/gcc-10-10.2.1/debian/tmp-nvptx/usr amdgcn-amdhsa=/build/gcc-10-Km9U7s/gcc-10-10.2.1/debian/tmp-gcn/usr hsa --without-cuda-driver --enable-checking=release --build=x86_64-linux-gnu --host=x86_64-linux-gnu --target=x86_64-linux-gnu --with-build-config=bootstrap-lto-lean --enable-link-mutex]
  ignore line: [Thread model: posix]
  ignore line: [Supported LTO compression algorithms: zlib zstd]
  ignore line: [gcc version 10.2.1 20210110 (Debian 10.2.1-6) ]
  ignore line: [COLLECT_GCC_OPTIONS='-v' '-o' 'CMakeFiles/cmTC_99e57.dir/CMakeCCompilerABI.c.o' '-c' '-mtune=generic' '-march=x86-64']
  ignore line: [ /usr/lib/gcc/x86_64-linux-gnu/10/cc1 -quiet -v -imultiarch x86_64-linux-gnu /usr/share/cmake-3.18/Modules/CMakeCCompilerABI.c -quiet -dumpbase CMakeCCompilerABI.c -mtune=generic -march=x86-64 -auxbase-strip CMakeFiles/cmTC_99e57.dir/CMakeCCompilerABI.c.o -version -fasynchronous-unwind-tables -o /tmp/ccbJKwEL.s]
  ignore line: [GNU C17 (Debian 10.2.1-6) version 10.2.1 20210110 (x86_64-linux-gnu)]
  ignore line: [	compiled by GNU C version 10.2.1 20210110  GMP version 6.2.1  MPFR version 4.1.0  MPC version 1.2.0  isl version isl-0.23-GMP]
  ignore line: []
  ignore line: [GGC heuristics: --param ggc-min-expand=100 --param ggc-min-heapsize=131072]
  ignore line: [ignoring nonexistent directory "/usr/local/include/x86_64-linux-gnu"]
  ignore line: [ignoring nonexistent directory "/usr/lib/gcc/x86_64-linux-gnu/10/include-fixed"]
  ignore line: [ignoring nonexistent directory "/usr/lib/gcc/x86_64-linux-gnu/10/../../../../x86_64-linux-gnu/include"]
  ignore line: [#include "..." search starts here:]
  ignore line: [#include <...> search starts here:]
  ignore line: [ /usr/lib/gcc/x86_64-linux-gnu/10/include]
  ignore line: [ /usr/local/include]
  ignore line: [ /usr/include/x86_64-linux-gnu]
  ignore line: [ /usr/include]
  ignore line: [End of search list.]
  ignore line: [GNU C17 (Debian 10.2.1-6) version 10.2.1 20210110 (x86_64-linux-gnu)]
  ignore line: [	compiled by GNU C version 10.2.1 20210110  GMP version 6.2.1  MPFR version 4.1.0  MPC version 1.2.0  isl version isl-0.23-GMP]
  ignore line: []
  ignore line: [GGC heuristics: --param ggc-min-expand=100 --param ggc-min-heapsize=131072]
  ignore line: [Compiler executable checksum: 1f803793fa2e3418c492b25e7d3eac2f]
  ignore line: [COLLECT_GCC_OPTIONS='-v' '-o' 'CMakeFiles/cmTC_99e57.dir/CMakeCCompilerABI.c.o' '-c' '-mtune=generic' '-march=x86-64']
  ignore line: [ as -v --64 -o CMakeFiles/cmTC_99e57.dir/CMakeCCompilerABI.c.o /tmp/ccbJKwEL.s]
  ignore line: [GNU assembler version 2.35.2 (x86_64-linux-gnu) using BFD version (GNU Binutils for Debian) 2.35.2]
  ignore line: [COMPILER_PATH=/usr/lib/gcc/x86_64-linux-gnu/10/:/usr/lib/gcc/x86_64-linux-gnu/10/:/usr/lib/gcc/x86_64-linux-gnu/:/usr/lib/gcc/x86_64-linux-gnu/10/:/usr/lib/gcc/x86_64-linux-gnu/]
  ignore line: [LIBRARY_PATH=/usr/lib/gcc/x86_64-linux-gnu/10/:/usr/lib/gcc/x86_64-linux-gnu/10/../../../x86_64-linux-gnu/:/usr/lib/gcc/x86_64-linux-gnu/10/../../../../lib/:/lib/x86_64-linux-gnu/:/lib/../lib/:/usr/lib/x86_64-linux-gnu/:/usr/lib/../lib/:/usr/lib/gcc/x86_64-linux-gnu/10/../../../:/lib/:/usr/lib/]
  ignore line: [COLLECT_GCC_OPTIONS='-v' '-o' 'CMakeFiles/cmTC_99e57.dir/CMakeCCompilerABI.c.o' '-c' '-mtune=generic' '-march=x86-64']
  ignore line: [Linking C executable cmTC_99e57]
  ignore line: [/usr/bin/cmake -E cmake_link_script CMakeFiles/cmTC_99e57.dir/link.txt --verbose=1]
  ignore line: [/usr/bin/cc  -v CMakeFiles/cmTC_99e57.dir/CMakeCCompilerABI.c.o -o cmTC_99e57 ]
  ignore line: [Using built-in specs.]
  ignore line: [COLLECT_GCC=/usr/bin/cc]
  ignore line: [COLLECT_LTO_WRAPPER=/usr/lib/gcc/x86_64-linux-gnu/10/lto-wrapper]
  ignore line: [OFFLOAD_TARGET_NAMES=nvptx-none:amdgcn-amdhsa:hsa]
  ignore line: [OFFLOAD_TARGET_DEFAULT=1]
  ignore line: [Target: x86_64-linux-gnu]
  ignore line: [Configured with: ../src/configure -v --with-pkgversion='Debian 10.2.1-6' --with-bugurl=file:///usr/share/doc/gcc-10/README.Bugs --enable-languages=c ada c++ go brig d fortran objc obj-c++ m2 --prefix=/usr --with-gcc-major-version-only --program-suffix=-10 --program-prefix=x86_64-linux-gnu- --enable-shared --enable-linker-build-id --libexecdir=/usr/lib --without-included-gettext --enable-threads=posix --libdir=/usr/lib --enable-nls --enable-bootstrap --enable-clocale=gnu --enable-libstdcxx-debug --enable-libstdcxx-time=yes --with-default-libstdcxx-abi=new --enable-gnu-unique-object --disable-vtable-verify --enable-plugin --enable-default-pie --with-system-zlib --enable-libphobos-checking=release --with-target-system-zlib=auto --enable-objc-gc=auto --enable-multiarch --disable-werror --with-arch-32=i686 --with-abi=m64 --with-multilib-list=m32 m64 mx32 --enable-multilib --with-tune=generic --enable-offload-targets=nvptx-none=/build/gcc-10-Km9U7s/gcc-10-10.2.1/debian/tmp-nvptx/usr amdgcn-amdhsa=/build/gcc-10-Km9U7s/gcc-10-10.2.1/debian/tmp-gcn/usr hsa --without-cuda-driver --enable-checking=release --build=x86_64-linux-gnu --host=x86_64-linux-gnu --target=x86_64-linux-gnu --with-build-config=bootstrap-lto-lean --enable-link-mutex]
  ignore line: [Thread model: posix]
  ignore line: [Supported LTO compression algorithms: zlib zstd]
  ignore line: [gcc version 10.2.1 20210110 (Debian 10.2.1-6) ]
  ignore line: [COMPILER_PATH=/usr/lib/gcc/x86_64-linux-gnu/10/:/usr/lib/gcc/x86_64-linux-gnu/10/:/usr/lib/gcc/x86_64-linux-gnu/:/usr/lib/gcc/x86_64-linux-gnu/10/:/usr/lib/gcc/x86_64-linux-gnu/]
  ignore line: [LIBRARY_PATH=/usr/lib/gcc/x86_64-linux-gnu/10/:/usr/lib/gcc/x86_64-linux-gnu/10/../../../x86_64-linux-gnu/:/usr/lib/gcc/x86_64-linux-gnu/10/../../../../lib/:/lib/x86_64-linux-gnu/:/lib/../lib/:/usr/lib/x86_64-linux-gnu/:/usr/lib/../lib/:/usr/lib/gcc/x86_64-linux-gnu/10/../../../:/lib/:/usr/lib/]
  ignore line: [COLLECT_GCC_OPTIONS='-v' '-o' 'cmTC_99e57' '-mtune=generic' '-march=x86-64']
  link line: [ /usr/lib/gcc/x86_64-linux-gnu/10/collect2 -plugin /usr/lib/gcc/x86_64-linux-gnu/10/liblto_plugin.so -plugin-opt=/usr/lib/gcc/x86_64-linux-gnu/10/lto-wrapper -plugin-opt=-fresolution=/tmp/cc84wPRi.res -plugin-opt=-pass-through=-lgcc -plugin-opt=-pass-through=-lgcc_s -plugin-opt=-pass-through=-lc -plugin-opt=-pass-through=-lgcc -plugin-opt=-pass-through=-lgcc_s --build-id --eh-frame-hdr -m elf_x86_64 --hash-style=gnu --as-needed -dynamic-linker /lib64/ld-linux-x86-64.so.2 -pie -o cmTC_99e57 /usr/lib/gcc/x86_64-linux-gnu/10/../../../x86_64-linux-gnu/Scrt1.o /usr/lib/gcc/x86_64-linux-gnu/10/../../../x86_64-linux-gnu/crti.o /usr/lib/gcc/x86_64-linux-gnu/10/crtbeginS.o -L/usr/lib/gcc/x86_64-linux-gnu/10 -L/usr/lib/gcc/x86_64-linux-gnu/10/../../../x86_64-linux-gnu -L/usr/lib/gcc/x86_64-linux-gnu/10/../../../../lib -L/lib/x86_64-linux-gnu -L/lib/../lib -L/usr/lib/x86_64-linux-gnu -L/usr/lib/../lib -L/usr/lib/gcc/x86_64-linux-gnu/10/../../.. CMakeFiles/cmTC_99e57.dir/CMakeCCompilerABI.c.o -lgcc --push-state --as-needed -lgcc_s --pop-state -lc -lgcc --push-state --as-needed -lgcc_s --pop-state /usr/lib/gcc/x86_64-linux-gnu/10/crtendS.o /usr/lib/gcc/x86_64-linux-gnu/10/../../../x86_64-linux-gnu/crtn.o]
    arg [/usr/lib/gcc/x86_64-linux-gnu/10/collect2] ==> ignore
    arg [-plugin] ==> ignore
    arg [/usr/lib/gcc/x86_64-linux-gnu/10/liblto_plugin.so] ==> ignore
    arg [-plugin-opt=/usr/lib/gcc/x86_64-linux-gnu/10/lto-wrapper] ==> ignore
    arg [-plugin-opt=-fresolution=/tmp/cc84wPRi.res] ==> ignore
    arg [-plugin-opt=-pass-through=-lgcc] ==> ignore
    arg [-plugin-opt=-pass-through=-lgcc_s] ==> ignore
    arg [-plugin-opt=-pass-through=-lc] ==> ignore
    arg [-plugin-opt=-pass-through=-lgcc] ==> ignore
    arg [-plugin-opt=-pass-through=-lgcc_s] ==> ignore
    arg [--build-id] ==> ignore
    arg [--eh-frame-hdr] ==> ignore
    arg [-m] ==> ignore
    arg [elf_x86_64] ==> ignore
    arg [--hash-style=gnu] ==> ignore
    arg [--as-needed] ==> ignore
    arg [-dynamic-linker] ==> ignore
    arg [/lib64/ld-linux-x86-64.so.2] ==> ignore
    arg [-pie] ==> ignore
    arg [-o] ==> ignore
    arg [cmTC_99e57] ==> ignore
    arg [/usr/lib/gcc/x86_64-linux-gnu/10/../../../x86_64-linux-gnu/Scrt1.o] ==> ignore
    arg [/usr/lib/gcc/x86_64-linux-gnu/10/../../../x86_64-linux-gnu/crti.o] ==> ignore
    arg [/usr/lib/gcc/x86_64-linux-gnu/10/crtbeginS.o] ==> ignore
    arg [-L/usr/lib/gcc/x86_64-linux-gnu/10] ==> dir [/usr/lib/gcc/x86_64-linux-gnu/10]
    arg [-L/usr/lib/gcc/x86_64-linux-gnu/10/../../../x86_64-linux-gnu] ==> dir [/usr/lib/gcc/x86_64-linux-gnu/10/../../../x86_64-linux-gnu]
    arg [-L/usr/lib/gcc/x86_64-linux-gnu/10/../../../../lib] ==> dir [/usr/lib/gcc/x86_64-linux-gnu/10/../../../../lib]
    arg [-L/lib/x86_64-linux-gnu] ==> dir [/lib/x86_64-linux-gnu]
    arg [-L/lib/../lib] ==> dir [/lib/../lib]
    arg [-L/usr/lib/x86_64-linux-gnu] ==> dir [/usr/lib/x86_64-linux-gnu]
    arg [-L/usr/lib/../lib] ==> dir [/usr/lib/../lib]
    arg [-L/usr/lib/gcc/x86_64-linux-gnu/10/../../..] ==> dir [/usr/lib/gcc/x86_64-linux-gnu/10/../../..]
    arg [CMakeFiles/cmTC_99e57.dir/CMakeCCompilerABI.c.o] ==> ignore
    arg [-lgcc] ==> lib [gcc]
    arg [--push-state] ==> ignore
    arg [--as-needed] ==> ignore
    arg [-lgcc_s] ==> lib [gcc_s]
    arg [--pop-state] ==> ignore
    arg [-lc] ==> lib [c]
    arg [-lgcc] ==> lib [gcc]
    arg [--push-state] ==> ignore
    arg [--as-needed] ==> ignore
    arg [-lgcc_s] ==> lib [gcc_s]
    arg [--pop-state] ==> ignore
    arg [/usr/lib/gcc/x86_64-linux-gnu/10/crtendS.o] ==> ignore
    arg [/usr/lib/gcc/x86_64-linux-gnu/10/../../../x86_64-linux-gnu/crtn.o] ==> ignore
  collapse library dir [/usr/lib/gcc/x86_64-linux-gnu/10] ==> [/usr/lib/gcc/x86_64-linux-gnu/10]
  collapse library dir [/usr/lib/gcc/x86_64-linux-gnu/10/../../../x86_64-linux-gnu] ==> [/usr/lib/x86_64-linux-gnu]
  collapse library dir [/usr/lib/gcc/x86_64-linux-gnu/10/../../../../lib] ==> [/usr/lib]
  collapse library dir [/lib/x86_64-linux-gnu] ==> [/lib/x86_64-linux-gnu]
  collapse library dir [/lib/../lib] ==> [/lib]
  collapse library dir [/usr/lib/x86_64-linux-gnu] ==> [/usr/lib/x86_64-linux-gnu]
  collapse library dir [/usr/lib/../lib] ==> [/usr/lib]
  collapse library dir [/usr/lib/gcc/x86_64-linux-gnu/10/../../..] ==> [/usr/lib]
  implicit libs: [gcc;gcc_s;c;gcc;gcc_s]
  implicit dirs: [/usr/lib/gcc/x86_64-linux-gnu/10;/usr/lib/x86_64-linux-gnu;/usr/lib;/lib/x86_64-linux-gnu;/lib]
  implicit fwks: []


Detecting CXX compiler ABI info compiled with the following output:
Change Dir: /home/ion/src/cuems/xjadeo/build/CMakeFiles/CMakeTmp

Run Build Command(s):/usr/bin/gmake cmTC_6aee5/fast && /usr/bin/gmake  -f CMakeFiles/cmTC_6aee5.dir/build.make CMakeFiles/cmTC_6aee5.dir/build
gmake[1]: Entering directory '/home/ion/src/cuems/xjadeo/build/CMakeFiles/CMakeTmp'
Building CXX object CMakeFiles/cmTC_6aee5.dir/CMakeCXXCompilerABI.cpp.o
/usr/bin/c++   -v -o CMakeFiles/cmTC_6aee5.dir/CMakeCXXCompilerABI.cpp.o -c /usr/share/cmake-3.18/Modules/CMakeCXXCompilerABI.cpp
Using built-in specs.
COLLECT_GCC=/usr/bin/c++
OFFLOAD_TARGET_NAMES=nvptx-none:amdgcn-amdhsa:hsa
OFFLOAD_TARGET_DEFAULT=1
Target: x86_64-linux-gnu
Configured with: ../src/configure -v --with-pkgversion='Debian 10.2.1-6' --with-bugurl=file:///usr/share/doc/gcc-10/README.Bugs --enable-languages=c,ada,c++,go,brig,d,fortran,objc,obj-c++,m2 --prefix=/usr --with-gcc-major-version-only --program-suffix=-10 --program-prefix=x86_64-linux-gnu- --enable-shared --enable-linker-build-id --libexecdir=/usr/lib --without-included-gettext --enable-threads=posix --libdir=/usr/lib --enable-nls --enable-bootstrap --enable-clocale=gnu --enable-libstdcxx-debug --enable-libstdcxx-time=yes --with-default-libstdcxx-abi=new --enable-gnu-unique-object --disable-vtable-verify --enable-plugin --enable-default-pie --with-system-zlib --enable-libphobos-checking=release --with-target-system-zlib=auto --enable-objc-gc=auto --enable-multiarch --disable-werror --with-arch-32=i686 --with-abi=m64 --with-multilib-list=m32,m64,mx32 --enable-multilib --with-tune=generic --enable-offload-targets=nvptx-none=/build/gcc-10-Km9U7s/gcc-10-10.2.1/debian/tmp-nvptx/usr,amdgcn-amdhsa=/build/gcc-10-Km9U7s/gcc-10-10.2.1/debian/tmp-gcn/usr,hsa --without-cuda-driver --enable-checking=release --build=x86_64-linux-gnu --host=x86_64-linux-gnu --target=x86_64-linux-gnu --with-build-config=bootstrap-lto-lean --enable-link-mutex
Thread model: posix
Supported LTO compression algorithms: zlib zstd
gcc version 10.2.1 20210110 (Debian 10.2.1-6) 
COLLECT_GCC_OPTIONS='-v' '-o' 'CMakeFiles/cmTC_6aee5.dir/CMakeCXXCompilerABI.cpp.o' '-c' '-shared-libgcc' '-mtune=generic' '-march=x86-64'
 /usr/lib/gcc/x86_64-linux-gnu/10/cc1plus -quiet -v -imultiarch x86_64-linux-gnu -D_GNU_SOURCE /usr/share/cmake-3.18/Modules/CMakeCXXCompilerABI.cpp -quiet -dumpbase CMakeCXXCompilerABI.cpp -mtune=generic -march=x86-64 -auxbase-strip CMakeFiles/cmTC_6aee5.dir/CMakeCXXCompilerABI.cpp.o -version -fasynchronous-unwind-tables -o /tmp/cchygseN.s
GNU C++14 (Debian 10.2.1-6) version 10.2.1 20210110 (x86_64-linux-gnu)
	compiled by GNU C version 10.2.1 20210110, GMP version 6.2.1, MPFR version 4.1.0, MPC version 1.2.0, isl version isl-0.23-GMP

GGC heuristics: --param ggc-min-expand=100 --param ggc-min-heapsize=131072
ignoring duplicate directory "/usr/include/x86_64-linux-gnu/c++/10"
ignoring nonexistent directory "/usr/local/include/x86_64-linux-gnu"
ignoring nonexistent directory "/usr/lib/gcc/x86_64-linux-gnu/10/include-fixed"
ignoring nonexistent directory "/usr/lib/gcc/x86_64-linux-gnu/10/../../../../x86_64-linux-gnu/include"
#include "..." search starts here:
#include <...> search starts here:
 /usr/include/c++/10
 /usr/include/x86_64-linux-gnu/c++/10
 /usr/include/c++/10/backward
 /usr/lib/gcc/x86_64-linux-gnu/10/include
 /usr/local/include
 /usr/include/x86_64-linux-gnu
 /usr/include
End of search list.
GNU C++14 (Debian 10.2.1-6) version 10.2.1 20210110 (x86_64-linux-gnu)
	compiled by GNU C version 10.2.1 20210110, GMP version 6.2.1, MPFR version 4.1.0, MPC version 1.2.0, isl version isl-0.23-GMP

GGC heuristics: --param ggc-min-expand=100 --param ggc-min-heapsize=131072
Compiler executable checksum: 048fcaee3460a99eb0d68522358720e1
COLLECT_GCC_OPTIONS='-v' '-o' 'CMakeFiles/cmTC_6aee5.dir/CMakeCXXCompilerABI.cpp.o' '-c' '-shared-libgcc' '-mtune=generic' '-march=x86-64'
 as -v --64 -o CMakeFiles/cmTC_6aee5.dir/CMakeCXXCompilerABI.cpp.o /tmp/cchygseN.s
GNU assembler version 2.35.2 (x86_64-linux-gnu) using BFD version (GNU Binutils for Debian) 2.35.2
COMPILER_PATH=/usr/lib/gcc/x86_64-linux-gnu/10/:/usr/lib/gcc/x86_64-linux-gnu/10/:/usr/lib/gcc/x86_64-linux-gnu/:/usr/lib/gcc/x86_64-linux-gnu/10/:/usr/lib/gcc/x86_64-linux-gnu/
LIBRARY_PATH=/usr/lib/gcc/x86_64-linux-gnu/10/:/usr/lib/gcc/x86_64-linux-gnu/10/../../../x86_64-linux-gnu/:/usr/lib/gcc/x86_64-linux-gnu/10/../../../../lib/:/lib/x86_64-linux-gnu/:/lib/../lib/:/usr/lib/x86_64-linux-gnu/:/usr/lib/../lib/:/usr/lib/gcc/x86_64-linux-gnu/10/../../../:/lib/:/usr/lib/
COLLECT_GCC_OPTIONS='-v' '-o' 'CMakeFiles/cmTC_6aee5.dir/CMakeCXXCompilerABI.cpp.o' '-c' '-shared-libgcc' '-mtune=generic' '-march=x86-64'
Linking CXX executable cmTC_6aee5
/usr/bin/cmake -E cmake_link_script CMakeFiles/cmTC_6aee5.dir/link.txt --verbose=1
/usr/bin/c++  -v CMakeFiles/cmTC_6aee5.dir/CMakeCXXCompilerABI.cpp.o -o cmTC_6aee5 
Using built-in specs.
COLLECT_GCC=/usr/bin/c++
COLLECT_LTO_WRAPPER=/usr/lib/gcc/x86_64-linux-gnu/10/lto-wrapper
OFFLOAD_TARGET_NAMES=nvptx-none:amdgcn-amdhsa:hsa
OFFLOAD_TARGET_DEFAULT=1
Target: x86_64-linux-gnu
Configured with: ../src/configure -v --with-pkgversion='Debian 10.2.1-6' --with-bugurl=file:///usr/share/doc/gcc-10/README.Bugs --enable-languages=c,ada,c++,go,brig,d,fortran,objc,obj-c++,m2 --prefix=/usr --with-gcc-major-version-only --program-suffix=-10 --program-prefix=x86_64-linux-gnu- --enable-shared --enable-linker-build-id --libexecdir=/usr/lib --without-included-gettext --enable-threads=posix --libdir=/usr/lib --enable-nls --enable-bootstrap --enable-clocale=gnu --enable-libstdcxx-debug --enable-libstdcxx-time=yes --with-default-libstdcxx-abi=new --enable-gnu-unique-object --disable-vtable-verify --enable-plugin --enable-default-pie --with-system-zlib --enable-libphobos-checking=release --with-target-system-zlib=auto --enable-objc-gc=auto --enable-multiarch --disable-werror --with-arch-32=i686 --with-abi=m64 --with-multilib-list=m32,m64,mx32 --enable-multilib --with-tune=generic --enable-offload-targets=nvptx-none=/build/gcc-10-Km9U7s/gcc-10-10.2.1/debian/tmp-nvptx/usr,amdgcn-amdhsa=/build/gcc-10-Km9U7s/gcc-10-10.2.1/debian/tmp-gcn/usr,hsa --without-cuda-driver --enable-checking=release --build=x86_64-linux-gnu --host=x86_64-linux-gnu --target=x86_64-linux-gnu --with-build-config=bootstrap-lto-lean --enable-link-mutex
Thread model: posix
Supported LTO compression algorithms: zlib zstd
gcc version 10.2.1 20210110 (Debian 10.2.1-6) 
COMPILER_PATH=/usr/lib/gcc/x86_64-linux-gnu/10/:/usr/lib/gcc/x86_64-linux-gnu/10/:/usr/lib/gcc/x86_64-linux-gnu/:/usr/lib/gcc/x86_64-linux-gnu/10/:/usr/lib/gcc/x86_64-linux-gnu/
LIBRARY_PATH=/usr/lib/gcc/x86_64-linux-gnu/10/:/usr/lib/gcc/x86_64-linux-gnu/10/../../../x86_64-linux-gnu/:/usr/lib/gcc/x86_64-linux-gnu/10/../../../../lib/:/lib/x86_64-linux-gnu/:/lib/../lib/:/usr/lib/x86_64-linux-gnu/:/usr/lib/../lib/:/usr/lib/gcc/x86_64-linux-gnu/10/../../../:/lib/:/usr/lib/
COLLECT_GCC_OPTIONS='-v' '-o' 'cmTC_6aee5' '-shared-libgcc' '-mtune=generic' '-march=x86-64'
 /usr/lib/gcc/x86_64-linux-gnu/10/collect2 -plugin /usr/lib/gcc/x86_64-linux-gnu/10/liblto_plugin.so -plugin-opt=/usr/lib/gcc/x86_64-linux-gnu/10/lto-wrapper -plugin-opt=-fresolution=/tmp/ccHNf6th.res -plugin-opt=-pass-through=-lgcc_s -plugin-opt=-pass-through=-lgcc -plugin-opt=-pass-through=-lc -plugin-opt=-pass-through=-lgcc_s -plugin-opt=-pass-through=-lgcc --build-id --eh-frame-hdr -m elf_x86_64 --hash-style=gnu --as-needed -dynamic-linker /lib64/ld-linux-x86-64.so.2 -pie -o cmTC_6aee5 /usr/lib/gcc/x86_64-linux-gnu/10/../../../x86_64-linux-gnu/Scrt1.o /usr/lib/gcc/x86_64-linux-gnu/10/../../../x86_64-linux-gnu/crti.o /usr/lib/gcc/x86_64-linux-gnu/10/crtbeginS.o -L/usr/lib/gcc/x86_64-linux-gnu/10 -L/usr/lib/gcc/x86_64-linux-gnu/10/../../../x86_64-linux-gnu -L/usr/lib/gcc/x86_64-linux-gnu/10/../../../../lib -L/lib/x86_64-linux-gnu -L/lib/../lib -L/usr/lib/x86_64-linux-gnu -L/usr/lib/../lib -L/usr/lib/gcc/x86_64-linux-gnu/10/../../.. CMakeFiles/cmTC_6aee5.dir/CMakeCXXCompilerABI.cpp.o -lstdc++ -lm -lgcc_s -lgcc -lc -lgcc_s -lgcc /usr/lib/gcc/x86_64-linux-gnu/10/crtendS.o /usr/lib/gcc/x86_64-linux-gnu/10/../../../x86_64-linux-gnu/crtn.o
COLLECT_GCC_OPTIONS='-v' '-o' 'cmTC_6aee5' '-shared-libgcc' '-mtune=generic' '-march=x86-64'
gmake[1]: Leaving directory '/home/ion/src/cuems/xjadeo/build/CMakeFiles/CMakeTmp'



Parsed CXX implicit include dir info from above output: rv=done
  found start of include info
  found start of implicit include info
    add: [/usr/include/c++/10]
    add: [/usr/include/x86_64-linux-gnu/c++/10]
    add: [/usr/include/c++/10/backward]
    add: [/usr/lib/gcc/x86_64-linux-gnu/10/include]
    add: [/usr/local/include]
    add: [/usr/include/x86_64-linux-gnu]
    add: [/usr/include]
  end of search list found
  collapse include dir [/usr/include/c++/10] ==> [/usr/include/c++/10]
  collapse include dir [/usr/include/x86_64-linux-gnu/c++/10] ==> [/usr/include/x86_64-linux-gnu/c++/10]
  collapse include dir [/usr/include/c++/10/backward] ==> [/usr/include/c++/10/backward]
  collapse include dir [/usr/lib/gcc/x86_64-linux-gnu/10/include] ==> [/usr/lib/gcc/x86_64-linux-gnu/10/include]
  collapse include dir [/usr/local/include] ==> [/usr/local/include]
  collapse include dir [/usr/include/x86_64-linux-gnu] ==> [/usr/include/x86_64-linux-gnu]
  collapse include dir [/usr/include] ==> [/usr/include]
  implicit include dirs: [/usr/include/c++/10;/usr/include/x86_64-linux-gnu/c++/10;/usr/include/c++/10/backward;/usr/lib/gcc/x86_64-linux-gnu/10/include;/usr/local/include;/usr/include/x86_64-linux-gnu;/usr/include]


Parsed CXX implicit link information from above output:
  link line regex: [^( *|.*[/\])(ld|CMAKE_LINK_STARTFILE-NOTFOUND|([^/\]+-)?ld|collect2)[^/\]*( |$)]
  ignore line: [Change Dir: /home/ion/src/cuems/xjadeo/build/CMakeFiles/CMakeTmp]
  ignore line: []
  ignore line: [Run Build Command(s):/usr/bin/gmake cmTC_6aee5/fast && /usr/bin/gmake  -f CMakeFiles/cmTC_6aee5.dir/build.make CMakeFiles/cmTC_6aee5.dir/build]
  ignore line: [gmake[1]: Entering directory '/home/ion/src/cuems/xjadeo/build/CMakeFiles/CMakeTmp']
  ignore line: [Building CXX object CMakeFiles/cmTC_6aee5.dir/CMakeCXXCompilerABI.cpp.o]
  ignore line: [/usr/bin/c++   -v -o CMakeFiles/cmTC_6aee5.dir/CMakeCXXCompilerABI.cpp.o -c /usr/share/cmake-3.18/Modules/CMakeCXXCompilerABI.cpp]
  ignore line: [Using built-in specs.]
  ignore line: [COLLECT_GCC=/usr/bin/c++]
  ignore line: [OFFLOAD_TARGET_NAMES=nvptx-none:amdgcn-amdhsa:hsa]
  ignore line: [OFFLOAD_TARGET_DEFAULT=1]
  ignore line: [Target: x86_64-linux-gnu]
  ignore line: [Configured with: ../src/configure -v --with-pkgversion='Debian 10.2.1-6' --with-bugurl=file:///usr/share/doc/gcc-10/README.Bugs --enable-languages=c ada c++ go brig d fortran objc obj-c++ m2 --prefix=/usr --with-gcc-major-version-only --program-suffix=-10 --program-prefix=x86_64-linux-gnu- --enable-shared --enable-linker-build-id --libexecdir=/usr/lib --without-included-gettext --enable-threads=posix --libdir=/usr/lib --enable-nls --enable-bootstrap --enable-clocale=gnu --enable-libstdcxx-debug --enable-libstdcxx-time=yes --with-default-libstdcxx-abi=new --enable-gnu-unique-object --disable-vtable-verify --enable-plugin --enable-default-pie --with-system-zlib --enable-libphobos-checking=release --with-target-system-zlib=auto --enable-objc-gc=auto --enable-multiarch --disable-werror --with-arch-32=i686 --with-abi=m64 --with-multilib-list=m32 m64 mx32 --enable-multilib --with-tune=generic --enable-offload-targets=nvptx-none=/build/gcc-10-Km9U7s/gcc-10-10.2.1/debian/tmp-nvptx/usr amdgcn-amdhsa=/build/gcc-10-Km9U7s/gcc-10-10.2.1/debian/tmp-gcn/usr hsa --without-cuda-driver --enable-checking=release --build=x86_64-linux-gnu --host=x86_64-linux-gnu --target=x86_64-linux-gnu --with-build-config=bootstrap-lto-lean --enable-link-mutex]
  ignore line: [Thread model: posix]
  ignore line: [Supported LTO compression algorithms: zlib zstd]
  ignore line: [gcc version 10.2.1 20210110 (Debian 10.2.1-6) ]
  ignore line: [COLLECT_GCC_OPTIONS='-v' '-o' 'CMakeFiles/cmTC_6aee5.dir/CMakeCXXCompilerABI.cpp.o' '-c' '-shared-libgcc' '-mtune=generic' '-march=x86-64']
  ignore line: [ /usr/lib/gcc/x86_64-linux-gnu/10/cc1plus -quiet -v -imultiarch x86_64-linux-gnu -D_GNU_SOURCE /usr/share/cmake-3.18/Modules/CMakeCXXCompilerABI.cpp -quiet -dumpbase CMakeCXXCompilerABI.cpp -mtune=generic -march=x86-64 -auxbase-strip CMakeFiles/cmTC_6aee5.dir/CMakeCXXCompilerABI.cpp.o -version -fasynchronous-unwind-tables -o /tmp/cchygseN.s]
  ignore line: [GNU C++14 (Debian 10.2.1-6) version 10.2.1 20210110 (x86_64-linux-gnu)]
  ignore line: [	compiled by GNU C version 10.2.1 20210110  GMP version 6.2.1  MPFR version 4.1.0  MPC version 1.2.0  isl version isl-0.23-GMP]
  ignore line: []
  ignore line: [GGC heuristics: --param ggc-min-expand=100 --param ggc-min-heapsize=131072]
  ignore line: [ignoring duplicate directory "/usr/include/x86_64-linux-gnu/c++/10"]
  ignore line: [ignoring nonexistent directory "/usr/local/include/x86_64-linux-gnu"]
  ignore line: [ignoring nonexistent directory "/usr/lib/gcc/x86_64-linux-gnu/10/include-fixed"]
  ignore line: [ignoring nonexistent directory "/usr/lib/gcc/x86_64-linux-gnu/10/../../../../x86_64-linux-gnu/include"]
  ignore line: [#include "..." search starts here:]
  ignore line: [#include <...> search starts here:]
  ignore line: [ /usr/include/c++/10]
  ignore line: [ /usr/include/x86_64-linux-gnu/c++/10]
  ignore line: [ /usr/include/c++/10/backward]
  ignore line: [ /usr/lib/gcc/x86_64-linux-gnu/10/include]
  ignore line: [ /usr/local/include]
  ignore line: [ /usr/include/x86_64-linux-gnu]
  ignore line: [ /usr/include]
  ignore line: [End of search list.]
  ignore line: [GNU C++14 (Debian 10.2.1-6) version 10.2.1 20210110 (x86_64-linux-gnu)]
  ignore line: [	compiled by GNU C version 10.2.1 20210110  GMP version 6.2.1  MPFR version 4.1.0  MPC version 1.2.0  isl version isl-0.23-GMP]
  ignore line: []
  ignore line: [GGC heuristics: --param ggc-min-expand=100 --param ggc-min-heapsize=131072]
  ignore line: [Compiler executable checksum: 048fcaee3460a99eb0d68522358720e1]
  ignore line: [COLLECT_GCC_OPTIONS='-v' '-o' 'CMakeFiles/cmTC_6aee5.dir/CMakeCXXCompilerABI.cpp.o' '-c' '-shared-libgcc' '-mtune=generic' '-march=x86-64']
  ignore line: [ as -v --64 -o CMakeFiles/cmTC_6aee5.dir/CMakeCXXCompilerABI.cpp.o /tmp/cchygseN.s]
  ignore line: [GNU assembler version 2.35.2 (x86_64-linux-gnu) using BFD version (GNU Binutils for Debian) 2.35.2]
  ignore line: [COMPILER_PATH=/usr/lib/gcc/x86_64-linux-gnu/10/:/usr/lib/gcc/x86_64-linux-gnu/10/:/usr/lib/gcc/x86_64-linux-gnu/:/usr/lib/gcc/x86_64-linux-gnu/10/:/usr/lib/gcc/x86_64-linux-gnu/]
  ignore line: [LIBRARY_PATH=/usr/lib/gcc/x86_64-linux-gnu/10/:/usr/lib/gcc/x86_64-linux-gnu/10/../../../x86_64-linux-gnu/:/usr/lib/gcc/x86_64-linux-gnu/10/../../../../lib/:/lib/x86_64-linux-gnu/:/lib/../lib/:/usr/lib/x86_64-linux-gnu/:/usr/lib/../lib/:/usr/lib/gcc/x86_64-linux-gnu/10/../../../:/lib/:/usr/lib/]
  ignore line: [COLLECT_GCC_OPTIONS='-v' '-o' 'CMakeFiles/cmTC_6aee5.dir/CMakeCXXCompilerABI.cpp.o' '-c' '-shared-libgcc' '-mtune=generic' '-march=x86-64']
  ignore line: [Linking CXX executable cmTC_6aee5]
  ignore line: [/usr/bin/cmake -E cmake_link_script CMakeFiles/cmTC_6aee5.dir/link.txt --verbose=1]
  ignore line: [/usr/bin/c++  -v CMakeFiles/cmTC_6aee5.dir/CMakeCXXCompilerABI.cpp.o -o cmTC_6aee5 ]
  ignore line: [Using built-in specs.]
  ignore line: [COLLECT_GCC=/usr/bin/c++]
  ignore line: [COLLECT_LTO_WRAPPER=/usr/lib/gcc/x86_64-linux-gnu/10/lto-wrapper]
  ignore line: [OFFLOAD_TARGET_NAMES=nvptx-none:amdgcn-amdhsa:hsa]
  ignore line: [OFFLOAD_TARGET_DEFAULT=1]
  ignore line: [Target: x86_64-linux-gnu]
  ignore line: [Configured with: ../src/configure -v --with-pkgversion='Debian 10.2.1-6' --with-bugurl=file:///usr/share/doc/gcc-10/README.Bugs --enable-languages=c ada c++ go brig d fortran objc obj-c++ m2 --prefix=/usr --with-gcc-major-version-only --program-suffix=-10 --program-prefix=x86_64-linux-gnu- --enable-shared --enable-linker-build-id --libexecdir=/usr/lib --without-included-gettext --enable-threads=posix --libdir=/usr/lib --enable-nls --enable-bootstrap --enable-clocale=gnu --enable-libstdcxx-debug --enable-libstdcxx-time=yes --with-default-libstdcxx-abi=new --enable-gnu-unique-object --disable-vtable-verify --enable-plugin --enable-default-pie --with-system-zlib --enable-libphobos-checking=release --with-target-system-zlib=auto --enable-objc-gc=auto --enable-multiarch --disable-werror --with-arch-32=i686 --with-abi=m64 --with-multilib-list=m32 m64 mx32 --enable-multilib --with-tune=generic --enable-offload-targets=nvptx-none=/build/gcc-10-Km9U7s/gcc-10-10.2.1/debian/tmp-nvptx/usr amdgcn-amdhsa=/build/gcc-10-Km9U7s/gcc-10-10.2.1/debian/tmp-gcn/usr hsa --without-cuda-driver --enable-checking=release --build=x86_64-linux-gnu --host=x86_64-linux-gnu --target=x86_64-linux-gnu --with-build-config=bootstrap-lto-lean --enable-link-mutex]
  ignore line: [Thread model: posix]
  ignore line: [Supported LTO compression algorithms: zlib zstd]
  ignore line: [gcc version 10.2.1 20210110 (Debian 10.2.1-6) ]
  ignore line: [COMPILER_PATH=/usr/lib/gcc/x86_64-linux-gnu/10/:/usr/lib/gcc/x86_64-linux-gnu/10/:/usr/lib/gcc/x86_64-linux-gnu/:/usr/lib/gcc/x86_64-linux-gnu/10/:/usr/lib/gcc/x86_64-linux-gnu/]
  ignore line: [LIBRARY_PATH=/usr/lib/gcc/x86_64-linux-gnu/10/:/usr/lib/gcc/x86_64-linux-gnu/10/../../../x86_64-linux-gnu/:/usr/lib/gcc/x86_64-linux-gnu/10/../../../../lib/:/lib/x86_64-linux-gnu/:/lib/../lib/:/usr/lib/x86_64-linux-gnu/:/usr/lib/../lib/:/usr/lib/gcc/x86_64-linux-gnu/10/../../../:/lib/:/usr/lib/]
  ignore line: [COLLECT_GCC_OPTIONS='-v' '-o' 'cmTC_6aee5' '-shared-libgcc' '-mtune=generic' '-march=x86-64']
  link line: [ /usr/lib/gcc/x86_64-linux-gnu/10/collect2 -plugin /usr/lib/gcc/x86_64-linux-gnu/10/liblto_plugin.so -plugin-opt=/usr/lib/gcc/x86_64-linux-gnu/10/lto-wrapper -plugin-opt=-fresolution=/tmp/ccHNf6th.res -plugin-opt=-pass-through=-lgcc_s -plugin-opt=-pass-through=-lgcc -plugin-opt=-pass-through=-lc -plugin-opt=-pass-through=-lgcc_s -plugin-opt=-pass-through=-lgcc --build-id --eh-frame-hdr -m elf_x86_64 --hash-style=gnu --as-needed -dynamic-linker /lib64/ld-linux-x86-64.so.2 -pie -o cmTC_6aee5 /usr/lib/gcc/x86_64-linux-gnu/10/../../../x86_64-linux-gnu/Scrt1.o /usr/lib/gcc/x86_64-linux-gnu/10/../../../x86_64-linux-gnu/crti.o /usr/lib/gcc/x86_64-linux-gnu/10/crtbeginS.o -L/usr/lib/gcc/x86_64-linux-gnu/10 -L/usr/lib/gcc/x86_64-linux-gnu/10/../../../x86_64-linux-gnu -L/usr/lib/gcc/x86_64-linux-gnu/10/../../../../lib -L/lib/x86_64-linux-gnu -L/lib/../lib -L/usr/lib/x86_64-linux-gnu -L/usr/lib/../lib -L/usr/lib/gcc/x86_64-linux-gnu/10/../../.. CMakeFiles/cmTC_6aee5.dir/CMakeCXXCompilerABI.cpp.o -lstdc++ -lm -lgcc_s -lgcc -lc -lgcc_s -lgcc /usr/lib/gcc/x86_64-linux-gnu/10/crtendS.o /usr/lib/gcc/x86_64-linux-gnu/10/../../../x86_64-linux-gnu/crtn.o]
    arg [/usr/lib/gcc/x86_64-linux-gnu/10/collect2] ==> ignore
    arg [-plugin] ==> ignore
    arg [/usr/lib/gcc/x86_64-linux-gnu/10/liblto_plugin.so] ==> ignore
    arg [-plugin-opt=/usr/lib/gcc/x86_64-linux-gnu/10/lto-wrapper] ==> ignore
    arg [-plugin-opt=-fresolution=/tmp/ccHNf6th.res] ==> ignore
    arg [-plugin-opt=-pass-through=-lgcc_s] ==> ignore
    arg [-plugin-opt=-pass-through=-lgcc] ==> ignore
    arg [-plugin-opt=-pass-through=-lc] ==> ignore
    arg [-plugin-opt=-pass-through=-lgcc_s] ==> ignore
    arg [-plugin-opt=-pass-through=-lgcc] ==> ignore
    arg [--build-id] ==> ignore
    arg [--eh-frame-hdr] ==> ignore
    arg [-m] ==> ignore
    arg [elf_x86_64] ==> ignore
    arg [--hash-style=gnu] ==> ignore
    arg [--as-needed] ==> ignore
    arg [-dynamic-linker] ==> ignore
    arg [/lib64/ld-linux-x86-64.so.2] ==> ignore
    arg [-pie] ==> ignore
    arg [-o] ==> ignore
    arg [cmTC_6aee5] ==> ignore
    arg [/usr/lib/gcc/x86_64-linux-gnu/10/../../../x86_64-linux-gnu/Scrt1.o] ==> ignore
    arg [/usr/lib/gcc/x86_64-linux-gnu/10/../../../x86_64-linux-gnu/crti.o] ==> ignore
    arg [/usr/lib/gcc/x86_64-linux-gnu/10/crtbeginS.o] ==> ignore
    arg [-L/usr/lib/gcc/x86_64-linux-gnu/10] ==> dir [/usr/lib/gcc/x86_64-linux-gnu/10]
    arg [-L/usr/lib/gcc/x86_64-linux-gnu/10/../../../x86_64-linux-gnu] ==> dir [/usr/lib/gcc/x86_64-linux-gnu/10/../../../x86_64-linux-gnu]
    arg [-L/usr/lib/gcc/x86_64-linux-gnu/10/../../../../lib] ==> dir [/usr/lib/gcc/x86_64-linux-gnu/10/../../../../lib]
    arg [-L/lib/x86_64-linux-gnu] ==> dir [/lib/x86_64-linux-gnu]
    arg [-L/lib/../lib] ==> dir [/lib/../lib]
    arg [-L/usr/lib/x86_64-linux-gnu] ==> dir [/usr/lib/x86_64-linux-gnu]
    arg [-L/usr/lib/../lib] ==> dir [/usr/lib/../lib]
    arg [-L/usr/lib/gcc/x86_64-linux-gnu/10/../../..] ==> dir [/usr/lib/gcc/x86_64-linux-gnu/10/../../..]
    arg [CMakeFiles/cmTC_6aee5.dir/CMakeCXXCompilerABI.cpp.o] ==> ignore
    arg [-lstdc++] ==> lib [stdc++]
    arg [-lm] ==> lib [m]
    arg [-lgcc_s] ==> lib [gcc_s]
    arg [-lgcc] ==> lib [gcc]
    arg [-lc] ==> lib [c]
    arg [-lgcc_s] ==> lib [gcc_s]
    arg [-lgcc] ==> lib [gcc]
    arg [/usr/lib/gcc/x86_64-linux-gnu/10/crtendS.o] ==> ignore
    arg [/usr/lib/gcc/x86_64-linux-gnu/10/../../../x86_64-linux-gnu/crtn.o] ==> ignore
  collapse library dir [/usr/lib/gcc/x86_64-linux-gnu/10] ==> [/usr/lib/gcc/x86_64-linux-gnu/10]
  collapse library dir [/usr/lib/gcc/x86_64-linux-gnu/10/../../../x86_64-linux-gnu] ==> [/usr/lib/x86_64-linux-gnu]
  collapse library dir [/usr/lib/gcc/x86_64-linux-gnu/10/../../../../lib] ==> [/usr/lib]
  collapse library dir [/lib/x86_64-linux-gnu] ==> [/lib/x86_64-linux-gnu]
  collapse library dir [/lib/../lib] ==> [/lib]
  collapse library dir [/usr/lib/x86_64-linux-gnu] ==> [/usr/lib/x86_64-linux-gnu]
  collapse library dir [/usr/lib/../lib] ==> [/usr/lib]
  collapse library dir [/usr/lib/gcc/x86_64-linux-gnu/10/../../..] ==> [/usr/lib]
  implicit libs: [stdc++;m;gcc_s;gcc;c;gcc_s;gcc]
  implicit dirs: [/usr/lib/gcc/x86_64-linux-gnu/10;/usr/lib/x86_64-linux-gnu;/usr/lib;/lib/x86_64-linux-gnu;/lib]
  implicit fwks: []


Determining if the function XOpenDisplay exists in the /usr/lib/x86_64-linux-gnu/libX11.so;/usr/lib/x86_64-linux-gnu/libXext.so passed with the following output:
Change Dir: /home/ion/src/cuems/xjadeo/build/CMakeFiles/CMakeTmp

Run Build Command(s):/usr/bin/gmake cmTC_fd137/fast && /usr/bin/gmake  -f CMakeFiles/cmTC_fd137.dir/build.make CMakeFiles/cmTC_fd137.dir/build
gmake[1]: Entering directory '/home/ion/src/cuems/xjadeo/build/CMakeFiles/CMakeTmp'
Building C object CMakeFiles/cmTC_fd137.dir/CheckFunctionExists.c.o
/usr/bin/cc   -Wall -g -O3 -pthread -DCHECK_FUNCTION_EXISTS=XOpenDisplay -o CMakeFiles/cmTC_fd137.dir/CheckFunctionExists.c.o -c /usr/share/cmake-3.18/Modules/CheckFunctionExists.c
Linking C executable cmTC_fd137
/usr/bin/cmake -E cmake_link_script CMakeFiles/cmTC_fd137.dir/link.txt --verbose=1
/usr/bin/cc  -Wall -g -O3 -pthread -DCHECK_FUNCTION_EXISTS=XOpenDisplay CMakeFiles/cmTC_fd137.dir/CheckFunctionExists.c.o -o cmTC_fd137  /usr/lib/x86_64-linux-gnu/libX11.so /usr/lib/x86_64-linux-gnu/libXext.so 
gmake[1]: Leaving directory '/home/ion/src/cuems/xjadeo/build/CMakeFiles/CMakeTmp'



Determining if the function gethostbyname exists passed with the following output:
Change Dir: /home/ion/src/cuems/xjadeo/build/CMakeFiles/CMakeTmp

Run Build Command(s):/usr/bin/gmake cmTC_b2b9e/fast && /usr/bin/gmake  -f CMakeFiles/cmTC_b2b9e.dir/build.make CMakeFiles/cmTC_b2b9e.dir/build
gmake[1]: Entering directory '/home/ion/src/cuems/xjadeo/build/CMakeFiles/CMakeTmp'
Building C object CMakeFiles/cmTC_b2b9e.dir/CheckFunctionExists.c.o
/usr/bin/cc   -Wall -g -O3 -pthread -DCHECK_FUNCTION_EXISTS=gethostbyname -o CMakeFiles/cmTC_b2b9e.dir/CheckFunctionExists.c.o -c /usr/share/cmake-3.18/Modules/CheckFunctionExists.c
Linking C executable cmTC_b2b9e
/usr/bin/cmake -E cmake_link_script CMakeFiles/cmTC_b2b9e.dir/link.txt --verbose=1
/usr/bin/cc  -Wall -g -O3 -pthread -DCHECK_FUNCTION_EXISTS=gethostbyname CMakeFiles/cmTC_b2b9e.dir/CheckFunctionExists.c.o -o cmTC_b2b9e 
gmake[1]: Leaving directory '/home/ion/src/cuems/xjadeo/build/CMakeFiles/CMakeTmp'



Determining if the function connect exists passed with the following output:
Change Dir: /home/ion/src/cuems/xjadeo/build/CMakeFiles/CMakeTmp

Run Build Command(s):/usr/bin/gmake cmTC_b08a3/fast && /usr/bin/gmake  -f CMakeFiles/cmTC_b08a3.dir/build.make CMakeFiles/cmTC_b08a3.dir/build
gmake[1]: Entering directory '/home/ion/src/cuems/xjadeo/build/CMakeFiles/CMakeTmp'
Building C object CMakeFiles/cmTC_b08a3.dir/CheckFunctionExists.c.o
/usr/bin/cc   -Wall -g -O3 -pthread -DCHECK_FUNCTION_EXISTS=connect -o CMakeFiles/cmTC_b08a3.dir/CheckFunctionExists.c.o -c /usr/share/cmake-3.18/Modules/CheckFunctionExists.c
Linking C executable cmTC_b08a3
/usr/bin/cmake -E cmake_link_script CMakeFiles/cmTC_b08a3.dir/link.txt --verbose=1
/usr/bin/cc  -Wall -g -O3 -pthread -DCHECK_FUNCTION_EXISTS=connect CMakeFiles/cmTC_b08a3.dir/CheckFunctionExists.c.o -o cmTC_b08a3 
gmake[1]: Leaving directory '/home/ion/src/cuems/xjadeo/build/CMakeFiles/CMakeTmp'



Determining if the function remove exists passed with the following output:
Change Dir: /home/ion/src/cuems/xjadeo/build/CMakeFiles/CMakeTmp

Run Build Command(s):/usr/bin/gmake cmTC_e4d70/fast && /usr/bin/gmake  -f CMakeFiles/cmTC_e4d70.dir/build.make CMakeFiles/cmTC_e4d70.dir/build
gmake[1]: Entering directory '/home/ion/src/cuems/xjadeo/build/CMakeFiles/CMakeTmp'
Building C object CMakeFiles/cmTC_e4d70.dir/CheckFunctionExists.c.o
/usr/bin/cc   -Wall -g -O3 -pthread -DCHECK_FUNCTION_EXISTS=remove -o CMakeFiles/cmTC_e4d70.dir/CheckFunctionExists.c.o -c /usr/share/cmake-3.18/Modules/CheckFunctionExists.c
Linking C executable cmTC_e4d70
/usr/bin/cmake -E cmake_link_script CMakeFiles/cmTC_e4d70.dir/link.txt --verbose=1
/usr/bin/cc  -Wall -g -O3 -pthread -DCHECK_FUNCTION_EXISTS=remove CMakeFiles/cmTC_e4d70.dir/CheckFunctionExists.c.o -o cmTC_e4d70 
gmake[1]: Leaving directory '/home/ion/src/cuems/xjadeo/build/CMakeFiles/CMakeTmp'



Determining if the function shmat exists passed with the following output:
Change Dir: /home/ion/src/cuems/xjadeo/build/CMakeFiles/CMakeTmp

Run Build Command(s):/usr/bin/gmake cmTC_70180/fast && /usr/bin/gmake  -f CMakeFiles/cmTC_70180.dir/build.make CMakeFiles/cmTC_70180.dir/build
gmake[1]: Entering directory '/home/ion/src/cuems/xjadeo/build/CMakeFiles/CMakeTmp'
Building C object CMakeFiles/cmTC_70180.dir/CheckFunctionExists.c.o
/usr/bin/cc   -Wall -g -O3 -pthread -DCHECK_FUNCTION_EXISTS=shmat -o CMakeFiles/cmTC_70180.dir/CheckFunctionExists.c.o -c /usr/share/cmake-3.18/Modules/CheckFunctionExists.c
Linking C executable cmTC_70180
/usr/bin/cmake -E cmake_link_script CMakeFiles/cmTC_70180.dir/link.txt --verbose=1
/usr/bin/cc  -Wall -g -O3 -pthread -DCHECK_FUNCTION_EXISTS=shmat CMakeFiles/cmTC_70180.dir/CheckFunctionExists.c.o -o cmTC_70180 
gmake[1]: Leaving directory '/home/ion/src/cuems/xjadeo/build/CMakeFiles/CMakeTmp'



Determining if the function IceConnectionNumber exists in the ICE passed with the following output:
Change Dir: /home/ion/src/cuems/xjadeo/build/CMakeFiles/CMakeTmp

Run Build Command(s):/usr/bin/gmake cmTC_57d31/fast && /usr/bin/gmake  -f CMakeFiles/cmTC_57d31.dir/build.make CMakeFiles/cmTC_57d31.dir/build
gmake[1]: Entering directory '/home/ion/src/cuems/xjadeo/build/CMakeFiles/CMakeTmp'
Building C object CMakeFiles/cmTC_57d31.dir/CheckFunctionExists.c.o
/usr/bin/cc   -Wall -g -O3 -pthread -DCHECK_FUNCTION_EXISTS=IceConnectionNumber -o CMakeFiles/cmTC_57d31.dir/CheckFunctionExists.c.o -c /usr/share/cmake-3.18/Modules/CheckFunctionExists.c
Linking C executable cmTC_57d31
/usr/bin/cmake -E cmake_link_script CMakeFiles/cmTC_57d31.dir/link.txt --verbose=1
/usr/bin/cc  -Wall -g -O3 -pthread -DCHECK_FUNCTION_EXISTS=IceConnectionNumber CMakeFiles/cmTC_57d31.dir/CheckFunctionExists.c.o -o cmTC_57d31  -lICE 
gmake[1]: Leaving directory '/home/ion/src/cuems/xjadeo/build/CMakeFiles/CMakeTmp'



